,date,code,open,high,low,close,preclose,volume,amount,pctChg,peTTM,pbMRQ,psTTM,pcfNcfTTM
0,2012-01-04,sh.000912,6089.6340,6093.7550,5847.5410,5848.7200,6082.0370,101957500,3026860000.0000,-3.836164,,,,
1,2012-01-05,sh.000912,5818.5730,5818.5730,5723.3750,5756.5700,5848.7200,120167700,2707170000.0000,-1.575565,,,,
2,2012-01-06,sh.000912,5755.4490,5815.0270,5705.6840,5797.1470,5756.5700,98709000,2297390000.0000,0.704884,,,,
3,2012-01-09,sh.000912,5798.8290,5887.5950,5663.5750,5886.0670,5797.1470,146869800,3264160000.0000,1.533857,,,,
4,2012-01-10,sh.000912,5856.8320,6098.7980,5841.5730,6094.2940,5886.0670,278266300,5988100000.0000,3.537626,,,,
5,2012-01-11,sh.000912,6071.2800,6102.9870,6028.4930,6055.7430,6094.2940,250511200,5674080000.0000,-0.632572,,,,
6,2012-01-12,sh.000912,6030.6180,6095.3410,6009.4540,6009.4540,6055.7430,153914500,3879170000.0000,-0.764383,,,,
7,2012-01-13,sh.000912,6022.5480,6048.4670,5867.5550,5904.4200,6009.4540,150382300,3490690000.0000,-1.747816,,,,
8,2012-01-16,sh.000912,5867.7120,5867.7120,5604.7660,5622.2670,5904.4200,139311500,4059150000.0000,-4.778672,,,,
9,2012-01-17,sh.000912,5626.7260,5843.9510,5511.3420,5803.9830,5622.2670,192064600,5132100000.0000,3.232074,,,,
10,2012-01-18,sh.000912,5813.4630,5842.7510,5580.6450,5595.2080,5803.9830,203502400,4430810000.0000,-3.597097,,,,
11,2012-01-19,sh.000912,5607.0150,5743.6790,5558.8250,5699.5000,5595.2080,173520500,3506960000.0000,1.863952,,,,
12,2012-01-20,sh.000912,5723.9280,5875.6410,5723.6040,5870.0290,5699.5000,161390100,3671300000.0000,2.991996,,,,
13,2012-01-30,sh.000912,5885.1860,5887.5010,5758.2290,5792.7270,5870.0290,153089300,3623690000.0000,-1.316889,,,,
14,2012-01-31,sh.000912,5811.8580,5860.1240,5803.2960,5856.7550,5792.7270,114971600,2902030000.0000,1.105314,,,,
15,2012-02-01,sh.000912,5847.7830,5958.6510,5824.2070,5870.9350,5856.7550,157619700,3733770000.0000,0.242117,,,,
16,2012-02-02,sh.000912,5894.1850,5926.8390,5846.0720,5922.9250,5870.9350,168343900,3419660000.0000,0.885544,,,,
17,2012-02-03,sh.000912,5911.0270,5959.0930,5852.0400,5945.7160,5922.9250,185520500,3812300000.0000,0.384793,,,,
18,2012-02-06,sh.000912,5948.8770,6034.3080,5941.0960,6030.6210,5945.7160,172190500,3908080000.0000,1.428008,,,,
19,2012-02-07,sh.000912,6001.7260,6017.6640,5922.8970,5952.9680,6030.6210,107815700,2401940000.0000,-1.287650,,,,
20,2012-02-08,sh.000912,5943.9340,6088.7920,5925.7050,6061.5220,5952.9680,170860200,3848800000.0000,1.823531,,,,
21,2012-02-09,sh.000912,6054.5340,6123.1600,6048.5160,6087.2730,6061.5220,198494900,4408430000.0000,0.424827,,,,
22,2012-02-10,sh.000912,6057.2840,6142.6270,6049.4680,6118.3260,6087.2730,205057800,4686510000.0000,0.510134,,,,
23,2012-02-13,sh.000912,6071.2820,6251.3370,6063.4380,6206.0180,6118.3260,217497100,5380750000.0000,1.433266,,,,
24,2012-02-14,sh.000912,6197.1710,6233.2020,6167.0930,6205.1570,6206.0180,163884500,3971880000.0000,-0.013871,,,,
25,2012-02-15,sh.000912,6184.7680,6284.8650,6184.4890,6255.6970,6205.1570,170322000,4114610000.0000,0.814477,,,,
26,2012-02-16,sh.000912,6229.3310,6245.9030,6153.1980,6183.5780,6255.6970,184912400,4338770000.0000,-1.152848,,,,
27,2012-02-17,sh.000912,6221.3360,6241.7360,6158.7490,6184.5070,6183.5780,168739100,4017550000.0000,0.015019,,,,
28,2012-02-20,sh.000912,6243.2650,6244.0670,6169.0790,6169.0790,6184.5070,169732800,4276850000.0000,-0.249458,,,,
29,2012-02-21,sh.000912,6195.4350,6231.2340,6145.2820,6226.6980,6169.0790,164809700,3964170000.0000,0.933999,,,,
30,2012-02-22,sh.000912,6234.4280,6295.6050,6211.9010,6294.8450,6226.6980,219736500,5434120000.0000,1.094432,,,,
31,2012-02-23,sh.000912,6287.2160,6376.0600,6274.9680,6360.1000,6294.8450,261466400,6649290000.0000,1.036640,,,,
32,2012-02-24,sh.000912,6360.0580,6438.8480,6354.6420,6433.7440,6360.1000,270406400,7002160000.0000,1.157907,,,,
33,2012-02-27,sh.000912,6443.0240,6530.6160,6443.0240,6461.3340,6433.7440,296746100,6769380000.0000,0.428830,,,,
34,2012-02-28,sh.000912,6462.6680,6542.2630,6458.1680,6523.7150,6461.3340,278267500,6546680000.0000,0.965449,,,,
35,2012-02-29,sh.000912,6520.9510,6605.5980,6505.9500,6553.8730,6523.7150,223815100,6156880000.0000,0.462286,,,,
36,2012-03-01,sh.000912,6533.6550,6583.5500,6500.0530,6515.1050,6553.8730,155166600,3857640000.0000,-0.591529,,,,
37,2012-03-02,sh.000912,6518.3460,6542.9090,6503.3610,6542.5410,6515.1050,176775600,4583060000.0000,0.421114,,,,
38,2012-03-05,sh.000912,6557.7210,6568.3900,6495.6040,6508.8640,6542.5410,187606200,4721350000.0000,-0.514743,,,,
39,2012-03-06,sh.000912,6489.5510,6509.4950,6436.4260,6438.6710,6508.8640,178014900,4492010000.0000,-1.078420,,,,
40,2012-03-07,sh.000912,6402.1690,6488.7730,6399.8700,6431.0930,6438.6710,241342400,6035670000.0000,-0.117697,,,,
41,2012-03-08,sh.000912,6439.5060,6507.0560,6439.2680,6478.6260,6431.0930,161896800,4004750000.0000,0.739116,,,,
42,2012-03-09,sh.000912,6490.9690,6642.2020,6484.4120,6642.2020,6478.6260,186328100,4794970000.0000,2.524859,,,,
43,2012-03-12,sh.000912,6635.4690,6673.1980,6590.3710,6657.6400,6642.2020,200648000,4950890000.0000,0.232423,,,,
44,2012-03-13,sh.000912,6663.7690,6766.1330,6655.6170,6760.2030,6657.6400,332527500,5491130000.0000,1.540531,,,,
45,2012-03-14,sh.000912,6773.4140,6820.8680,6572.1360,6604.0070,6760.2030,491628600,8754880000.0000,-2.310527,,,,
46,2012-03-15,sh.000912,6605.3470,6694.3990,6605.3470,6641.3420,6604.0070,284260300,6259640000.0000,0.565338,,,,
47,2012-03-16,sh.000912,6665.0530,6869.4830,6664.0610,6868.6360,6641.3420,312944000,7293130000.0000,3.422417,,,,
48,2012-03-19,sh.000912,6868.1570,6940.7770,6801.4830,6834.0300,6868.6360,321642600,7032240000.0000,-0.503833,,,,
49,2012-03-20,sh.000912,6805.6260,6810.6180,6703.7130,6718.2610,6834.0300,233377200,4707030000.0000,-1.694001,,,,
50,2012-03-21,sh.000912,6728.8350,6747.8420,6603.9640,6649.4150,6718.2610,187457200,3749600000.0000,-1.024762,,,,
51,2012-03-22,sh.000912,6634.8880,6681.7330,6612.6490,6644.7870,6649.4150,221607100,4839230000.0000,-0.069599,,,,
52,2012-03-23,sh.000912,6643.6880,6705.1700,6624.4390,6650.6370,6644.7870,178315900,4707040000.0000,0.088040,,,,
53,2012-03-26,sh.000912,6635.1280,6744.1070,6635.1280,6743.3040,6650.6370,150330200,3925710000.0000,1.393355,,,,
54,2012-03-27,sh.000912,6674.6280,6698.0730,6478.1650,6481.0200,6743.3040,221543500,6816710000.0000,-3.889550,,,,
55,2012-03-28,sh.000912,6440.9310,6497.5630,6321.3180,6353.0620,6481.0200,248618100,6496710000.0000,-1.974350,,,,
56,2012-03-29,sh.000912,6337.9760,6424.8970,6306.7560,6321.2670,6353.0620,167612500,4262110000.0000,-0.500466,,,,
57,2012-03-30,sh.000912,6327.6540,6351.7160,6181.0170,6210.4480,6321.2670,139880200,3788870000.0000,-1.753111,,,,
58,2012-04-05,sh.000912,6198.0750,6448.9680,6173.4370,6429.1540,6210.4480,164040700,4222720000.0000,3.521575,,,,
59,2012-04-06,sh.000912,6431.8380,6519.7130,6418.1230,6518.5390,6429.1540,133960900,3911070000.0000,1.390311,,,,
60,2012-04-09,sh.000912,6505.9970,6505.9970,6455.4870,6493.2640,6518.5390,153974300,3290330000.0000,-0.387739,,,,
61,2012-04-10,sh.000912,6489.1050,6497.8740,6364.2180,6497.2930,6493.2640,156712200,3517610000.0000,0.062046,,,,
62,2012-04-11,sh.000912,6428.2780,6577.3980,6410.2130,6503.8900,6497.2930,126426900,3070510000.0000,0.101537,,,,
63,2012-04-12,sh.000912,6493.1770,6600.1680,6466.3350,6597.8060,6503.8900,180012500,4187870000.0000,1.443998,,,,
64,2012-04-13,sh.000912,6611.4830,6629.0120,6571.1090,6586.5900,6597.8060,182749200,3976290000.0000,-0.170001,,,,
65,2012-04-16,sh.000912,6570.9520,6619.8270,6552.5620,6569.6530,6586.5900,176950900,3759430000.0000,-0.257144,,,,
66,2012-04-17,sh.000912,6562.6010,6578.6180,6493.5340,6501.7820,6569.6530,167499700,3488600000.0000,-1.033093,,,,
67,2012-04-18,sh.000912,6510.0710,6576.0240,6460.0930,6565.0210,6501.7820,247153700,5241080000.0000,0.972637,,,,
68,2012-04-19,sh.000912,6549.5500,6549.5500,6407.8220,6461.2150,6565.0210,197081300,4709440000.0000,-1.581201,,,,
69,2012-04-20,sh.000912,6458.9040,6539.4560,6454.5580,6534.0650,6461.2150,189453300,3270500000.0000,1.127498,,,,
70,2012-04-23,sh.000912,6548.8740,6571.8580,6467.9290,6497.9770,6534.0650,208609300,4436420000.0000,-0.552304,,,,
71,2012-04-24,sh.000912,6493.5090,6525.7280,6390.5720,6477.3100,6497.9770,235925300,4645570000.0000,-0.318053,,,,
72,2012-04-25,sh.000912,6473.5280,6503.0790,6452.5490,6502.6810,6477.3100,183060800,3375490000.0000,0.391692,,,,
73,2012-04-26,sh.000912,6523.4080,6569.7390,6496.5420,6564.7460,6502.6810,197004100,4347040000.0000,0.954452,,,,
74,2012-04-27,sh.000912,6567.6490,6697.0070,6563.7250,6673.8690,6564.7460,191670200,5234060000.0000,1.662258,,,,
75,2012-05-02,sh.000912,6730.1730,6749.9410,6676.0150,6738.3210,6673.8690,223849200,5685290000.0000,0.965732,,,,
76,2012-05-03,sh.000912,6739.2860,6802.1770,6730.3850,6795.0060,6738.3210,226475900,5345080000.0000,0.841234,,,,
77,2012-05-04,sh.000912,6788.0760,6951.8130,6785.9260,6950.8070,6795.0060,233372400,5910990000.0000,2.292879,,,,
78,2012-05-07,sh.000912,6946.9940,7024.3420,6938.9780,7013.4410,6950.8070,292276700,6962420000.0000,0.901101,,,,
79,2012-05-08,sh.000912,7006.4370,7006.4370,6876.6040,6957.5490,7013.4410,221355800,5698150000.0000,-0.796928,,,,
80,2012-05-09,sh.000912,6888.6440,6894.2550,6800.0360,6850.8560,6957.5490,197935000,4832200000.0000,-1.533484,,,,
81,2012-05-10,sh.000912,6850.7060,6861.8530,6791.9730,6815.3160,6850.8560,194678800,4179680000.0000,-0.518768,,,,
82,2012-05-11,sh.000912,6809.2280,6848.4350,6767.1380,6795.7060,6815.3160,184493400,4048420000.0000,-0.287732,,,,
83,2012-05-14,sh.000912,6812.2250,6815.2080,6663.2850,6671.0700,6795.7060,194857600,4815630000.0000,-1.834044,,,,
84,2012-05-15,sh.000912,6630.5270,6705.5700,6612.7910,6702.6340,6671.0700,195784800,3634450000.0000,0.473147,,,,
85,2012-05-16,sh.000912,6681.7600,6687.1610,6573.3440,6580.1420,6702.6340,169000700,3714450000.0000,-1.827516,,,,
86,2012-05-17,sh.000912,6575.4360,6628.8100,6559.3540,6616.4300,6580.1420,131591300,3438660000.0000,0.551479,,,,
87,2012-05-18,sh.000912,6581.5180,6584.5430,6499.4240,6525.9150,6616.4300,142956900,3523080000.0000,-1.368036,,,,
88,2012-05-21,sh.000912,6517.2310,6691.5500,6515.1230,6656.9630,6525.9150,134095300,3843970000.0000,2.008115,,,,
89,2012-05-22,sh.000912,6680.8110,6767.1290,6680.8110,6763.1950,6656.9630,152208400,4484930000.0000,1.595802,,,,
90,2012-05-23,sh.000912,6748.5750,6777.4110,6693.6680,6737.2030,6763.1950,210093400,5201380000.0000,-0.384311,,,,
91,2012-05-24,sh.000912,6716.6640,6732.5690,6479.8990,6522.6650,6737.2030,316344200,7944650000.0000,-3.184379,,,,
92,2012-05-25,sh.000912,6514.7300,6515.4660,6421.3090,6440.1750,6522.6650,192488700,5084790000.0000,-1.264671,,,,
93,2012-05-28,sh.000912,6407.5360,6550.0310,6391.2630,6548.6040,6440.1750,152017300,3923440000.0000,1.683637,,,,
94,2012-05-29,sh.000912,6535.3610,6583.7060,6494.8830,6573.2940,6548.6040,194617500,4334090000.0000,0.377026,,,,
95,2012-05-30,sh.000912,6584.6340,6621.2400,6561.1340,6569.8290,6573.2940,191369200,4887160000.0000,-0.052711,,,,
96,2012-05-31,sh.000912,6528.9770,6643.5670,6523.3530,6630.0410,6569.8290,157815900,4685580000.0000,0.916491,,,,
97,2012-06-01,sh.000912,6636.6160,6739.0250,6636.5260,6679.0120,6630.0410,198654700,5639000000.0000,0.738626,,,,
98,2012-06-04,sh.000912,6602.6580,6672.6370,6573.7040,6574.9350,6679.0120,176497900,4215540000.0000,-1.558272,,,,
99,2012-06-05,sh.000912,6593.3010,6656.9060,6576.5910,6627.8320,6574.9350,122304800,3342750000.0000,0.804525,,,,
100,2012-06-06,sh.000912,6634.9260,6650.6520,6544.5620,6568.3090,6627.8320,115676200,2924920000.0000,-0.898076,,,,
101,2012-06-07,sh.000912,6604.6570,6632.4720,6546.2460,6569.4140,6568.3090,121108300,2761680000.0000,0.016823,,,,
102,2012-06-08,sh.000912,6605.5150,6605.5150,6513.6380,6539.7350,6569.4140,117297700,2805830000.0000,-0.451779,,,,
103,2012-06-11,sh.000912,6542.8410,6564.0250,6463.3600,6523.4810,6539.7350,116187500,3400550000.0000,-0.248541,,,,
104,2012-06-12,sh.000912,6501.0750,6511.1880,6463.7010,6491.7100,6523.4810,108748300,2715190000.0000,-0.487025,,,,
105,2012-06-13,sh.000912,6498.9660,6659.5770,6498.9660,6657.8860,6491.7100,183600000,4496450000.0000,2.559823,,,,
106,2012-06-14,sh.000912,6649.1120,6799.5210,6639.1850,6746.3580,6657.8860,202268500,5532670000.0000,1.328825,,,,
107,2012-06-15,sh.000912,6689.4110,6713.6590,6594.0340,6661.5530,6746.3580,152915200,3584400000.0000,-1.257044,,,,
108,2012-06-18,sh.000912,6612.3150,6734.0730,6612.3150,6698.4670,6661.5530,298636200,6235440000.0000,0.554129,,,,
109,2012-06-19,sh.000912,6678.1820,6703.4800,6624.2960,6640.6530,6698.4670,186355400,4228250000.0000,-0.863093,,,,
110,2012-06-20,sh.000912,6641.3620,6658.8340,6608.9510,6617.4710,6640.6530,115225000,2388070000.0000,-0.349087,,,,
111,2012-06-21,sh.000912,6613.3290,6613.3290,6488.6310,6520.8640,6617.4710,103900000,2572450000.0000,-1.459884,,,,
112,2012-06-25,sh.000912,6491.9350,6557.0080,6450.9960,6451.6270,6520.8640,121012700,2900840000.0000,-1.061774,,,,
113,2012-06-26,sh.000912,6428.5660,6443.3340,6381.8970,6415.5750,6451.6270,109714900,2913850000.0000,-0.558801,,,,
114,2012-06-27,sh.000912,6419.1240,6484.5590,6412.9210,6466.0100,6415.5750,99915100,2572080000.0000,0.786127,,,,
115,2012-06-28,sh.000912,6475.2660,6495.0870,6410.6020,6413.2210,6466.0100,118386000,2893800000.0000,-0.816401,,,,
116,2012-06-29,sh.000912,6392.9090,6507.4110,6390.7810,6500.0170,6413.2210,173926300,4124710000.0000,1.353390,,,,
117,2012-07-02,sh.000912,6525.2130,6635.8900,6452.1490,6589.7550,6500.0170,246553100,6478920000.0000,1.380578,,,,
118,2012-07-03,sh.000912,6579.2850,6718.4380,6568.2570,6706.6290,6589.7550,229962300,6838060000.0000,1.773572,,,,
119,2012-07-04,sh.000912,6726.6080,6744.8740,6673.7150,6720.2220,6706.6290,171067600,4856480000.0000,0.202684,,,,
120,2012-07-05,sh.000912,6647.8570,6658.1370,6593.2980,6619.2160,6720.2220,144134300,3621090000.0000,-1.503021,,,,
121,2012-07-06,sh.000912,6640.2620,6925.2390,6634.5280,6892.8150,6619.2160,327574200,9619030000.0000,4.133407,,,,
122,2012-07-09,sh.000912,6886.0900,6980.5950,6855.0230,6857.0710,6892.8150,336558900,9145780000.0000,-0.518571,,,,
123,2012-07-10,sh.000912,6837.3650,6926.0240,6784.0740,6793.9230,6857.0710,215277200,5870640000.0000,-0.920917,,,,
124,2012-07-11,sh.000912,6787.3870,6950.5960,6750.3860,6949.6400,6793.9230,270299800,7145210000.0000,2.292008,,,,
125,2012-07-12,sh.000912,6951.3600,7159.0920,6924.1670,7010.0110,6949.6400,408476300,10868540000.0000,0.868694,,,,
126,2012-07-13,sh.000912,6978.6920,7091.1240,6956.6590,7060.1200,7010.0110,246247700,6860660000.0000,0.714819,,,,
127,2012-07-16,sh.000912,7046.7290,7102.5330,6938.0060,6940.9340,7060.1200,352737200,8085550000.0000,-1.688159,,,,
128,2012-07-17,sh.000912,6905.9660,6913.4950,6762.3530,6800.3390,6940.9340,257040200,6842960000.0000,-2.025595,,,,
129,2012-07-18,sh.000912,6793.8950,6838.0110,6604.6160,6721.7150,6800.3390,236027100,7033370000.0000,-1.156178,,,,
130,2012-07-19,sh.000912,6696.0470,6766.3010,6672.2740,6725.4610,6721.7150,239669800,5116860000.0000,0.055731,,,,
131,2012-07-20,sh.000912,6694.3030,6759.4210,6631.6300,6637.7000,6725.4610,190959400,4456090000.0000,-1.304903,,,,
132,2012-07-23,sh.000912,6574.3010,6608.9960,6545.5500,6580.3600,6637.7000,210372600,4307320000.0000,-0.863858,,,,
133,2012-07-24,sh.000912,6549.1370,6736.1960,6549.1370,6676.7450,6580.3600,168682000,4302110000.0000,1.464741,,,,
134,2012-07-25,sh.000912,6670.8610,6730.0580,6661.4220,6684.9310,6676.7450,146092300,3722880000.0000,0.122605,,,,
135,2012-07-26,sh.000912,6672.0990,6735.9900,6608.5400,6609.1430,6684.9310,169595000,4029710000.0000,-1.133715,,,,
136,2012-07-27,sh.000912,6614.4020,6638.7830,6520.0440,6584.5020,6609.1430,150206200,3710620000.0000,-0.372834,,,,
137,2012-07-30,sh.000912,6571.6940,6629.6570,6559.1670,6568.2190,6584.5020,127728600,3156240000.0000,-0.247288,,,,
138,2012-07-31,sh.000912,6560.0650,6604.4870,6473.9070,6476.9110,6568.2190,151305100,3431460000.0000,-1.390150,,,,
139,2012-08-01,sh.000912,6470.6940,6568.1540,6466.2250,6498.8220,6476.9110,120821200,3112080000.0000,0.338288,,,,
140,2012-08-02,sh.000912,6488.8870,6517.8830,6404.4130,6437.1820,6498.8220,112768400,2848950000.0000,-0.948474,,,,
141,2012-08-03,sh.000912,6445.7180,6536.9130,6413.7280,6536.4690,6437.1820,140862700,3593470000.0000,1.542400,,,,
142,2012-08-06,sh.000912,6517.0400,6650.0480,6511.7210,6638.8670,6536.4690,184353300,4129580000.0000,1.566564,,,,
143,2012-08-07,sh.000912,6627.3530,6703.6230,6618.5120,6687.0900,6638.8670,171150400,3748310000.0000,0.726369,,,,
144,2012-08-08,sh.000912,6691.9320,6705.5300,6613.4510,6654.4670,6687.0900,164886800,3465080000.0000,-0.487851,,,,
145,2012-08-09,sh.000912,6648.7100,6848.0070,6643.4160,6845.8390,6654.4670,229087400,6221450000.0000,2.875844,,,,
146,2012-08-10,sh.000912,6763.2230,6779.0880,6672.9200,6701.1850,6845.8390,201316000,6900620000.0000,-2.113018,,,,
147,2012-08-13,sh.000912,6699.3370,6749.0120,6684.6870,6689.2850,6701.1850,236686700,4642460000.0000,-0.177579,,,,
148,2012-08-14,sh.000912,6686.4510,6717.9580,6585.4990,6692.0870,6689.2850,207003600,4263320000.0000,0.041884,,,,
149,2012-08-15,sh.000912,6679.9170,6679.9170,6613.4170,6622.9980,6692.0870,153975100,3476540000.0000,-1.032396,,,,
150,2012-08-16,sh.000912,6616.0600,6632.9490,6504.7000,6511.5550,6622.9980,143711500,3747370000.0000,-1.682665,,,,
151,2012-08-17,sh.000912,6507.2000,6516.3370,6296.0440,6342.9380,6511.5550,170256000,5549800000.0000,-2.589507,,,,
152,2012-08-20,sh.000912,6323.2380,6425.6680,6276.1520,6419.6450,6342.9380,180711400,3839060000.0000,1.209330,,,,
153,2012-08-21,sh.000912,6423.1730,6573.9800,6423.1730,6520.8470,6419.6450,184395400,4142270000.0000,1.576445,,,,
154,2012-08-22,sh.000912,6531.0670,6533.0550,6402.3710,6436.6980,6520.8470,209369900,4226340000.0000,-1.290460,,,,
155,2012-08-23,sh.000912,6433.3630,6449.2320,6330.3870,6378.3090,6436.6980,161949800,4058870000.0000,-0.907129,,,,
156,2012-08-24,sh.000912,6352.9090,6415.4670,6335.3930,6382.4630,6378.3090,180443000,3827690000.0000,0.065124,,,,
157,2012-08-27,sh.000912,6368.2740,6368.2740,6312.7440,6318.1610,6382.4630,147666800,3326730000.0000,-1.007476,,,,
158,2012-08-28,sh.000912,6314.0730,6334.3730,6244.4290,6250.6170,6318.1610,155232300,3353930000.0000,-1.069044,,,,
159,2012-08-29,sh.000912,6230.7520,6243.1880,6132.8870,6133.4750,6250.6170,123774100,3198430000.0000,-1.874088,,,,
160,2012-08-30,sh.000912,6101.4060,6127.8310,5940.6870,6022.2540,6133.4750,166124900,4542450000.0000,-1.813347,,,,
161,2012-08-31,sh.000912,6008.3170,6081.6470,5997.9500,6050.1000,6022.2540,95151000,2300050000.0000,0.462388,,,,
162,2012-09-03,sh.000912,6062.0260,6176.9170,6060.4920,6159.9550,6050.1000,157744300,3377950000.0000,1.815755,,,,
163,2012-09-04,sh.000912,6283.3720,6290.1810,6165.6990,6187.7920,6159.9550,144516900,5275030000.0000,0.451901,,,,
164,2012-09-05,sh.000912,6167.9870,6207.0100,6142.2490,6189.8360,6187.7920,115108700,2896350000.0000,0.033032,,,,
165,2012-09-06,sh.000912,6199.1700,6223.1930,6136.5880,6180.6900,6189.8360,100602200,2322570000.0000,-0.147758,,,,
166,2012-09-07,sh.000912,6231.2760,6488.3870,6220.9940,6415.1160,6180.6900,282940200,6394300000.0000,3.792882,,,,
167,2012-09-10,sh.000912,6424.9940,6459.5110,6365.4510,6404.4790,6415.1160,188249300,4291590000.0000,-0.165815,,,,
168,2012-09-11,sh.000912,6377.1540,6377.7120,6326.2650,6376.5960,6404.4790,159335700,3042650000.0000,-0.435364,,,,
169,2012-09-12,sh.000912,6413.5890,6458.4370,6356.4250,6397.5490,6376.5960,179671400,3572190000.0000,0.328587,,,,
170,2012-09-13,sh.000912,6390.8890,6426.0020,6355.2140,6357.5620,6397.5490,142098900,2739940000.0000,-0.625033,,,,
171,2012-09-14,sh.000912,6388.6030,6425.7840,6335.6660,6406.4870,6357.5620,142923500,3277810000.0000,0.769553,,,,
172,2012-09-17,sh.000912,6407.8090,6414.7050,6290.1250,6292.1860,6406.4870,130025500,2935490000.0000,-1.784141,,,,
173,2012-09-18,sh.000912,6273.0350,6279.4380,6201.0450,6215.5440,6292.1860,110663600,2417960000.0000,-1.218052,,,,
174,2012-09-19,sh.000912,6210.0780,6219.1500,6079.7620,6130.0870,6215.5440,129537800,3673730000.0000,-1.374892,,,,
175,2012-09-20,sh.000912,6095.2840,6101.6750,6008.8500,6014.1390,6130.0870,151339300,3088100000.0000,-1.891454,,,,
176,2012-09-21,sh.000912,5999.7010,6061.7540,5987.8090,6027.5080,6014.1390,112097600,2203580000.0000,0.222287,,,,
177,2012-09-24,sh.000912,5984.8790,6092.6620,5955.7170,6064.3000,6027.5080,104163500,2306190000.0000,0.610401,,,,
178,2012-09-25,sh.000912,6062.7380,6160.9190,6045.3700,6139.1680,6064.3000,86949200,2470940000.0000,1.234572,,,,
179,2012-09-26,sh.000912,6144.8760,6180.3770,6041.1360,6052.9920,6139.1680,93090900,2189190000.0000,-1.403705,,,,
180,2012-09-27,sh.000912,6044.7180,6231.9920,6041.4080,6197.0580,6052.9920,131764600,3117390000.0000,2.380078,,,,
181,2012-09-28,sh.000912,6157.2540,6341.0020,6156.7210,6335.0890,6197.0580,156367500,4146930000.0000,2.227360,,,,
182,2012-10-08,sh.000912,6338.8010,6346.6710,6205.1380,6238.7530,6335.0890,108082400,2710840000.0000,-1.520672,,,,
183,2012-10-09,sh.000912,6275.6470,6372.2080,6275.0560,6352.5540,6238.7530,164649400,3422270000.0000,1.824103,,,,
184,2012-10-10,sh.000912,6345.0360,6386.0670,6310.2340,6369.0440,6352.5540,149839900,3227840000.0000,0.259577,,,,
185,2012-10-11,sh.000912,6335.7460,6379.9520,6306.1430,6333.4590,6369.0440,166577200,2796870000.0000,-0.558717,,,,
186,2012-10-12,sh.000912,6348.7520,6404.3910,6288.5310,6330.2670,6333.4590,105744400,1987990000.0000,-0.050397,,,,
187,2012-10-15,sh.000912,6371.1450,6401.4090,6336.0190,6379.1760,6330.2670,142308400,3553380000.0000,0.772617,,,,
188,2012-10-16,sh.000912,6383.5990,6532.6430,6373.7720,6476.7430,6379.1760,205530900,4966060000.0000,1.529467,,,,
189,2012-10-17,sh.000912,6484.5860,6495.5670,6423.0650,6454.4110,6476.7430,154223800,3321780000.0000,-0.344803,,,,
190,2012-10-18,sh.000912,6474.8780,6567.2870,6470.3560,6519.3450,6454.4110,184410900,4087100000.0000,1.006042,,,,
191,2012-10-19,sh.000912,6553.8870,6586.3120,6503.3330,6525.6420,6519.3450,133351100,3419530000.0000,0.096588,,,,
192,2012-10-22,sh.000912,6515.1840,6542.2370,6462.2240,6526.1620,6525.6420,133285700,3330070000.0000,0.007969,,,,
193,2012-10-23,sh.000912,6521.8440,6521.9020,6383.5130,6388.9240,6526.1620,136307500,3395010000.0000,-2.102894,,,,
194,2012-10-24,sh.000912,6386.1830,6426.6950,6379.8040,6399.3120,6388.9240,131609900,2741600000.0000,0.162597,,,,
195,2012-10-25,sh.000912,6405.1640,6433.9730,6359.5540,6377.0020,6399.3120,108227400,2243400000.0000,-0.348632,,,,
196,2012-10-26,sh.000912,6392.7530,6402.9210,6243.4510,6267.1090,6377.0020,126415800,3227160000.0000,-1.723272,,,,
197,2012-10-29,sh.000912,6249.4030,6284.1140,6200.0950,6274.1960,6267.1090,92678900,2187230000.0000,0.113081,,,,
198,2012-10-30,sh.000912,6272.1480,6323.9430,6245.6980,6282.2280,6274.1960,123785900,2743600000.0000,0.128020,,,,
199,2012-10-31,sh.000912,6272.8270,6315.9760,6256.9780,6315.9760,6282.2280,122159500,2637490000.0000,0.537199,,,,
200,2012-11-01,sh.000912,6322.8840,6435.8400,6313.0260,6422.1960,6315.9760,150255500,3431190000.0000,1.681763,,,,
201,2012-11-02,sh.000912,6418.7350,6433.7210,6371.2960,6412.1170,6422.1960,113724300,2708590000.0000,-0.156934,,,,
202,2012-11-05,sh.000912,6395.6730,6417.8590,6309.6840,6337.7450,6412.1170,124518700,3099370000.0000,-1.159868,,,,
203,2012-11-06,sh.000912,6331.3670,6331.3670,6176.1540,6226.1780,6337.7450,139626200,3853970000.0000,-1.760356,,,,
204,2012-11-07,sh.000912,6214.7120,6253.5460,6203.2620,6223.9340,6226.1780,92444700,2066670000.0000,-0.036044,,,,
205,2012-11-08,sh.000912,6184.1730,6196.6130,6133.3060,6145.2910,6223.9340,116604200,2386030000.0000,-1.263559,,,,
206,2012-11-09,sh.000912,6136.5420,6164.7700,6113.4160,6136.0700,6145.2910,98784300,1897900000.0000,-0.150053,,,,
207,2012-11-12,sh.000912,6135.8590,6152.2490,6018.2430,6056.2520,6136.0700,130011400,2953330000.0000,-1.300798,,,,
208,2012-11-13,sh.000912,6052.6240,6052.6240,5945.8610,5974.4860,6056.2520,166355600,2851570000.0000,-1.350111,,,,
209,2012-11-14,sh.000912,5977.4470,6033.7080,5953.6730,6033.7080,5974.4860,106466900,2128330000.0000,0.991251,,,,
210,2012-11-15,sh.000912,5993.8100,6013.1790,5956.0220,5963.7240,6033.7080,90700100,1652500000.0000,-1.159882,,,,
211,2012-11-16,sh.000912,5951.4410,5954.2870,5817.2760,5860.1580,5963.7240,135346100,3199640000.0000,-1.736598,,,,
212,2012-11-19,sh.000912,5852.1600,5852.5480,5542.2660,5658.0970,5860.1580,165926400,5401790000.0000,-3.448047,,,,
213,2012-11-20,sh.000912,5632.4470,5709.9130,5622.8600,5642.7340,5658.0970,141080900,3496650000.0000,-0.271527,,,,
214,2012-11-21,sh.000912,5644.0040,5697.8370,5523.2600,5666.1950,5642.7340,137710900,3371080000.0000,0.415772,,,,
215,2012-11-22,sh.000912,5515.3450,5584.2470,5477.0720,5578.4750,5666.1950,194355500,4205500000.0000,-1.548124,,,,
216,2012-11-23,sh.000912,5558.1650,5678.8510,5558.1510,5666.3180,5578.4750,168336900,3506080000.0000,1.574674,,,,
217,2012-11-26,sh.000912,5650.7770,5659.5120,5551.0380,5568.5180,5666.3180,120193900,2588760000.0000,-1.725985,,,,
218,2012-11-27,sh.000912,5553.1080,5572.5850,5521.0980,5536.7160,5568.5180,148358800,2829020000.0000,-0.571108,,,,
219,2012-11-28,sh.000912,5519.5170,5529.8180,5473.3030,5487.3110,5536.7160,120867000,2338650000.0000,-0.892312,,,,
220,2012-11-29,sh.000912,5487.5060,5547.6220,5487.5060,5506.2440,5487.3110,109413400,2270560000.0000,0.345034,,,,
221,2012-11-30,sh.000912,5505.2370,5513.6220,5438.8160,5490.4040,5506.2440,117897700,2467370000.0000,-0.287679,,,,
222,2012-12-03,sh.000912,5460.7350,5460.7350,5175.0630,5183.6540,5490.4040,185745600,5220080000.0000,-5.587021,,,,
223,2012-12-04,sh.000912,5118.6810,5225.9190,5079.5810,5192.3540,5183.6540,175222700,4859130000.0000,0.167839,,,,
224,2012-12-05,sh.000912,5153.3550,5319.3390,5080.7410,5268.3430,5192.3540,248861100,6796430000.0000,1.463474,,,,
225,2012-12-06,sh.000912,5260.0620,5262.6060,5079.4470,5209.1980,5268.3430,221427300,6148180000.0000,-1.122640,,,,
226,2012-12-07,sh.000912,5235.0480,5345.8990,5226.8730,5327.7190,5209.1980,312415500,6618060000.0000,2.275225,,,,
227,2012-12-10,sh.000912,5300.7010,5401.7120,5276.6110,5382.1090,5327.7190,352848700,5712850000.0000,1.020880,,,,
228,2012-12-11,sh.000912,5361.1050,5454.5590,5355.6200,5409.3310,5382.1090,283324800,6115310000.0000,0.505790,,,,
229,2012-12-12,sh.000912,5434.2400,5469.5530,5367.0200,5467.7340,5409.3310,174353500,4107120000.0000,1.079668,,,,
230,2012-12-13,sh.000912,5446.0610,5501.2030,5376.8500,5386.6860,5467.7340,238060400,5107190000.0000,-1.482293,,,,
231,2012-12-14,sh.000912,5364.7080,5533.2380,5335.2260,5520.4180,5386.6860,442039200,8435190000.0000,2.482638,,,,
232,2012-12-17,sh.000912,5510.4020,5637.8710,5456.9000,5607.7670,5520.4180,422254400,8827800000.0000,1.582292,,,,
233,2012-12-18,sh.000912,5602.0830,5685.1810,5571.5510,5637.8720,5607.7670,391442700,7624750000.0000,0.536844,,,,
234,2012-12-19,sh.000912,5617.6410,5725.1120,5606.1480,5701.8560,5637.8720,281195400,6042510000.0000,1.134894,,,,
235,2012-12-20,sh.000912,5685.3870,5699.6560,5612.1800,5677.9170,5701.8560,251367000,4805200000.0000,-0.419845,,,,
236,2012-12-21,sh.000912,5673.8290,5708.4360,5629.2570,5645.7340,5677.9170,306404300,5205930000.0000,-0.566812,,,,
237,2012-12-24,sh.000912,5617.7610,5620.1980,5465.1890,5522.2460,5645.7340,265001900,6965430000.0000,-2.187276,,,,
238,2012-12-25,sh.000912,5506.3560,5646.4000,5479.5570,5609.9130,5522.2460,332883000,6687100000.0000,1.587524,,,,
239,2012-12-26,sh.000912,5601.3900,5676.2860,5597.8810,5674.7350,5609.9130,315689400,5901940000.0000,1.155486,,,,
240,2012-12-27,sh.000912,5696.9810,5757.8730,5644.4770,5715.5730,5674.7350,372361100,7245760000.0000,0.719653,,,,
241,2012-12-28,sh.000912,5709.7170,5798.9220,5709.7170,5782.8050,5715.5730,276994800,6120870000.0000,1.176294,,,,
242,2012-12-31,sh.000912,5792.0410,5817.2580,5706.3540,5796.9950,5782.8050,323014500,6726060000.0000,0.245382,,,,
243,2013-01-04,sh.000912,5827.6620,5830.7720,5689.6730,5745.5530,5796.9950,312707600,6864450000.0000,-0.887389,,,,
244,2013-01-07,sh.000912,5729.4220,5755.5480,5690.7060,5752.0490,5745.5530,246263600,5427380000.0000,0.113055,,,,
245,2013-01-08,sh.000912,5738.1690,5902.4980,5737.1300,5889.0930,5752.0490,274776300,7076730000.0000,2.382524,,,,
246,2013-01-09,sh.000912,5890.4990,6034.4230,5890.1280,6010.6560,5889.0930,318015500,7701340000.0000,2.064206,,,,
247,2013-01-10,sh.000912,6002.7840,6051.3580,5963.5960,5997.6670,6010.6560,229652900,5132870000.0000,-0.216096,,,,
248,2013-01-11,sh.000912,6002.1240,6027.2740,5910.9660,5928.6150,5997.6670,311846300,5952660000.0000,-1.151310,,,,
249,2013-01-14,sh.000912,5884.1440,6043.3920,5848.6900,6032.9430,5928.6150,383172700,8498930000.0000,1.759730,,,,
250,2013-01-15,sh.000912,6030.4960,6095.9380,6009.6310,6072.4940,6032.9430,465063000,8567320000.0000,0.655588,,,,
251,2013-01-16,sh.000912,6007.9830,6076.2240,5965.7740,6043.8490,6072.4940,379431100,7723310000.0000,-0.471718,,,,
252,2013-01-17,sh.000912,6017.5990,6095.1850,5988.9750,6016.7080,6043.8490,268681900,5333540000.0000,-0.449070,,,,
253,2013-01-18,sh.000912,6031.7540,6064.0270,5933.7020,6023.8830,6016.7080,321441600,6991630000.0000,0.119248,,,,
254,2013-01-21,sh.000912,6018.7690,6018.7690,5895.0710,5900.8590,6023.8830,340880700,7851000000.0000,-2.042269,,,,
255,2013-01-22,sh.000912,5878.4130,5878.4130,5736.5030,5863.1330,5900.8590,386199200,8451010000.0000,-0.639332,,,,
256,2013-01-23,sh.000912,5820.4880,5876.4930,5789.3330,5875.3210,5863.1330,265880600,6010120000.0000,0.207875,,,,
257,2013-01-24,sh.000912,5862.3690,5918.9420,5758.8780,5791.7160,5875.3210,318382300,6405130000.0000,-1.422986,,,,
258,2013-01-25,sh.000912,5731.5470,5742.8740,5673.1950,5704.0800,5791.7160,244010400,5873310000.0000,-1.513122,,,,
259,2013-01-28,sh.000912,5680.8730,5708.8070,5580.6570,5612.1780,5704.0800,368926900,10402410000.0000,-1.611160,,,,
260,2013-01-29,sh.000912,5584.9700,5630.6670,5525.7590,5629.7580,5612.1780,359607600,9254440000.0000,0.313240,,,,
261,2013-01-30,sh.000912,5618.2650,5674.7610,5597.4970,5653.3620,5629.7580,409673100,8365470000.0000,0.419272,,,,
262,2013-01-31,sh.000912,5658.3380,5666.3550,5590.9230,5610.1070,5653.3620,273355300,5292120000.0000,-0.765118,,,,
263,2013-02-01,sh.000912,5608.8280,5696.4950,5600.2110,5676.4300,5610.1070,399256000,6787080000.0000,1.182210,,,,
264,2013-02-04,sh.000912,5677.6700,5692.2120,5575.2860,5595.3650,5676.4300,383192100,7297860000.0000,-1.428097,,,,
265,2013-02-05,sh.000912,5582.9370,5824.1430,5576.7920,5823.4330,5595.3650,350489600,8470580000.0000,4.076014,,,,
266,2013-02-06,sh.000912,5826.8960,5829.8230,5783.4050,5800.2480,5823.4330,248697100,5693440000.0000,-0.398134,,,,
267,2013-02-07,sh.000912,5789.0550,5876.4110,5772.8230,5846.3990,5800.2480,262397900,5671780000.0000,0.795671,,,,
268,2013-02-08,sh.000912,5841.8940,5916.2810,5838.7810,5894.4590,5846.3990,263965900,5380920000.0000,0.822045,,,,
269,2013-02-18,sh.000912,5913.8900,5921.1560,5757.1230,5772.1380,5894.4590,294749600,6262390000.0000,-2.075183,,,,
270,2013-02-19,sh.000912,5765.6120,5786.5750,5724.6580,5731.1800,5772.1380,296991800,5763260000.0000,-0.709581,,,,
271,2013-02-20,sh.000912,5736.4170,5820.9510,5688.8840,5809.3680,5731.1800,263498900,5390590000.0000,1.364256,,,,
272,2013-02-21,sh.000912,5737.6020,5890.0970,5709.5390,5812.4080,5809.3680,362876000,7861060000.0000,0.052330,,,,
273,2013-02-22,sh.000912,5809.1660,5935.8970,5808.1450,5911.1530,5812.4080,358408800,8696890000.0000,1.698859,,,,
274,2013-02-25,sh.000912,5917.2120,5924.7290,5829.9920,5846.4040,5911.1530,254554400,5660410000.0000,-1.095371,,,,
275,2013-02-26,sh.000912,5828.7530,5895.4600,5701.7970,5720.0040,5846.4040,295140700,6498540000.0000,-2.162011,,,,
276,2013-02-27,sh.000912,5716.7160,5747.0390,5662.7960,5704.5100,5720.0040,187374900,4057490000.0000,-0.270876,,,,
277,2013-02-28,sh.000912,5721.0250,5756.2650,5630.5770,5737.1860,5704.5100,233360100,5717720000.0000,0.572815,,,,
278,2013-03-01,sh.000912,5726.4880,5767.4320,5662.8120,5743.5530,5737.1860,206746700,4658690000.0000,0.110981,,,,
279,2013-03-04,sh.000912,5734.6230,5863.9920,5716.1360,5740.9050,5743.5530,311664200,6357830000.0000,-0.046111,,,,
280,2013-03-05,sh.000912,5764.9700,5849.8870,5764.3760,5843.7340,5740.9050,297304800,5751880000.0000,1.791165,,,,
281,2013-03-06,sh.000912,5868.2590,5929.1240,5821.6740,5929.0300,5843.7340,352355800,6966300000.0000,1.459613,,,,
282,2013-03-07,sh.000912,5917.3070,6073.7220,5913.4210,5964.6820,5929.0300,479286300,10109170000.0000,0.601318,,,,
283,2013-03-08,sh.000912,5971.3900,5986.6200,5885.2550,5894.7370,5964.6820,262795500,5266990000.0000,-1.172658,,,,
284,2013-03-11,sh.000912,5865.1730,5894.8150,5799.6770,5870.0180,5894.7370,160428700,3790120000.0000,-0.419336,,,,
285,2013-03-12,sh.000912,5866.9790,5913.6870,5716.5820,5778.9180,5870.0180,249145200,4576890000.0000,-1.551956,,,,
286,2013-03-13,sh.000912,5763.0240,5801.2050,5697.4380,5737.2640,5778.9180,186035500,3709680000.0000,-0.720789,,,,
287,2013-03-14,sh.000912,5703.2330,5771.1220,5687.1900,5704.7910,5737.2640,159171400,3710530000.0000,-0.566004,,,,
288,2013-03-15,sh.000912,5680.3600,5789.2970,5635.2020,5693.2670,5704.7910,208425700,5083770000.0000,-0.202004,,,,
289,2013-03-18,sh.000912,5680.3560,5705.1550,5582.3450,5591.6710,5693.2670,206998100,5745620000.0000,-1.784497,,,,
290,2013-03-19,sh.000912,5590.7080,5620.5770,5507.1710,5534.9840,5591.6710,190802400,5008390000.0000,-1.013776,,,,
291,2013-03-20,sh.000912,5532.0690,5674.2410,5515.2890,5669.2300,5534.9840,216714800,5622510000.0000,2.425411,,,,
292,2013-03-21,sh.000912,5660.9570,5718.0770,5628.9380,5690.4760,5669.2300,220217400,5597700000.0000,0.374762,,,,
293,2013-03-22,sh.000912,5678.0950,5720.6220,5660.3890,5686.9910,5690.4760,160274900,3927900000.0000,-0.061240,,,,
294,2013-03-25,sh.000912,5703.8300,5733.0100,5644.7640,5680.0410,5686.9910,159794200,3711400000.0000,-0.122212,,,,
295,2013-03-26,sh.000912,5673.2550,5718.7450,5632.7840,5715.8150,5680.0410,184666100,4331780000.0000,0.629818,,,,
296,2013-03-27,sh.000912,5709.4640,5715.3850,5604.0640,5634.2130,5715.8150,221971100,5609100000.0000,-1.427654,,,,
297,2013-03-28,sh.000912,5582.4420,5609.0080,5536.2620,5585.3040,5634.2130,247077600,5512180000.0000,-0.868066,,,,
298,2013-03-29,sh.000912,5581.5970,5618.6380,5506.6640,5557.5450,5585.3040,186103500,4237770000.0000,-0.497006,,,,
299,2013-04-01,sh.000912,5521.4180,5539.3890,5476.8580,5502.4530,5557.5450,193057200,3978000000.0000,-0.991297,,,,
300,2013-04-02,sh.000912,5501.4060,5526.5580,5399.9570,5425.8510,5502.4530,222686800,4652550000.0000,-1.392144,,,,
301,2013-04-03,sh.000912,5440.3430,5457.7290,5348.2500,5390.3600,5425.8510,198386200,4019540000.0000,-0.654113,,,,
302,2013-04-08,sh.000912,5318.1320,5464.6650,5288.7480,5452.4230,5390.3600,274184600,5003180000.0000,1.151370,,,,
303,2013-04-09,sh.000912,5463.8580,5472.7090,5402.7930,5409.5940,5452.4230,180472800,3645040000.0000,-0.785497,,,,
304,2013-04-10,sh.000912,5402.0130,5558.6500,5399.4610,5502.5690,5409.5940,226069800,6125620000.0000,1.718699,,,,
305,2013-04-11,sh.000912,5510.1670,5510.1670,5456.2310,5459.2620,5502.5690,146969000,3469010000.0000,-0.787026,,,,
306,2013-04-12,sh.000912,5451.8620,5573.1220,5441.0530,5528.7340,5459.2620,151218600,4172070000.0000,1.272547,,,,
307,2013-04-15,sh.000912,5527.8450,5541.7280,5424.0700,5475.9930,5528.7340,145966600,3201710000.0000,-0.953939,,,,
308,2013-04-16,sh.000912,5424.7160,5468.0720,5401.2040,5447.2990,5475.9930,145017800,3374250000.0000,-0.524002,,,,
309,2013-04-17,sh.000912,5451.7170,5576.3560,5449.7890,5575.9730,5447.2990,142875300,3747820000.0000,2.362167,,,,
310,2013-04-18,sh.000912,5552.3670,5626.6710,5527.1160,5560.1280,5575.9730,123472500,3217880000.0000,-0.284170,,,,
311,2013-04-19,sh.000912,5569.9870,5657.3150,5563.3500,5638.3140,5560.1280,183363300,4344090000.0000,1.406191,,,,
312,2013-04-22,sh.000912,5623.4860,5635.5510,5545.6160,5570.5550,5638.3140,212922000,4980840000.0000,-1.201756,,,,
313,2013-04-23,sh.000912,5572.8870,5592.4690,5478.7690,5486.3340,5570.5550,181636900,4139070000.0000,-1.511899,,,,
314,2013-04-24,sh.000912,5487.9650,5549.2220,5441.7860,5524.3790,5486.3340,181674800,4227110000.0000,0.693449,,,,
315,2013-04-25,sh.000912,5506.2770,5568.5220,5469.7400,5508.3650,5524.3790,175764200,3777280000.0000,-0.289873,,,,
316,2013-04-26,sh.000912,5528.4550,5551.2760,5386.6570,5416.1460,5508.3650,149728300,3381350000.0000,-1.674167,,,,
317,2013-05-02,sh.000912,5365.5150,5373.8330,5302.9250,5366.8340,5416.1460,155161600,4076240000.0000,-0.910463,,,,
318,2013-05-03,sh.000912,5364.0710,5473.0350,5364.0710,5427.8550,5366.8340,195812500,3975000000.0000,1.137002,,,,
319,2013-05-06,sh.000912,5436.5190,5547.2530,5428.4000,5547.2530,5427.8550,181193600,3958250000.0000,2.199726,,,,
320,2013-05-07,sh.000912,5535.7850,5629.1840,5518.7900,5623.1510,5547.2530,221214800,5976470000.0000,1.368208,,,,
321,2013-05-08,sh.000912,5642.2690,5672.4770,5585.1690,5638.0370,5623.1510,191359800,4240590000.0000,0.264731,,,,
322,2013-05-09,sh.000912,5635.2520,5731.1830,5634.1210,5702.7820,5638.0370,224010100,5524920000.0000,1.148363,,,,
323,2013-05-10,sh.000912,5688.0370,5756.6060,5676.1080,5705.2850,5702.7820,233910500,4559910000.0000,0.043890,,,,
324,2013-05-13,sh.000912,5707.4460,5748.3350,5637.9170,5702.6120,5705.2850,278759900,5752630000.0000,-0.046857,,,,
325,2013-05-14,sh.000912,5682.7560,5693.0890,5562.3760,5585.4870,5702.6120,210865500,3940900000.0000,-2.053884,,,,
326,2013-05-15,sh.000912,5553.3360,5623.6500,5552.9190,5612.5830,5585.4870,160984700,3106530000.0000,0.485118,,,,
327,2013-05-16,sh.000912,5585.2610,5695.1950,5541.6910,5664.1230,5612.5830,301653900,6881050000.0000,0.918295,,,,
328,2013-05-17,sh.000912,5653.9760,5747.7560,5651.0610,5741.1630,5664.1230,292014300,5809590000.0000,1.360141,,,,
329,2013-05-20,sh.000912,5756.7180,5800.8770,5747.4870,5769.4270,5741.1630,388613400,7447570000.0000,0.492299,,,,
330,2013-05-21,sh.000912,5769.2630,5771.3180,5699.4670,5743.1240,5769.4270,346117700,5936400000.0000,-0.455899,,,,
331,2013-05-22,sh.000912,5728.4490,5816.1190,5723.1620,5804.9770,5743.1240,410809200,8125270000.0000,1.076993,,,,
332,2013-05-23,sh.000912,5787.0970,5903.7340,5782.6340,5816.9300,5804.9770,379536000,7692060000.0000,0.205912,,,,
333,2013-05-24,sh.000912,5836.6890,5885.5520,5777.9950,5825.8200,5816.9300,307123000,6172450000.0000,0.152824,,,,
334,2013-05-27,sh.000912,5825.4330,5832.4020,5769.8130,5831.3670,5825.8200,247645100,5074370000.0000,0.095220,,,,
335,2013-05-28,sh.000912,5841.0910,5892.8260,5795.3500,5884.1810,5831.3670,310897800,5866860000.0000,0.905688,,,,
336,2013-05-29,sh.000912,5891.9970,5932.8830,5887.9280,5895.3130,5884.1810,319271300,5595780000.0000,0.189182,,,,
337,2013-05-30,sh.000912,5905.8530,5925.4400,5853.0720,5892.3860,5895.3130,292107600,6024700000.0000,-0.049646,,,,
338,2013-05-31,sh.000912,5898.3130,5908.6500,5798.4080,5801.7430,5892.3860,248990100,4938970000.0000,-1.538308,,,,
339,2013-06-03,sh.000912,5820.8910,5867.4450,5808.6970,5839.9170,5801.7430,245395100,5504440000.0000,0.657972,,,,
340,2013-06-04,sh.000912,5834.1980,5845.3200,5762.1630,5776.6520,5839.9170,217078400,4501910000.0000,-1.083323,,,,
341,2013-06-05,sh.000912,5775.4400,5793.7060,5730.5890,5787.6660,5776.6520,164854700,3582370000.0000,0.190667,,,,
342,2013-06-06,sh.000912,5778.7180,5843.2670,5758.2250,5759.4350,5787.6660,240933900,4881640000.0000,-0.487778,,,,
343,2013-06-07,sh.000912,5682.5340,5718.3960,5581.0630,5598.3550,5759.4350,200117000,4074400000.0000,-2.796803,,,,
344,2013-06-13,sh.000912,5535.5060,5535.5060,5439.7340,5487.1230,5598.3550,214092700,4229360000.0000,-1.986868,,,,
345,2013-06-14,sh.000912,5489.8960,5516.1240,5450.3590,5508.1630,5487.1230,169745100,3317290000.0000,0.383444,,,,
346,2013-06-17,sh.000912,5512.9040,5529.8380,5464.6110,5483.7290,5508.1630,174736200,3582160000.0000,-0.443598,,,,
347,2013-06-18,sh.000912,5544.6940,5575.0030,5479.2870,5569.9370,5483.7290,206730300,4767850000.0000,1.572069,,,,
348,2013-06-19,sh.000912,5542.0440,5676.5570,5513.7760,5665.4860,5569.9370,222395400,4892340000.0000,1.715438,,,,
349,2013-06-20,sh.000912,5643.9380,5675.8720,5530.7130,5547.4400,5665.4860,194161600,4074400000.0000,-2.083597,,,,
350,2013-06-21,sh.000912,5471.3450,5595.8350,5443.1830,5549.2970,5547.4400,190841700,4383110000.0000,0.033474,,,,
351,2013-06-24,sh.000912,5546.3720,5548.8690,5301.3800,5328.4720,5549.2970,238288300,4900510000.0000,-3.979327,,,,
352,2013-06-25,sh.000912,5271.5030,5370.8510,5033.7810,5365.5120,5328.4720,316812700,6047610000.0000,0.695134,,,,
353,2013-06-26,sh.000912,5362.8900,5411.8050,5298.9540,5375.4040,5365.5120,232280400,4431080000.0000,0.184355,,,,
354,2013-06-27,sh.000912,5385.4110,5445.4970,5324.7200,5329.0010,5375.4040,221359600,4320600000.0000,-0.863244,,,,
355,2013-06-28,sh.000912,5298.6830,5446.7570,5297.2820,5379.9020,5329.0010,202174400,3886970000.0000,0.955167,,,,
356,2013-07-01,sh.000912,5362.9390,5491.4430,5348.8310,5488.4400,5379.9020,187317900,4139420000.0000,2.017473,,,,
357,2013-07-02,sh.000912,5502.8130,5656.9170,5491.9380,5626.4030,5488.4400,248388500,5726600000.0000,2.513700,,,,
358,2013-07-03,sh.000912,5646.0440,5682.5340,5579.8390,5670.4190,5626.4030,233134500,5194320000.0000,0.782314,,,,
359,2013-07-04,sh.000912,5638.8150,5694.4900,5608.1390,5632.9240,5670.4190,215275500,4744450000.0000,-0.661241,,,,
360,2013-07-05,sh.000912,5630.7750,5671.0120,5606.6360,5606.6360,5632.9240,159126800,3325830000.0000,-0.466678,,,,
361,2013-07-08,sh.000912,5540.4810,5607.8240,5484.5170,5513.0780,5606.6360,191399000,3825700000.0000,-1.668703,,,,
362,2013-07-09,sh.000912,5511.4170,5527.6830,5466.2740,5493.1470,5513.0780,142096700,2888560000.0000,-0.361525,,,,
363,2013-07-10,sh.000912,5482.9730,5566.3070,5459.3230,5565.5790,5493.1470,175583600,3542940000.0000,1.318591,,,,
364,2013-07-11,sh.000912,5572.2080,5712.6030,5535.3820,5659.7480,5565.5790,296282500,6096730000.0000,1.691988,,,,
365,2013-07-12,sh.000912,5639.5060,5720.6750,5602.6500,5607.8020,5659.7480,246696300,5265610000.0000,-0.917820,,,,
366,2013-07-15,sh.000912,5617.8510,5671.3600,5567.8040,5658.3870,5607.8020,216872100,4558310000.0000,0.902055,,,,
367,2013-07-16,sh.000912,5653.3350,5699.6490,5595.3500,5689.3000,5658.3870,242478800,4840090000.0000,0.546315,,,,
368,2013-07-17,sh.000912,5675.0170,5678.5800,5547.5470,5551.0510,5689.3000,216881600,4259350000.0000,-2.429983,,,,
369,2013-07-18,sh.000912,5526.8470,5548.6570,5468.1990,5497.3340,5551.0510,167895900,3157280000.0000,-0.967687,,,,
370,2013-07-19,sh.000912,5491.0910,5506.4800,5343.3980,5351.0880,5497.3340,267348000,5198090000.0000,-2.660309,,,,
371,2013-07-22,sh.000912,5302.9120,5402.1350,5288.0050,5380.1700,5351.0880,200307100,3250950000.0000,0.543479,,,,
372,2013-07-23,sh.000912,5398.8170,5516.8990,5384.6090,5509.1520,5380.1700,224914500,3749970000.0000,2.397358,,,,
373,2013-07-24,sh.000912,5506.9210,5549.7240,5438.2230,5500.3540,5509.1520,242672700,4636880000.0000,-0.159695,,,,
374,2013-07-25,sh.000912,5508.5860,5589.9550,5467.2430,5535.3810,5500.3540,249738900,5110860000.0000,0.636811,,,,
375,2013-07-26,sh.000912,5501.6470,5517.5790,5444.3330,5469.1950,5535.3810,203850300,3489420000.0000,-1.195691,,,,
376,2013-07-29,sh.000912,5428.5480,5428.5750,5363.0830,5370.5470,5469.1950,163117700,3169610000.0000,-1.803702,,,,
377,2013-07-30,sh.000912,5376.1960,5430.9150,5321.2130,5380.1030,5370.5470,165503600,3603640000.0000,0.177936,,,,
378,2013-07-31,sh.000912,5383.4470,5427.9200,5316.4600,5320.2430,5380.1030,142949100,2855990000.0000,-1.112616,,,,
379,2013-08-01,sh.000912,5355.0320,5408.3620,5326.4510,5403.2290,5320.2430,195327100,3737320000.0000,1.559813,,,,
380,2013-08-02,sh.000912,5425.5810,5484.3430,5425.5810,5455.9860,5403.2290,252863200,4328120000.0000,0.976395,,,,
381,2013-08-05,sh.000912,5516.9910,5564.2810,5496.1060,5563.4570,5455.9860,317184700,5167070000.0000,1.969785,,,,
382,2013-08-06,sh.000912,5559.6260,5601.9340,5530.8640,5583.8090,5563.4570,338666600,5793750000.0000,0.365817,,,,
383,2013-08-07,sh.000912,5584.3610,5639.9720,5545.6280,5595.2030,5583.8090,288967700,5410740000.0000,0.204055,,,,
384,2013-08-08,sh.000912,5581.3630,5609.7730,5549.1670,5576.3430,5595.2030,233762400,3787120000.0000,-0.337081,,,,
385,2013-08-09,sh.000912,5594.3150,5631.2160,5527.8040,5577.7510,5576.3430,263218600,4576240000.0000,0.025253,,,,
386,2013-08-12,sh.000912,5596.8740,5673.6660,5588.3390,5671.7170,5577.7510,288578200,5497260000.0000,1.684654,,,,
387,2013-08-13,sh.000912,5672.1350,5678.8950,5625.2460,5648.5210,5671.7170,276871500,4736150000.0000,-0.408973,,,,
388,2013-08-14,sh.000912,5655.8990,5705.2600,5595.4320,5606.8180,5648.5210,262320000,4610540000.0000,-0.738302,,,,
389,2013-08-15,sh.000912,5621.5160,5647.0080,5570.4750,5571.4530,5606.8180,275256600,4754230000.0000,-0.630745,,,,
390,2013-08-16,sh.000912,5567.4740,5684.7010,5476.2480,5482.2600,5571.4530,301358700,5410880000.0000,-1.600899,,,,
391,2013-08-19,sh.000912,5490.6040,5565.2620,5482.9450,5555.8130,5482.2600,206854500,3887270000.0000,1.341659,,,,
392,2013-08-20,sh.000912,5544.1900,5604.3180,5517.4360,5530.1920,5555.8130,229738500,4557150000.0000,-0.461158,,,,
393,2013-08-21,sh.000912,5558.2390,5558.2390,5485.8230,5532.5400,5530.1920,175495400,3081910000.0000,0.042460,,,,
394,2013-08-22,sh.000912,5526.8470,5576.4100,5512.8620,5527.1190,5532.5400,188376900,3019630000.0000,-0.097982,,,,
395,2013-08-23,sh.000912,5545.5820,5558.1400,5417.5270,5488.4780,5527.1190,222399500,3784330000.0000,-0.699118,,,,
396,2013-08-26,sh.000912,5495.7460,5558.9990,5479.1880,5551.6240,5488.4780,248547500,3858000000.0000,1.150519,,,,
397,2013-08-27,sh.000912,5546.7620,5574.7930,5526.9150,5571.8060,5551.6240,264605800,4433170000.0000,0.363536,,,,
398,2013-08-28,sh.000912,5549.5360,5550.2930,5482.9980,5518.5180,5571.8060,294087700,4751570000.0000,-0.956388,,,,
399,2013-08-29,sh.000912,5528.0240,5529.7450,5464.6100,5487.7190,5518.5180,214693200,3638470000.0000,-0.558100,,,,
400,2013-08-30,sh.000912,5478.7250,5496.5830,5438.2910,5457.3330,5487.7190,270957200,4063350000.0000,-0.553713,,,,
401,2013-09-02,sh.000912,5464.2410,5465.6710,5356.3110,5377.6610,5457.3330,537598100,11068660000.0000,-1.459905,,,,
402,2013-09-03,sh.000912,5397.4760,5485.1070,5392.1510,5472.7530,5377.6610,447229400,7797550000.0000,1.768274,,,,
403,2013-09-04,sh.000912,5480.9380,5493.0440,5459.2710,5482.6780,5472.7530,620277000,8493190000.0000,0.181358,,,,
404,2013-09-05,sh.000912,5472.3730,5529.8020,5424.5550,5518.9750,5482.6780,415884000,6928940000.0000,0.662028,,,,
405,2013-09-06,sh.000912,5498.7970,5539.9740,5484.8300,5505.1740,5518.9750,379534500,5469830000.0000,-0.250069,,,,
406,2013-09-09,sh.000912,5535.4430,5573.3130,5515.4470,5558.6110,5505.1740,477736100,7498680000.0000,0.970669,,,,
407,2013-09-10,sh.000912,5562.5670,5614.6670,5537.2970,5596.1200,5558.6110,466596800,7036510000.0000,0.674796,,,,
408,2013-09-11,sh.000912,5599.4490,5643.8550,5525.1500,5638.1920,5596.1200,707621600,10074090000.0000,0.751803,,,,
409,2013-09-12,sh.000912,5614.1500,5637.1860,5582.7610,5600.5300,5638.1920,554145200,7789380000.0000,-0.667982,,,,
410,2013-09-13,sh.000912,5610.0340,5730.1330,5604.7860,5687.7880,5600.5300,574909600,9064800000.0000,1.558037,,,,
411,2013-09-16,sh.000912,5692.1620,5716.3730,5629.0680,5633.5470,5687.7880,407712500,6595630000.0000,-0.953643,,,,
412,2013-09-17,sh.000912,5616.5300,5618.0660,5492.7080,5496.1270,5633.5470,440950400,7259420000.0000,-2.439315,,,,
413,2013-09-18,sh.000912,5451.5900,5507.7520,5445.5880,5478.1930,5496.1270,297837000,5266010000.0000,-0.326304,,,,
414,2013-09-23,sh.000912,5512.4640,5567.3190,5502.0700,5561.0730,5478.1930,452026700,7901100000.0000,1.512914,,,,
415,2013-09-24,sh.000912,5572.1500,5644.9870,5547.0560,5636.1390,5561.0730,478943400,8838970000.0000,1.349846,,,,
416,2013-09-25,sh.000912,5633.4790,5657.0080,5578.5850,5616.0290,5636.1390,575958800,9297250000.0000,-0.356811,,,,
417,2013-09-26,sh.000912,5591.7790,5688.7450,5588.6320,5626.3100,5616.0290,511366600,7907450000.0000,0.183070,,,,
418,2013-09-27,sh.000912,5604.5120,5655.3180,5581.6460,5587.8810,5626.3100,462672800,7440790000.0000,-0.683027,,,,
419,2013-09-30,sh.000912,5596.5410,5671.5810,5564.3090,5662.6310,5587.8810,478450500,7439400000.0000,1.337716,,,,
420,2013-10-08,sh.000912,5657.6380,5758.4170,5643.5940,5716.5680,5662.6310,609022600,9129330000.0000,0.952508,,,,
421,2013-10-09,sh.000912,5695.7560,5779.8690,5668.0490,5779.1150,5716.5680,540005400,8072080000.0000,1.094142,,,,
422,2013-10-10,sh.000912,5773.7970,5846.3970,5746.1010,5771.6760,5779.1150,599862800,8589870000.0000,-0.128730,,,,
423,2013-10-11,sh.000912,5771.8700,5862.0740,5771.8700,5836.5610,5771.6760,594485100,8739280000.0000,1.124201,,,,
424,2013-10-14,sh.000912,5861.9670,5973.5400,5860.1700,5941.2970,5836.5610,693493200,11533010000.0000,1.794479,,,,
425,2013-10-15,sh.000912,5941.0360,6021.7460,5927.9960,6001.4020,5941.2970,530850600,8974180000.0000,1.011647,,,,
426,2013-10-16,sh.000912,5992.4160,6009.0990,5879.1050,5915.7430,6001.4020,612448100,10614660000.0000,-1.427311,,,,
427,2013-10-17,sh.000912,5919.5560,5954.1070,5865.1590,5909.6460,5915.7430,518737300,7759640000.0000,-0.103067,,,,
428,2013-10-18,sh.000912,5898.8930,5948.2860,5864.8230,5940.7660,5909.6460,402188800,6019850000.0000,0.526599,,,,
429,2013-10-21,sh.000912,5949.7700,6166.1980,5949.7700,6147.6540,5940.7660,461058500,8309710000.0000,3.482509,,,,
430,2013-10-22,sh.000912,6138.3020,6158.5830,6058.3600,6085.6600,6147.6540,421697300,6937470000.0000,-1.008412,,,,
431,2013-10-23,sh.000912,6084.2520,6094.5560,5861.2480,5896.9390,6085.6600,439119200,6909450000.0000,-3.101080,,,,
432,2013-10-24,sh.000912,5879.5920,5930.6700,5803.9150,5826.1590,5896.9390,277515100,4889000000.0000,-1.200280,,,,
433,2013-10-25,sh.000912,5834.8110,5864.9940,5604.4070,5666.6110,5826.1590,339745300,6273250000.0000,-2.738482,,,,
434,2013-10-28,sh.000912,5603.9280,5651.8880,5569.9670,5608.4920,5666.6110,465005900,7546510000.0000,-1.025633,,,,
435,2013-10-29,sh.000912,5569.0500,5640.0290,5442.9270,5554.8660,5608.4920,514254100,8313010000.0000,-0.956157,,,,
436,2013-10-30,sh.000912,5541.4820,5620.7020,5525.1720,5615.5050,5554.8660,378191000,6141960000.0000,1.091632,,,,
437,2013-10-31,sh.000912,5492.0250,5504.3740,5437.5500,5461.8040,5615.5050,374476100,6658360000.0000,-2.737077,,,,
438,2013-11-01,sh.000912,5410.3140,5467.8870,5370.8420,5439.5690,5461.8040,366023700,6427630000.0000,-0.407106,,,,
439,2013-11-04,sh.000912,5462.6480,5520.7920,5439.3480,5450.7600,5439.5690,259612500,4839730000.0000,0.205732,,,,
440,2013-11-05,sh.000912,5410.9790,5491.1490,5356.4480,5483.8990,5450.7600,406248400,6285490000.0000,0.607973,,,,
441,2013-11-06,sh.000912,5470.9860,5517.3940,5432.9060,5441.6530,5483.8990,417958800,6855520000.0000,-0.770366,,,,
442,2013-11-07,sh.000912,5424.2290,5435.2710,5349.2900,5376.9970,5441.6530,363776900,6154890000.0000,-1.188164,,,,
443,2013-11-08,sh.000912,5332.5580,5389.9480,5318.1870,5321.2900,5376.9970,362852400,5433510000.0000,-1.036025,,,,
444,2013-11-11,sh.000912,5318.2610,5440.0990,5310.3740,5403.1590,5321.2900,347049300,5850870000.0000,1.538521,,,,
445,2013-11-12,sh.000912,5396.4520,5538.3290,5391.9470,5504.6310,5403.1590,477330500,8265810000.0000,1.878007,,,,
446,2013-11-13,sh.000912,5483.4910,5483.9320,5407.8980,5414.2610,5504.6310,463270400,6995260000.0000,-1.641702,,,,
447,2013-11-14,sh.000912,5413.7430,5487.1580,5384.3500,5480.8700,5414.2610,395091800,6068770000.0000,1.230249,,,,
448,2013-11-15,sh.000912,5471.7740,5627.0460,5469.3760,5567.8910,5480.8700,439628600,7257560000.0000,1.587722,,,,
449,2013-11-18,sh.000912,5652.2940,5681.1210,5617.6810,5680.1770,5567.8910,593084700,9891490000.0000,2.016664,,,,
450,2013-11-19,sh.000912,5681.0570,5682.2780,5579.7080,5599.6540,5680.1770,559279300,9424190000.0000,-1.417613,,,,
451,2013-11-20,sh.000912,5627.1120,5634.9080,5568.9160,5605.2650,5599.6540,437062800,6871660000.0000,0.100209,,,,
452,2013-11-21,sh.000912,5573.0270,5573.0270,5505.0960,5540.0450,5605.2650,553663600,8904350000.0000,-1.163553,,,,
453,2013-11-22,sh.000912,5548.9990,5566.0830,5495.7520,5511.2900,5540.0450,383338600,6166590000.0000,-0.519037,,,,
454,2013-11-25,sh.000912,5486.5250,5572.6580,5478.1330,5519.1350,5511.2900,365227400,5903350000.0000,0.142339,,,,
455,2013-11-26,sh.000912,5506.6290,5550.7040,5489.9570,5520.3950,5519.1350,343988100,5170340000.0000,0.022834,,,,
456,2013-11-27,sh.000912,5509.8310,5563.2870,5488.0410,5545.2500,5520.3950,291853200,4637280000.0000,0.450239,,,,
457,2013-11-28,sh.000912,5559.2120,5672.6090,5559.2120,5630.3120,5545.2500,424252000,6912720000.0000,1.533962,,,,
458,2013-11-29,sh.000912,5627.3010,5634.6150,5585.3890,5626.0490,5630.3120,303498700,4956190000.0000,-0.075718,,,,
459,2013-12-02,sh.000912,5543.6480,5572.0360,5417.3260,5419.4160,5626.0490,417999500,6683360000.0000,-3.672788,,,,
460,2013-12-03,sh.000912,5412.3730,5535.9230,5401.0890,5527.3060,5419.4160,303165400,4960650000.0000,1.990807,,,,
461,2013-12-04,sh.000912,5531.4390,5637.1790,5518.1860,5627.1240,5527.3060,449255800,7149600000.0000,1.805905,,,,
462,2013-12-05,sh.000912,5650.8830,5653.9300,5599.5250,5612.6590,5627.1240,374904600,5618760000.0000,-0.257056,,,,
463,2013-12-06,sh.000912,5590.5720,5627.0470,5575.1630,5612.5080,5612.6590,286498400,4791620000.0000,-0.002697,,,,
464,2013-12-09,sh.000912,5621.0000,5640.2300,5571.8950,5628.1240,5612.5080,396052400,6389880000.0000,0.278239,,,,
465,2013-12-10,sh.000912,5622.9830,5636.6070,5583.7870,5622.8220,5628.1240,327429200,5166410000.0000,-0.094210,,,,
466,2013-12-11,sh.000912,5587.4150,5591.1370,5551.5540,5571.7410,5622.8220,346638600,5256900000.0000,-0.908451,,,,
467,2013-12-12,sh.000912,5567.3350,5608.8570,5555.8170,5559.7110,5571.7410,268946700,4309130000.0000,-0.215916,,,,
468,2013-12-13,sh.000912,5518.6430,5575.9500,5512.0490,5538.5210,5559.7110,274173000,3927840000.0000,-0.381134,,,,
469,2013-12-16,sh.000912,5543.9150,5550.3130,5429.6280,5433.4350,5538.5210,337779500,5569630000.0000,-1.897365,,,,
470,2013-12-17,sh.000912,5425.1930,5446.5830,5400.6090,5405.4810,5433.4350,272827600,4265010000.0000,-0.514483,,,,
471,2013-12-18,sh.000912,5399.4920,5423.1850,5386.7720,5399.1940,5405.4810,182534800,3242950000.0000,-0.116310,,,,
472,2013-12-19,sh.000912,5419.7970,5430.3630,5343.5310,5347.8320,5399.1940,228363400,3731280000.0000,-0.951287,,,,
473,2013-12-20,sh.000912,5358.8460,5382.5990,5280.3020,5322.6850,5347.8320,282641000,5932730000.0000,-0.470227,,,,
474,2013-12-23,sh.000912,5309.6980,5313.0930,5245.4550,5302.5960,5322.6850,225686500,3825560000.0000,-0.377420,,,,
475,2013-12-24,sh.000912,5312.2190,5366.4130,5270.2380,5309.6030,5302.5960,239676700,4345650000.0000,0.132140,,,,
476,2013-12-25,sh.000912,5318.2140,5357.6110,5293.2740,5355.1910,5309.6030,212568500,3622050000.0000,0.858593,,,,
477,2013-12-26,sh.000912,5353.7770,5371.8660,5292.5820,5296.4030,5355.1910,282256700,4795040000.0000,-1.097778,,,,
478,2013-12-27,sh.000912,5302.1940,5387.0790,5287.7360,5366.4080,5296.4030,242881400,4210140000.0000,1.321753,,,,
479,2013-12-30,sh.000912,5383.8140,5398.9710,5349.9410,5368.9500,5366.4080,231561300,3990260000.0000,0.047369,,,,
480,2013-12-31,sh.000912,5329.4820,5455.4100,5314.2040,5449.3830,5368.9500,345841800,6530350000.0000,1.498107,,,,
481,2014-01-02,sh.000912,5431.6620,5431.6620,5365.4760,5405.5620,5449.3830,291045400,6097960000.0000,-0.804142,,,,
482,2014-01-03,sh.000912,5379.8460,5394.2100,5327.4770,5349.9150,5405.5620,289942200,4930060000.0000,-1.029439,,,,
483,2014-01-06,sh.000912,5330.7540,5330.7540,5185.2260,5187.5950,5349.9150,296437900,5012300000.0000,-3.034064,,,,
484,2014-01-07,sh.000912,5144.9960,5212.4020,5138.5000,5209.5590,5187.5950,210385500,3608730000.0000,0.423392,,,,
485,2014-01-08,sh.000912,5209.7900,5273.6550,5203.1330,5241.1390,5209.5590,245631500,4683690000.0000,0.606195,,,,
486,2014-01-09,sh.000912,5216.8610,5308.6960,5165.9350,5182.5860,5241.1390,291443900,5265030000.0000,-1.117185,,,,
487,2014-01-10,sh.000912,5154.0750,5225.5260,5153.3860,5197.1740,5182.5860,233893500,4416820000.0000,0.281479,,,,
488,2014-01-13,sh.000912,5206.9310,5251.8490,5183.0810,5199.0930,5197.1740,222578500,4585140000.0000,0.036923,,,,
489,2014-01-14,sh.000912,5200.6580,5274.0470,5185.9810,5259.8790,5199.0930,248761100,4673210000.0000,1.169168,,,,
490,2014-01-15,sh.000912,5246.7490,5261.8690,5196.6050,5235.0670,5259.8790,216795100,3850420000.0000,-0.471722,,,,
491,2014-01-16,sh.000912,5232.8110,5270.9670,5227.9130,5257.0820,5235.0670,217399000,4624370000.0000,0.420532,,,,
492,2014-01-17,sh.000912,5239.4350,5241.3890,5115.3320,5123.4430,5257.0820,227925800,4193070000.0000,-2.542079,,,,
493,2014-01-20,sh.000912,5124.9550,5174.8630,5068.8520,5103.3880,5123.4430,243184500,4646550000.0000,-0.391430,,,,
494,2014-01-21,sh.000912,5086.8770,5144.8300,5086.8770,5115.7180,5103.3880,195776500,3633520000.0000,0.241596,,,,
495,2014-01-22,sh.000912,5119.0370,5268.2840,5116.7510,5268.0590,5115.7180,329455800,6335180000.0000,2.977907,,,,
496,2014-01-23,sh.000912,5293.0720,5332.9770,5254.0700,5264.5530,5268.0590,317881000,5926050000.0000,-0.066549,,,,
497,2014-01-24,sh.000912,5255.4590,5293.0430,5244.4140,5279.6950,5264.5530,305939000,5262580000.0000,0.287614,,,,
498,2014-01-27,sh.000912,5254.3070,5264.7610,5208.1870,5224.4520,5279.6950,367996000,6995260000.0000,-1.046323,,,,
499,2014-01-28,sh.000912,5213.9270,5233.9340,5122.3150,5145.4550,5224.4520,274560100,5040420000.0000,-1.512064,,,,
500,2014-01-29,sh.000912,5166.0880,5190.6610,5065.6640,5085.1320,5145.4550,315250100,5349850000.0000,-1.172360,,,,
501,2014-01-30,sh.000912,5076.2090,5076.3620,4961.2540,4978.2150,5085.1320,232971700,4273720000.0000,-2.102541,,,,
502,2014-02-07,sh.000912,4953.9490,5045.5950,4935.7890,5044.8170,4978.2150,211720300,3659220000.0000,1.337870,,,,
503,2014-02-10,sh.000912,5065.5020,5174.0100,5061.0040,5169.0820,5044.8170,379711100,6195380000.0000,2.463224,,,,
504,2014-02-11,sh.000912,5163.0590,5229.6080,5151.2590,5205.4290,5169.0820,383448200,6691650000.0000,0.703165,,,,
505,2014-02-12,sh.000912,5211.2280,5224.6260,5165.4990,5223.6480,5205.4290,410721500,5883260000.0000,0.349995,,,,
506,2014-02-13,sh.000912,5217.5360,5252.8830,5188.1630,5191.7610,5223.6480,408680000,6730650000.0000,-0.610430,,,,
507,2014-02-14,sh.000912,5186.6820,5311.1340,5186.6820,5309.0110,5191.7610,375520900,7058320000.0000,2.258386,,,,
508,2014-02-17,sh.000912,5340.9840,5388.1010,5320.7540,5387.7470,5309.0110,457826700,9444190000.0000,1.483060,,,,
509,2014-02-18,sh.000912,5377.4420,5377.4420,5304.1600,5325.4220,5387.7470,445965100,7749210000.0000,-1.156795,,,,
510,2014-02-19,sh.000912,5316.6040,5380.0320,5306.4990,5352.8440,5325.4220,377882200,6711860000.0000,0.514933,,,,
511,2014-02-20,sh.000912,5361.8170,5401.5100,5302.6000,5343.5350,5352.8440,386490600,6630320000.0000,-0.173909,,,,
512,2014-02-21,sh.000912,5328.8430,5348.5070,5281.0280,5298.3670,5343.5350,298288900,5161410000.0000,-0.845283,,,,
513,2014-02-24,sh.000912,5272.4290,5272.4290,5167.3010,5222.8210,5298.3670,314006000,5379920000.0000,-1.425843,,,,
514,2014-02-25,sh.000912,5239.3530,5253.1210,5005.0530,5020.1430,5222.8210,389638500,6876560000.0000,-3.880618,,,,
515,2014-02-26,sh.000912,4986.5340,5027.7000,4951.8950,5006.4770,5020.1430,284377300,4804660000.0000,-0.272224,,,,
516,2014-02-27,sh.000912,5018.3220,5032.5660,4955.6850,4962.8570,5006.4770,354979800,5658900000.0000,-0.871274,,,,
517,2014-02-28,sh.000912,4945.8180,5085.1450,4943.4870,5084.6520,4962.8570,310961700,5264400000.0000,2.454129,,,,
518,2014-03-03,sh.000912,5071.7330,5192.7770,5064.1690,5187.8620,5084.6520,333840700,5924070000.0000,2.029833,,,,
519,2014-03-04,sh.000912,5152.9740,5205.9180,5110.1620,5141.5090,5187.8620,270582100,4928420000.0000,-0.893490,,,,
520,2014-03-05,sh.000912,5154.9560,5216.7400,5107.2280,5189.7840,5141.5090,324998300,5490160000.0000,0.938934,,,,
521,2014-03-06,sh.000912,5168.7030,5185.6240,5101.7960,5174.4030,5189.7840,275232000,4790130000.0000,-0.296377,,,,
522,2014-03-07,sh.000912,5165.8080,5234.9390,5148.5950,5211.9720,5174.4030,252388800,4888490000.0000,0.726061,,,,
523,2014-03-10,sh.000912,5176.4370,5227.1810,5103.0120,5107.2690,5211.9720,340201100,6656920000.0000,-2.008897,,,,
524,2014-03-11,sh.000912,5094.3420,5236.6060,5093.9370,5219.9460,5107.2690,309510900,5905090000.0000,2.206204,,,,
525,2014-03-12,sh.000912,5199.0460,5262.5870,5155.3360,5194.9630,5219.9460,288205900,5155420000.0000,-0.478605,,,,
526,2014-03-13,sh.000912,5196.0190,5370.7560,5196.0190,5368.8690,5194.9630,389312600,7995210000.0000,3.347594,,,,
527,2014-03-14,sh.000912,5347.1190,5350.6940,5276.8540,5307.5400,5368.8690,279146400,5488060000.0000,-1.142310,,,,
528,2014-03-17,sh.000912,5332.0290,5335.0790,5270.4390,5326.5910,5307.5400,291533300,5241750000.0000,0.358938,,,,
529,2014-03-18,sh.000912,5332.1130,5460.8850,5326.1520,5376.6210,5326.5910,369845600,7338170000.0000,0.939255,,,,
530,2014-03-19,sh.000912,5346.8950,5362.9740,5261.5360,5292.3650,5376.6210,283779400,5605810000.0000,-1.567078,,,,
531,2014-03-20,sh.000912,5286.1280,5306.8020,5173.3920,5175.0820,5292.3650,305128400,5367210000.0000,-2.216083,,,,
532,2014-03-21,sh.000912,5153.9080,5293.8410,5122.5770,5276.6610,5175.0820,332579000,5493940000.0000,1.962850,,,,
533,2014-03-24,sh.000912,5271.3120,5316.0080,5243.1530,5280.7240,5276.6610,359261400,5250050000.0000,0.076999,,,,
534,2014-03-25,sh.000912,5252.9030,5252.9030,5182.2520,5237.1400,5280.7240,410947700,6310650000.0000,-0.825341,,,,
535,2014-03-26,sh.000912,5231.4990,5257.0410,5179.3820,5180.8340,5237.1400,274857000,4769610000.0000,-1.075132,,,,
536,2014-03-27,sh.000912,5176.1880,5194.3470,5102.1670,5106.0780,5180.8340,264497700,4493790000.0000,-1.442931,,,,
537,2014-03-28,sh.000912,5100.7310,5128.7670,5025.5460,5033.7800,5106.0780,308832900,4803160000.0000,-1.415927,,,,
538,2014-03-31,sh.000912,5034.4770,5114.8530,5034.3630,5081.2160,5033.7800,253981000,4038010000.0000,0.942354,,,,
539,2014-04-01,sh.000912,5074.8180,5198.2400,5062.8190,5190.4300,5081.2160,304851400,4516990000.0000,2.149374,,,,
540,2014-04-02,sh.000912,5191.3160,5242.4670,5178.7100,5205.9600,5190.4300,242551900,4225600000.0000,0.299200,,,,
541,2014-04-03,sh.000912,5230.8260,5234.8000,5170.3980,5176.2520,5205.9600,202986000,3237920000.0000,-0.570654,,,,
542,2014-04-04,sh.000912,5165.4630,5234.9860,5152.2930,5234.3230,5176.2520,172317000,3170480000.0000,1.121879,,,,
543,2014-04-08,sh.000912,5221.0120,5335.3860,5214.8950,5333.0250,5234.3230,304545700,5575260000.0000,1.885662,,,,
544,2014-04-09,sh.000912,5348.6110,5374.5570,5318.7050,5343.0270,5333.0250,294345600,5020410000.0000,0.187548,,,,
545,2014-04-10,sh.000912,5344.9900,5433.4180,5293.8290,5413.9460,5343.0270,296952000,5696580000.0000,1.327318,,,,
546,2014-04-11,sh.000912,5436.2940,5571.6180,5436.2940,5498.4470,5413.9460,351946300,8105720000.0000,1.560802,,,,
547,2014-04-14,sh.000912,5471.4610,5517.9510,5460.2500,5490.1560,5498.4470,333280400,5764750000.0000,-0.150788,,,,
548,2014-04-15,sh.000912,5457.5190,5482.6820,5427.2590,5432.4800,5490.1560,334150700,4862620000.0000,-1.050531,,,,
549,2014-04-16,sh.000912,5416.8100,5438.4270,5389.5640,5408.2470,5432.4800,226124100,3503940000.0000,-0.446074,,,,
550,2014-04-17,sh.000912,5419.3890,5449.6330,5401.1890,5423.8820,5408.2470,214473900,3716250000.0000,0.289091,,,,
551,2014-04-18,sh.000912,5402.0380,5463.5270,5370.3930,5440.9270,5423.8820,241713000,3738720000.0000,0.314257,,,,
552,2014-04-21,sh.000912,5393.8320,5441.7920,5324.8150,5325.7750,5440.9270,262332900,4092690000.0000,-2.116401,,,,
553,2014-04-22,sh.000912,5316.1320,5358.9200,5268.3720,5327.0630,5325.7750,260538200,3974230000.0000,0.024186,,,,
554,2014-04-23,sh.000912,5318.6830,5400.2670,5312.5790,5372.7330,5327.0630,241007300,4367200000.0000,0.857319,,,,
555,2014-04-24,sh.000912,5356.8010,5373.4480,5317.0020,5353.3760,5372.7330,217783900,3584480000.0000,-0.360281,,,,
556,2014-04-25,sh.000912,5306.4410,5307.7970,5183.5110,5185.6260,5353.3760,263824100,5536230000.0000,-3.133537,,,,
557,2014-04-28,sh.000912,5164.9310,5174.0810,5078.5260,5081.4960,5185.6260,271295300,4497230000.0000,-2.008049,,,,
558,2014-04-29,sh.000912,5064.3430,5167.7650,5062.6270,5163.2910,5081.4960,200694600,3501430000.0000,1.609662,,,,
559,2014-04-30,sh.000912,5212.9560,5232.8200,5190.0140,5215.3410,5163.2910,250144200,5354440000.0000,1.008074,,,,
560,2014-05-05,sh.000912,5190.5700,5235.2550,5136.9560,5215.8700,5215.3410,282168900,4747720000.0000,0.010149,,,,
561,2014-05-06,sh.000912,5205.9660,5266.3750,5196.1630,5219.5810,5215.8700,220686600,3542980000.0000,0.071147,,,,
562,2014-05-07,sh.000912,5207.7420,5207.7420,5149.7850,5152.8720,5219.5810,200701000,3250580000.0000,-1.278052,,,,
563,2014-05-08,sh.000912,5142.2980,5207.8000,5129.7690,5133.7040,5152.8720,196648300,3102660000.0000,-0.371986,,,,
564,2014-05-09,sh.000912,5139.7740,5145.4640,5078.9820,5111.7680,5133.7040,199694100,3129290000.0000,-0.427295,,,,
565,2014-05-12,sh.000912,5148.7270,5191.8810,5094.3520,5179.1200,5111.7680,228786400,3821250000.0000,1.317588,,,,
566,2014-05-13,sh.000912,5174.6770,5204.6170,5164.7720,5197.1580,5179.1200,176643500,3122640000.0000,0.348285,,,,
567,2014-05-14,sh.000912,5186.9630,5189.4880,5123.0290,5135.9700,5197.1580,175104200,3264670000.0000,-1.177336,,,,
568,2014-05-15,sh.000912,5130.6240,5144.8140,5058.6970,5064.1350,5135.9700,174505600,2952650000.0000,-1.398673,,,,
569,2014-05-16,sh.000912,5060.3930,5069.3070,5024.6580,5059.5340,5064.1350,135768000,2321010000.0000,-0.090846,,,,
570,2014-05-19,sh.000912,5027.0750,5032.5450,4942.4770,4973.1470,5059.5340,184839100,3505270000.0000,-1.707414,,,,
571,2014-05-20,sh.000912,4988.6510,5016.1700,4910.2460,4930.3820,4973.1470,193388100,3754240000.0000,-0.859921,,,,
572,2014-05-21,sh.000912,4906.8040,5011.7150,4896.9350,5007.2220,4930.3820,186922100,3348350000.0000,1.558507,,,,
573,2014-05-22,sh.000912,5002.0770,5063.2350,4973.3550,4974.2510,5007.2220,162680300,2816340000.0000,-0.658473,,,,
574,2014-05-23,sh.000912,4965.5000,5020.3550,4963.8390,5017.1990,4974.2510,125249200,2097660000.0000,0.863411,,,,
575,2014-05-26,sh.000912,5060.2190,5065.9370,5033.3820,5051.1750,5017.1990,181329300,2751850000.0000,0.677182,,,,
576,2014-05-27,sh.000912,5044.7810,5070.1330,5016.8200,5022.4260,5051.1750,167789800,2762080000.0000,-0.569155,,,,
577,2014-05-28,sh.000912,5014.4600,5041.9140,4997.1480,5039.8390,5022.4260,192512700,3144320000.0000,0.346707,,,,
578,2014-05-29,sh.000912,5043.9500,5076.2260,5017.8470,5019.0690,5039.8390,207791300,3205950000.0000,-0.412117,,,,
579,2014-05-30,sh.000912,5022.5930,5042.3960,4993.5280,5022.3200,5019.0690,192103500,2817720000.0000,0.064772,,,,
580,2014-06-03,sh.000912,5021.0780,5030.5950,4937.0960,4940.5760,5022.3200,217685400,4306500000.0000,-1.627607,,,,
581,2014-06-04,sh.000912,4946.4500,4952.3400,4878.1120,4909.2110,4940.5760,178089700,3010630000.0000,-0.634850,,,,
582,2014-06-05,sh.000912,4903.3910,4975.5190,4882.6320,4972.6330,4909.2110,150230600,2674280000.0000,1.291896,,,,
583,2014-06-06,sh.000912,4975.4920,4983.4860,4893.9530,4928.2800,4972.6330,168958000,2917600000.0000,-0.891942,,,,
584,2014-06-09,sh.000912,4907.0430,4943.6860,4899.5020,4919.2300,4928.2800,179019700,2928290000.0000,-0.183630,,,,
585,2014-06-10,sh.000912,4923.6890,4969.8600,4902.7730,4959.7590,4919.2300,174142700,2902780000.0000,0.823885,,,,
586,2014-06-11,sh.000912,4958.4100,4987.3740,4952.4660,4985.1950,4959.7590,208674200,3164450000.0000,0.512848,,,,
587,2014-06-12,sh.000912,4983.6390,5010.6880,4972.6790,4991.1800,4985.1950,230969200,3805270000.0000,0.120063,,,,
588,2014-06-13,sh.000912,4990.0250,5022.0020,4963.1990,5002.9590,4991.1800,233071900,3594580000.0000,0.235992,,,,
589,2014-06-16,sh.000912,5006.0310,5021.4040,4987.9610,5012.7920,5002.9590,207135500,3304870000.0000,0.196544,,,,
590,2014-06-17,sh.000912,5007.7030,5008.6550,4963.0480,4965.6370,5012.7920,195677500,3103610000.0000,-0.940689,,,,
591,2014-06-18,sh.000912,4961.9720,4967.2630,4935.5300,4938.2200,4965.6370,185909900,2839660000.0000,-0.552134,,,,
592,2014-06-19,sh.000912,4943.1190,4953.5460,4860.5990,4876.5610,4938.2200,167809500,2508050000.0000,-1.248611,,,,
593,2014-06-20,sh.000912,4877.7130,4885.3980,4845.2290,4884.1640,4876.5610,136016300,2302700000.0000,0.155910,,,,
594,2014-06-23,sh.000912,4903.3970,4922.0290,4889.8450,4903.8720,4884.1640,146383400,2690480000.0000,0.403508,,,,
595,2014-06-24,sh.000912,4906.0840,4994.5100,4905.6880,4987.3590,4903.8720,155463100,3129710000.0000,1.702467,,,,
596,2014-06-25,sh.000912,4969.2060,4969.2060,4924.9400,4949.2380,4987.3590,155027800,2900410000.0000,-0.764354,,,,
597,2014-06-26,sh.000912,4955.1640,4992.3890,4954.3390,4982.1440,4949.2380,179141400,3101930000.0000,0.664875,,,,
598,2014-06-27,sh.000912,4976.7890,5007.1180,4945.1860,4989.9980,4982.1440,185103000,3075890000.0000,0.157643,,,,
599,2014-06-30,sh.000912,4994.3920,5046.0710,4990.8420,5020.8160,4989.9980,223502800,3551850000.0000,0.617593,,,,
600,2014-07-01,sh.000912,5010.1600,5011.5300,4975.3050,4992.6070,5020.8160,285981300,3514120000.0000,-0.561841,,,,
601,2014-07-02,sh.000912,4994.6530,5004.3610,4964.8080,4987.6180,4992.6070,251200100,3820020000.0000,-0.099923,,,,
602,2014-07-03,sh.000912,4988.7730,5027.4060,4969.9290,5017.7080,4987.6180,278522100,4076130000.0000,0.603291,,,,
603,2014-07-04,sh.000912,5024.6450,5038.1440,5012.6810,5027.7150,5017.7080,217648200,3555950000.0000,0.199430,,,,
604,2014-07-07,sh.000912,5022.4780,5043.6070,5006.7640,5022.0330,5027.7150,185489300,3108670000.0000,-0.113006,,,,
605,2014-07-08,sh.000912,5014.2290,5040.6440,4979.9060,5031.3720,5022.0330,190763600,3009280000.0000,0.185958,,,,
606,2014-07-09,sh.000912,5023.5720,5039.1000,4942.5980,4943.1600,5031.3720,227877100,3761030000.0000,-1.753238,,,,
607,2014-07-10,sh.000912,4943.2240,4957.9230,4893.0000,4907.4780,4943.1600,200516200,3619300000.0000,-0.721849,,,,
608,2014-07-11,sh.000912,4909.2040,4946.3470,4899.4550,4917.1620,4907.4780,221668900,3391200000.0000,0.197333,,,,
609,2014-07-14,sh.000912,4918.9840,5049.6630,4915.9270,5048.7900,4917.1620,311892700,5068190000.0000,2.676908,,,,
610,2014-07-15,sh.000912,5039.5660,5190.6980,5032.9050,5150.7860,5048.7900,378066800,6957590000.0000,2.020209,,,,
611,2014-07-16,sh.000912,5135.6360,5149.8070,5087.0280,5104.5080,5150.7860,282335800,4249120000.0000,-0.898471,,,,
612,2014-07-17,sh.000912,5091.8750,5091.9430,5028.9980,5059.1080,5104.5080,213313400,3395110000.0000,-0.889408,,,,
613,2014-07-18,sh.000912,5038.4540,5224.2810,5034.1020,5161.7640,5059.1080,264161900,5368850000.0000,2.029137,,,,
614,2014-07-21,sh.000912,5157.7690,5207.5730,5153.7710,5193.4050,5161.7640,252352100,4593770000.0000,0.612981,,,,
615,2014-07-22,sh.000912,5166.1120,5259.5880,5165.5750,5252.4940,5193.4050,301982200,4671980000.0000,1.137777,,,,
616,2014-07-23,sh.000912,5239.4220,5276.1120,5221.0980,5242.2870,5252.4940,253828900,3937920000.0000,-0.194327,,,,
617,2014-07-24,sh.000912,5250.2050,5323.2190,5250.2050,5279.1350,5242.2870,318941200,5047410000.0000,0.702893,,,,
618,2014-07-25,sh.000912,5292.6590,5316.9050,5272.1000,5315.6940,5279.1350,308236900,4795550000.0000,0.692520,,,,
619,2014-07-28,sh.000912,5336.6230,5435.8540,5336.6230,5430.4940,5315.6940,469044200,7594350000.0000,2.159648,,,,
620,2014-07-29,sh.000912,5427.7160,5427.7160,5366.9470,5398.9850,5430.4940,386800400,6404650000.0000,-0.580229,,,,
621,2014-07-30,sh.000912,5384.9100,5401.0580,5361.8180,5393.1530,5398.9850,399247400,6694930000.0000,-0.108021,,,,
622,2014-07-31,sh.000912,5446.3650,5500.9890,5415.3830,5498.6860,5393.1530,412382900,6538130000.0000,1.956800,,,,
623,2014-08-01,sh.000912,5490.5150,5598.7540,5483.0930,5534.7360,5498.6860,502915000,7659700000.0000,0.655608,,,,
624,2014-08-04,sh.000912,5541.7390,5613.3400,5541.4380,5611.6230,5534.7360,405871000,6279540000.0000,1.389176,,,,
625,2014-08-05,sh.000912,5607.8230,5627.0580,5560.0050,5609.4830,5611.6230,346907300,5587430000.0000,-0.038138,,,,
626,2014-08-06,sh.000912,5571.4890,5592.5650,5533.0630,5571.2920,5609.4830,308947500,4501800000.0000,-0.680828,,,,
627,2014-08-07,sh.000912,5567.0550,5582.8440,5462.1240,5464.5100,5571.2920,330276500,5465110000.0000,-1.916651,,,,
628,2014-08-08,sh.000912,5478.4700,5502.0620,5455.9820,5496.8890,5464.5100,215424000,3758330000.0000,0.592540,,,,
629,2014-08-11,sh.000912,5514.6010,5572.8810,5511.5240,5572.7350,5496.8890,315755200,4767580000.0000,1.379793,,,,
630,2014-08-12,sh.000912,5579.3460,5586.8860,5542.1610,5565.4800,5572.7350,375418800,5411843840.0000,-0.130185,,,,
631,2014-08-13,sh.000912,5570.8800,5629.9400,5543.1060,5569.6190,5565.4800,455058608,7036125184.0000,0.074372,,,,
632,2014-08-14,sh.000912,5561.5380,5575.3940,5513.7680,5517.9830,5569.6190,322857296,5275867904.0000,-0.927105,,,,
633,2014-08-15,sh.000912,5522.9390,5582.5740,5516.8650,5566.9580,5517.9830,287534304,4763197184.0000,0.887554,,,,
634,2014-08-18,sh.000912,5578.6550,5603.2740,5547.2980,5574.7280,5566.9580,327924608,5595145984.0000,0.139574,,,,
635,2014-08-19,sh.000912,5573.8190,5580.8410,5544.6150,5580.3110,5574.7280,558194096,7394163968.0000,0.100149,,,,
636,2014-08-20,sh.000912,5563.6750,5604.3250,5543.6360,5589.4650,5580.3110,555941408,7164497664.0000,0.164038,,,,
637,2014-08-21,sh.000912,5584.3320,5587.9110,5505.4060,5550.8260,5589.4650,389113008,5314665216.0000,-0.691277,,,,
638,2014-08-22,sh.000912,5547.5730,5573.4200,5532.5920,5549.2760,5550.8260,315688304,4892663808.0000,-0.027929,,,,
639,2014-08-25,sh.000912,5548.9790,5552.3400,5492.7760,5508.9560,5549.2760,337481904,5125977088.0000,-0.726578,,,,
640,2014-08-26,sh.000912,5502.2450,5524.8290,5457.0130,5472.4860,5508.9560,334244208,5118597376.0000,-0.662017,,,,
641,2014-08-27,sh.000912,5469.1560,5498.4480,5450.4900,5455.7720,5472.4860,228171400,3650988720.0000,-0.305416,,,,
642,2014-08-28,sh.000912,5455.3370,5500.5640,5435.1950,5437.5990,5455.7720,244784200,4164528896.0000,-0.333094,,,,
643,2014-08-29,sh.000912,5450.9980,5504.8180,5441.5380,5503.7650,5437.5990,224628100,3750317568.0000,1.216824,,,,
644,2014-09-01,sh.000912,5508.2920,5534.4670,5489.1480,5533.8510,5503.7650,271050496,4538718976.0000,0.546643,,,,
645,2014-09-02,sh.000912,5546.1060,5617.7300,5518.0520,5614.4100,5533.8510,422249200,7033743616.0000,1.455751,,,,
646,2014-09-03,sh.000912,5617.4010,5687.5370,5617.4010,5668.0980,5614.4100,414440000,7289654016.0000,0.956253,,,,
647,2014-09-04,sh.000912,5670.7350,5685.2290,5640.3410,5680.9040,5668.0980,331326096,5420475392.0000,0.225925,,,,
648,2014-09-05,sh.000912,5692.7460,5761.2590,5666.8010,5746.0830,5680.9040,397186496,7100954624.0000,1.147339,,,,
649,2014-09-09,sh.000912,5764.5660,5783.5470,5718.3920,5730.2170,5746.0830,366318208,6243899392.0000,-0.276122,,,,
650,2014-09-10,sh.000912,5724.4960,5736.3490,5697.1780,5727.8820,5730.2170,407410400,5908131840.0000,-0.040748,,,,
651,2014-09-11,sh.000912,5712.6330,5746.0990,5646.8090,5657.4860,5727.8820,769123296,12044328448.0000,-1.229006,,,,
652,2014-09-12,sh.000912,5648.5420,5663.8220,5618.4100,5663.0390,5657.4860,416360896,6947801600.0000,0.098157,,,,
653,2014-09-15,sh.000912,5655.6010,5658.2460,5610.5560,5645.0920,5663.0390,450802304,7383711232.0000,-0.316919,,,,
654,2014-09-16,sh.000912,5658.5950,5663.3160,5509.8790,5517.5300,5645.0920,653058000,10318156032.0000,-2.259698,,,,
655,2014-09-17,sh.000912,5532.9120,5551.0280,5488.4610,5540.2540,5517.5300,422709104,6497513216.0000,0.411853,,,,
656,2014-09-18,sh.000912,5525.8320,5581.2940,5517.3870,5580.9150,5540.2540,390982000,5879821568.0000,0.733922,,,,
657,2014-09-19,sh.000912,5580.2050,5637.7880,5569.4050,5628.6200,5580.9150,458714304,6564557312.0000,0.854790,,,,
658,2014-09-22,sh.000912,5628.5150,5628.5150,5513.8620,5524.8210,5628.6200,391088800,6442426368.0000,-1.844134,,,,
659,2014-09-23,sh.000912,5527.0940,5565.8560,5525.7370,5564.0290,5524.8210,356024800,5563898368.0000,0.709670,,,,
660,2014-09-24,sh.000912,5547.9920,5652.9600,5531.9200,5650.6440,5564.0290,423337408,7258269696.0000,1.556700,,,,
661,2014-09-25,sh.000912,5676.0100,5699.0310,5615.7330,5636.8320,5650.6440,381134000,6794229504.0000,-0.244432,,,,
662,2014-09-26,sh.000912,5618.0480,5657.4100,5583.9600,5645.0750,5636.8320,417147408,5942626304.0000,0.146237,,,,
663,2014-09-29,sh.000912,5660.5960,5689.4110,5656.6010,5676.7410,5645.0750,473412896,7092341760.0000,0.560949,,,,
664,2014-09-30,sh.000912,5683.4230,5692.8030,5649.4360,5683.5990,5676.7410,587462704,7626908928.0000,0.120807,,,,
665,2014-10-08,sh.000912,5685.1710,5746.1500,5625.7330,5744.5650,5683.5990,505678896,8572125440.0000,1.072662,,,,
666,2014-10-09,sh.000912,5730.7380,5745.2990,5679.0590,5717.2380,5744.5650,454602704,7546626560.0000,-0.475704,,,,
667,2014-10-10,sh.000912,5688.7850,5690.4860,5621.6370,5642.7820,5717.2380,466598000,7710331904.0000,-1.302300,,,,
668,2014-10-13,sh.000912,5608.3550,5608.3550,5477.6400,5548.7380,5642.7820,493263104,9161909760.0000,-1.666632,,,,
669,2014-10-14,sh.000912,5530.1980,5577.4760,5516.8970,5538.6980,5548.7380,426838000,7104161280.0000,-0.180934,,,,
670,2014-10-15,sh.000912,5531.2480,5568.8770,5496.5150,5563.6100,5538.6980,416093904,7042326784.0000,0.449774,,,,
671,2014-10-16,sh.000912,5533.1010,5587.9900,5510.8030,5512.9000,5563.6100,434254000,7258981632.0000,-0.911458,,,,
672,2014-10-17,sh.000912,5515.2640,5558.2320,5474.2630,5551.9790,5512.9000,415927296,7125256704.0000,0.708866,,,,
673,2014-10-20,sh.000912,5568.2820,5590.4080,5553.7150,5574.7710,5551.9790,373979904,6130503424.0000,0.410520,,,,
674,2014-10-21,sh.000912,5570.1510,5583.2480,5537.1540,5544.7760,5574.7710,305148800,5466463488.0000,-0.538051,,,,
675,2014-10-22,sh.000912,5545.4360,5555.4300,5480.1060,5483.6080,5544.7760,309095200,5170035456.0000,-1.103164,,,,
676,2014-10-23,sh.000912,5476.8310,5483.5660,5389.7780,5406.1060,5483.6080,337412496,5632984320.0000,-1.413339,,,,
677,2014-10-24,sh.000912,5404.8300,5425.7100,5377.3080,5396.4900,5406.1060,283342496,4740477952.0000,-0.177868,,,,
678,2014-10-27,sh.000912,5369.0190,5393.9580,5303.3920,5385.9130,5396.4900,257026100,4734403584.0000,-0.196000,,,,
679,2014-10-28,sh.000912,5392.0720,5420.1660,5386.8670,5418.8450,5385.9130,448069296,8044599040.0000,0.611449,,,,
680,2014-10-29,sh.000912,5420.2210,5457.7960,5395.3980,5452.4800,5418.8450,468459104,7767958272.0000,0.620700,,,,
681,2014-10-30,sh.000912,5451.3860,5482.4090,5433.2720,5442.7170,5452.4800,461461808,8107532288.0000,-0.179060,,,,
682,2014-10-31,sh.000912,5440.1500,5458.8060,5388.6390,5453.3700,5442.7170,462251600,7851316480.0000,0.195735,,,,
683,2014-11-03,sh.000912,5455.0730,5466.5050,5421.4850,5437.6960,5453.3700,405599104,6884412416.0000,-0.287424,,,,
684,2014-11-04,sh.000912,5429.6350,5429.6350,5338.2020,5347.2420,5437.6960,406920304,7318307328.0000,-1.663455,,,,
685,2014-11-05,sh.000912,5342.1630,5342.1630,5275.6230,5292.7190,5347.2420,474321504,7644882176.0000,-1.019646,,,,
686,2014-11-06,sh.000912,5303.5270,5317.9750,5282.4560,5316.9800,5292.7190,340156608,5614803456.0000,0.458380,,,,
687,2014-11-07,sh.000912,5321.1220,5323.0390,5268.1800,5279.8860,5316.9800,453847600,7672570880.0000,-0.697647,,,,
688,2014-11-10,sh.000912,5302.9980,5441.0300,5291.2530,5440.9550,5279.8860,574821696,10876516608.0000,3.050612,,,,
689,2014-11-11,sh.000912,5461.5500,5476.7210,5369.0360,5411.3860,5440.9550,846278800,13230777856.0000,-0.543450,,,,
690,2014-11-12,sh.000912,5405.2650,5464.0310,5389.9440,5463.6550,5411.3860,672390800,9985767936.0000,0.965900,,,,
691,2014-11-13,sh.000912,5474.9160,5477.2790,5413.1460,5450.2770,5463.6550,787194800,12044408320.0000,-0.244853,,,,
692,2014-11-14,sh.000912,5433.6590,5554.4110,5424.5500,5548.1590,5450.2770,679007200,12263219456.0000,1.795915,,,,
693,2014-11-17,sh.000912,5686.7300,5686.7300,5554.9110,5556.5360,5548.1590,555078304,11561584128.0000,0.150986,,,,
694,2014-11-18,sh.000912,5565.9790,5566.9540,5467.8530,5474.7210,5556.5360,642876208,10646521600.0000,-1.472409,,,,
695,2014-11-19,sh.000912,5468.2250,5479.6350,5441.3210,5455.4510,5474.7210,516910800,8048258816.0000,-0.351982,,,,
696,2014-11-20,sh.000912,5436.0160,5436.0160,5401.0520,5417.5490,5455.4510,503830800,7194133248.0000,-0.694761,,,,
697,2014-11-21,sh.000912,5423.9870,5473.7430,5412.5240,5473.2650,5417.5490,630823200,9180896512.0000,1.028441,,,,
698,2014-11-24,sh.000912,5507.4350,5525.6160,5453.7380,5506.6160,5473.2650,764839296,12535719936.0000,0.609345,,,,
699,2014-11-25,sh.000912,5506.2940,5574.2080,5492.4270,5573.3110,5506.6160,675706496,11407720960.0000,1.211176,,,,
700,2014-11-26,sh.000912,5585.9990,5593.1240,5555.6580,5592.8500,5573.3110,760004800,12589211904.0000,0.350583,,,,
701,2014-11-27,sh.000912,5596.3020,5611.1060,5568.5980,5597.7920,5592.8500,878012896,14499488768.0000,0.088361,,,,
702,2014-11-28,sh.000912,5603.0050,5607.7330,5526.0920,5580.1600,5597.7920,815379200,14362485248.0000,-0.314978,,,,
703,2014-12-01,sh.000912,5585.5370,5715.2080,5580.5370,5710.5160,5580.1600,1036231008,19101369088.0000,2.336061,,,,
704,2014-12-02,sh.000912,5691.9970,5768.8880,5671.0460,5756.6990,5710.5160,906821696,16658749184.0000,0.808738,,,,
705,2014-12-03,sh.000912,5782.8310,5910.2560,5773.5220,5871.9000,5756.6990,1274705008,23232323072.0000,2.001159,,,,
706,2014-12-04,sh.000912,5898.2300,6030.5870,5897.0260,6030.0500,5871.9000,1160719504,21508370944.0000,2.693334,,,,
707,2014-12-05,sh.000912,6089.1290,6108.5110,5773.4290,5883.7380,6030.0500,1229184800,22764916992.0000,-2.426381,,,,
708,2014-12-08,sh.000912,5846.4700,5997.6310,5810.5430,5960.5950,5883.7380,1064106400,19800464640.0000,1.306269,,,,
709,2014-12-09,sh.000912,5936.9030,6263.9270,5873.5050,5903.3870,5960.5950,1685654208,32066184960.0000,-0.959770,,,,
710,2014-12-10,sh.000912,5952.0310,6161.9550,5952.0310,6161.9550,5903.3870,1088848496,20781110784.0000,4.379992,,,,
711,2014-12-11,sh.000912,6152.0210,6206.1590,6051.1190,6122.1550,6161.9550,1068429200,17808542464.0000,-0.645904,,,,
712,2014-12-12,sh.000912,6144.5310,6191.4780,6115.1820,6152.2050,6122.1550,776319200,13564133120.0000,0.490845,,,,
713,2014-12-15,sh.000912,6125.6340,6224.9960,6110.2090,6218.0090,6152.2050,775717008,15286810624.0000,1.069596,,,,
714,2014-12-16,sh.000912,6205.8790,6208.6330,6082.8930,6131.8240,6218.0090,765949904,14194036736.0000,-1.386048,,,,
715,2014-12-17,sh.000912,6120.0410,6123.4110,5973.2580,6024.0010,6131.8240,831632096,15115690240.0000,-1.758420,,,,
716,2014-12-18,sh.000912,6024.2570,6081.4990,6017.4250,6059.4630,6024.0010,666419104,11551382272.0000,0.588677,,,,
717,2014-12-19,sh.000912,6062.0340,6065.5420,5961.6820,6049.7090,6059.4630,850709104,15204386816.0000,-0.160970,,,,
718,2014-12-22,sh.000912,6048.2630,6114.9710,5937.4030,6114.0400,6049.7090,1221769200,21239916544.0000,1.063374,,,,
719,2014-12-23,sh.000912,6094.8410,6245.3250,6070.9830,6137.0990,6114.0400,948972000,18628164352.0000,0.377150,,,,
720,2014-12-24,sh.000912,6145.1380,6201.6630,6040.6210,6095.5550,6137.0990,887357200,16315869696.0000,-0.676931,,,,
721,2014-12-25,sh.000912,6102.5280,6147.5700,6074.5460,6146.1640,6095.5550,686124608,11803355136.0000,0.830259,,,,
722,2014-12-26,sh.000912,6138.3420,6209.2810,6084.3480,6201.1210,6146.1640,757272496,13752991232.0000,0.894168,,,,
723,2014-12-29,sh.000912,6207.9970,6294.9460,6143.6570,6216.4510,6201.1210,1112489296,21959875840.0000,0.247215,,,,
724,2014-12-30,sh.000912,6203.4140,6230.0290,6137.3060,6169.4870,6216.4510,763513408,14283216896.0000,-0.755485,,,,
725,2014-12-31,sh.000912,6158.9810,6253.1280,6144.8450,6238.6800,6169.4870,701271808,12596131328.0000,1.121542,,,,
726,2015-01-05,sh.000912,6258.5370,6557.8070,6252.9950,6544.4670,6238.6800,1151698608,23439596800.0000,4.901463,,,,
727,2015-01-06,sh.000912,6488.9180,6612.2380,6469.9500,6574.9950,6544.4670,1015418000,20630843136.0000,0.466475,,,,
728,2015-01-07,sh.000912,6542.7350,6594.3970,6418.4380,6481.3170,6574.9950,805191808,15736565248.0000,-1.424765,,,,
729,2015-01-08,sh.000912,6488.3230,6543.7040,6434.1070,6464.9060,6481.3170,835256400,14560429568.0000,-0.253207,,,,
730,2015-01-09,sh.000912,6442.3650,6555.7110,6372.5130,6376.5470,6464.9060,844451408,15794594304.0000,-1.366747,,,,
731,2015-01-12,sh.000912,6341.5870,6379.8820,6273.0110,6354.4880,6376.5470,815353008,14791379968.0000,-0.345941,,,,
732,2015-01-13,sh.000912,6352.2400,6403.3760,6311.8640,6349.8200,6354.4880,560756896,10303401216.0000,-0.073459,,,,
733,2015-01-14,sh.000912,6348.8220,6373.6540,6218.9820,6249.2190,6349.8200,546251296,10681914880.0000,-1.584306,,,,
734,2015-01-15,sh.000912,6247.4910,6313.6800,6208.3670,6313.1590,6249.2190,503644304,9561416960.0000,1.023167,,,,
735,2015-01-16,sh.000912,6324.3600,6380.4940,6310.6160,6366.2830,6313.1590,663873296,11917753856.0000,0.841481,,,,
736,2015-01-19,sh.000912,6184.1730,6304.6030,5959.2240,6036.0040,6366.2830,872178208,15866193664.0000,-5.187945,,,,
737,2015-01-20,sh.000912,6077.5200,6208.3520,6068.9940,6186.4790,6036.0040,725052208,13172336384.0000,2.492959,,,,
738,2015-01-21,sh.000912,6207.7590,6350.4150,6197.2490,6346.3440,6186.4790,841077904,15047470848.0000,2.584107,,,,
739,2015-01-22,sh.000912,6353.8370,6390.8880,6294.3910,6346.4720,6346.3440,755292704,13389752320.0000,0.002016,,,,
740,2015-01-23,sh.000912,6338.0910,6386.9690,6269.7250,6304.5440,6346.4720,723668208,13236708864.0000,-0.660654,,,,
741,2015-01-26,sh.000912,6309.7530,6440.0520,6304.4480,6431.4950,6304.5440,673126304,12680754688.0000,2.013646,,,,
742,2015-01-27,sh.000912,6438.8190,6462.3700,6320.9000,6415.7160,6431.4950,795639104,14472567296.0000,-0.245344,,,,
743,2015-01-28,sh.000912,6378.9880,6420.1520,6316.8590,6330.7770,6415.7160,600758304,10615065600.0000,-1.323920,,,,
744,2015-01-29,sh.000912,6272.7410,6302.4290,6219.0670,6260.2340,6330.7770,451947600,8516096000.0000,-1.114286,,,,
745,2015-01-30,sh.000912,6283.8860,6344.6160,6229.2950,6248.5690,6260.2340,459161504,8542241024.0000,-0.186335,,,,
746,2015-02-02,sh.000912,6196.2720,6219.8390,6143.3270,6151.6440,6248.5690,568998208,9199629824.0000,-1.551152,,,,
747,2015-02-03,sh.000912,6204.6960,6232.7250,6158.9450,6232.7250,6151.6440,500233808,8652858624.0000,1.318039,,,,
748,2015-02-04,sh.000912,6244.0540,6299.2530,6194.3080,6199.6140,6232.7250,432871504,8389531136.0000,-0.531250,,,,
749,2015-02-05,sh.000912,6258.5690,6283.7060,6129.8590,6129.8590,6199.6140,528451904,10277946112.0000,-1.125149,,,,
750,2015-02-06,sh.000912,6129.6740,6161.4440,6024.6280,6056.0700,6129.8590,423694400,7823544576.0000,-1.203764,,,,
751,2015-02-09,sh.000912,6069.1110,6197.7870,6067.2200,6172.6920,6056.0700,354174496,8171707648.0000,1.925706,,,,
752,2015-02-10,sh.000912,6191.4840,6243.3720,6190.5540,6231.1340,6172.6920,400062000,8214843136.0000,0.946781,,,,
753,2015-02-11,sh.000912,6239.8780,6312.6210,6237.1970,6307.6260,6231.1340,567517200,10795015168.0000,1.227581,,,,
754,2015-02-12,sh.000912,6330.6620,6376.5360,6312.8330,6368.4800,6307.6260,713412896,13451140096.0000,0.964769,,,,
755,2015-02-13,sh.000912,6397.5140,6479.4050,6390.6630,6421.4130,6368.4800,753326400,15107206912.0000,0.831173,,,,
756,2015-02-16,sh.000912,6447.5910,6485.6890,6440.9920,6483.8170,6421.4130,690440208,14577732096.0000,0.971808,,,,
757,2015-02-17,sh.000912,6495.2390,6509.1310,6460.9760,6465.2220,6483.8170,587609904,11334703872.0000,-0.286787,,,,
758,2015-02-25,sh.000912,6478.4690,6478.5030,6378.4440,6413.8950,6465.2220,537583008,11100920320.0000,-0.793896,,,,
759,2015-02-26,sh.000912,6414.3630,6519.5090,6409.2310,6505.1060,6413.8950,630488208,12688460544.0000,1.422083,,,,
760,2015-02-27,sh.000912,6506.7480,6578.3200,6505.9430,6549.5970,6505.1060,581724000,12304941056.0000,0.683943,,,,
761,2015-03-02,sh.000912,6551.8540,6584.0830,6513.4010,6583.8340,6549.5970,768777296,15348439808.0000,0.522732,,,,
762,2015-03-03,sh.000912,6550.1680,6575.6850,6475.9390,6483.7530,6583.8340,782705600,15259771648.0000,-1.520103,,,,
763,2015-03-04,sh.000912,6520.1820,6612.5190,6512.8370,6606.1650,6483.7530,796457600,15336670720.0000,1.887982,,,,
764,2015-03-05,sh.000912,6612.0690,6666.0420,6578.6240,6615.0690,6606.1650,854719504,16551652608.0000,0.134780,,,,
765,2015-03-06,sh.000912,6675.8260,6682.6320,6583.1220,6586.0930,6615.0690,742719808,15402977792.0000,-0.438031,,,,
766,2015-03-09,sh.000912,6602.7960,6742.6930,6554.7970,6734.1760,6586.0930,607190208,13245240320.0000,2.248420,,,,
767,2015-03-10,sh.000912,6752.9550,6776.8790,6730.9130,6771.7750,6734.1760,785098304,16936722944.0000,0.558333,,,,
768,2015-03-11,sh.000912,6775.7830,6848.5310,6731.4450,6753.9060,6771.7750,787474096,16668793344.0000,-0.263877,,,,
769,2015-03-12,sh.000912,6773.5370,6776.0540,6710.4730,6756.7420,6753.9060,688179600,14839471872.0000,0.041997,,,,
770,2015-03-13,sh.000912,6757.5650,6812.0910,6724.7910,6805.1330,6756.7420,648429008,13744975616.0000,0.716183,,,,
771,2015-03-16,sh.000912,6884.6870,7007.4790,6856.6830,6994.9060,6805.1330,892829696,18989774848.0000,2.788674,,,,
772,2015-03-17,sh.000912,7031.6990,7083.8280,6979.7720,7049.5700,6994.9060,1064505600,21102520832.0000,0.781484,,,,
773,2015-03-18,sh.000912,7062.4020,7171.2920,7037.9530,7167.1840,7049.5700,1054473104,20490149888.0000,1.668389,,,,
774,2015-03-19,sh.000912,7176.0930,7176.1070,7062.6770,7104.9480,7167.1840,1031601504,19748763392.0000,-0.868344,,,,
775,2015-03-20,sh.000912,7090.2450,7161.1640,7077.3760,7122.2150,7104.9480,977434000,21202361856.0000,0.243022,,,,
776,2015-03-23,sh.000912,7151.9590,7272.7050,7151.7790,7272.1900,7122.2150,1189770208,25339797504.0000,2.105737,,,,
777,2015-03-24,sh.000912,7282.1050,7311.8780,7144.7880,7299.7530,7272.1900,1344202000,29293495552.0000,0.379019,,,,
778,2015-03-25,sh.000912,7270.3500,7366.6510,7234.6550,7318.2650,7299.7530,1229543904,26143328512.0000,0.253601,,,,
779,2015-03-26,sh.000912,7308.9930,7439.8190,7283.2750,7422.3880,7318.2650,1242035104,27019596544.0000,1.422783,,,,
780,2015-03-27,sh.000912,7419.7860,7446.8740,7364.0080,7391.9180,7422.3880,929373904,19769727488.0000,-0.410518,,,,
781,2015-03-30,sh.000912,7420.8860,7521.8260,7379.6770,7483.9300,7391.9180,1033980496,22208424448.0000,1.244768,,,,
782,2015-03-31,sh.000912,7488.7080,7562.2850,7389.9150,7411.5270,7483.9300,1041278096,23002811648.0000,-0.967451,,,,
783,2015-04-01,sh.000912,7416.4310,7532.7690,7408.6320,7489.6860,7411.5270,907639504,19940943104.0000,1.054562,,,,
784,2015-04-02,sh.000912,7541.7850,7627.1670,7461.7520,7551.3900,7489.6860,1001258800,22703590144.0000,0.823854,,,,
785,2015-04-03,sh.000912,7514.3100,7624.9260,7488.7360,7619.1380,7551.3900,1101204896,22151758592.0000,0.897160,,,,
786,2015-04-07,sh.000912,7642.4650,7841.5350,7640.6050,7839.9090,7619.1380,1168011808,26659568384.0000,2.897585,,,,
787,2015-04-08,sh.000912,7874.7020,7992.0360,7743.2700,7895.6990,7839.9090,1245520000,30036592384.0000,0.711616,,,,
788,2015-04-09,sh.000912,7879.8450,7904.7210,7606.6380,7777.6830,7895.6990,1195177808,26211157504.0000,-1.494689,,,,
789,2015-04-10,sh.000912,7778.8040,8002.3420,7760.6620,7998.6170,7777.6830,1157422000,26647495168.0000,2.840616,,,,
790,2015-04-13,sh.000912,8033.5810,8094.1990,7955.3110,8062.2350,7998.6170,1150831808,26801379328.0000,0.795358,,,,
791,2015-04-14,sh.000912,8066.4480,8233.6480,8031.9580,8098.6460,8062.2350,1200801200,28100922624.0000,0.451626,,,,
792,2015-04-15,sh.000912,8101.3910,8108.1610,7857.1810,7862.8090,8098.6460,990225200,22380397824.0000,-2.912054,,,,
793,2015-04-16,sh.000912,7846.7450,8303.2000,7825.3610,8250.0700,7862.8090,1035852304,26479262208.0000,4.925228,,,,
794,2015-04-17,sh.000912,8338.0370,8447.4810,8191.8480,8297.7130,8250.0700,1272215408,31955463680.0000,0.577481,,,,
795,2015-04-20,sh.000912,8282.6160,8477.1420,8206.8860,8228.9180,8297.7130,1481175104,34629903872.0000,-0.829083,,,,
796,2015-04-21,sh.000912,8286.4840,8670.0770,8272.8430,8669.1730,8228.9180,1144541296,29592788480.0000,5.350094,,,,
797,2015-04-22,sh.000912,8772.8550,8798.6140,8653.5370,8783.0540,8669.1730,1231866208,31678404864.0000,1.313630,,,,
798,2015-04-23,sh.000912,8800.8810,8802.0750,8597.0590,8706.9320,8783.0540,1205717600,29392026880.0000,-0.866692,,,,
799,2015-04-24,sh.000912,8608.9040,8728.6760,8519.9710,8697.7590,8706.9320,1122074208,28188809472.0000,-0.105351,,,,
800,2015-04-27,sh.000912,8769.6220,8878.1800,8688.5660,8748.9380,8697.7590,1170612208,28962446336.0000,0.588424,,,,
801,2015-04-28,sh.000912,8730.0720,8762.7410,8341.5690,8401.3190,8748.9380,1234931200,30790262016.0000,-3.973272,,,,
802,2015-04-29,sh.000912,8368.4490,8542.6670,8367.1730,8538.5450,8401.3190,784649504,20620251136.0000,1.633381,,,,
803,2015-04-30,sh.000912,8588.0330,8625.8480,8494.0960,8495.7140,8538.5450,942260208,23274209024.0000,-0.501620,,,,
804,2015-05-04,sh.000912,8506.7940,8580.3420,8449.4150,8580.0860,8495.7140,846366496,18035251712.0000,0.993113,,,,
805,2015-05-05,sh.000912,8548.3130,8560.5600,8221.9490,8251.8900,8580.0860,966693008,22188026112.0000,-3.825094,,,,
806,2015-05-06,sh.000912,8358.2880,8407.7200,8131.3330,8173.0950,8251.8900,842991504,19865558528.0000,-0.954865,,,,
807,2015-05-07,sh.000912,8176.7090,8250.6850,8126.6290,8129.2600,8173.0950,707062000,17148046080.0000,-0.536338,,,,
808,2015-05-08,sh.000912,8200.7050,8350.8110,8178.1930,8345.6000,8129.2600,712064400,17614853376.0000,2.661249,,,,
809,2015-05-11,sh.000912,8384.8300,8527.8860,8273.9580,8526.8790,8345.6000,979561008,24817972224.0000,2.172154,,,,
810,2015-05-12,sh.000912,8526.2200,8625.7100,8472.9770,8615.5150,8526.8790,1119636608,28195106048.0000,1.039486,,,,
811,2015-05-13,sh.000912,8606.5240,8832.2570,8548.6920,8733.9790,8615.5150,1440671600,33165555200.0000,1.375006,,,,
812,2015-05-14,sh.000912,8712.4920,8758.7480,8621.8880,8648.3630,8733.9790,1215677600,26691689216.0000,-0.980255,,,,
813,2015-05-15,sh.000912,8650.0210,8650.0210,8434.1480,8504.5720,8648.3630,1136592896,26765050624.0000,-1.662638,,,,
814,2015-05-18,sh.000912,8457.7670,8496.1150,8401.4730,8426.7750,8504.5720,1003756096,23674848256.0000,-0.914765,,,,
815,2015-05-19,sh.000912,8435.6080,8664.4790,8412.4740,8655.6190,8426.7750,1026914096,25314233088.0000,2.715674,,,,
816,2015-05-20,sh.000912,8686.3650,8879.0240,8672.3720,8717.2130,8655.6190,1354857600,32536061696.0000,0.711604,,,,
817,2015-05-21,sh.000912,8770.6700,9032.2030,8766.1330,9030.5730,8717.2130,1369583904,34514874624.0000,3.594731,,,,
818,2015-05-22,sh.000912,9172.6250,9247.5500,9041.1870,9240.4590,9030.5730,1511938096,37536226304.0000,2.324169,,,,
819,2015-05-25,sh.000912,9204.9420,9602.0330,9201.6940,9596.9470,9240.4590,1503897200,38230646016.0000,3.857907,,,,
820,2015-05-26,sh.000912,9620.3980,9802.5780,9513.7180,9760.5250,9596.9470,1592975600,41085521408.0000,1.704481,,,,
821,2015-05-27,sh.000912,9810.1850,9882.0920,9638.6950,9790.8970,9760.5250,1630342208,41420696832.0000,0.311173,,,,
822,2015-05-28,sh.000912,9793.8740,9934.7730,9148.3540,9166.3730,9790.8970,1984741008,46213718784.0000,-6.378623,,,,
823,2015-05-29,sh.000912,9088.2260,9285.8380,8759.5740,9086.0840,9166.3730,1473132704,32832982016.0000,-0.875909,,,,
824,2015-06-01,sh.000912,9131.4590,9531.5970,9069.4920,9521.2650,9086.0840,1318362704,31552409344.0000,4.789529,,,,
825,2015-06-02,sh.000912,9561.9250,9734.8670,9444.7110,9732.9600,9521.2650,1518182304,36958536704.0000,2.223395,,,,
826,2015-06-03,sh.000912,9702.2240,9712.5600,9435.5210,9586.1650,9732.9600,1397364608,33857551104.0000,-1.508225,,,,
827,2015-06-04,sh.000912,9583.7090,9594.2600,8837.0680,9420.5510,9586.1650,1311046704,32653734400.0000,-1.727638,,,,
828,2015-06-05,sh.000912,9502.8880,9604.9600,9222.9890,9482.6940,9420.5510,1566056896,38244180480.0000,0.659659,,,,
829,2015-06-08,sh.000912,9539.6170,9709.6610,9357.5370,9673.4380,9482.6940,1718246800,42253857280.0000,2.011497,,,,
830,2015-06-09,sh.000912,9690.4910,9779.1980,9569.5220,9669.0510,9673.4380,1423220608,35695746304.0000,-0.045358,,,,
831,2015-06-10,sh.000912,9627.0150,9979.9690,9535.0700,9864.6900,9669.0510,1476795696,38753604608.0000,2.023359,,,,
832,2015-06-11,sh.000912,9885.9850,9952.4690,9747.9490,9939.7780,9864.6900,1463787504,36292944384.0000,0.761178,,,,
833,2015-06-12,sh.000912,10060.0600,10251.1000,10044.3000,10115.3600,9939.7780,1900143696,47309295360.0000,1.766458,,,,
834,2015-06-15,sh.000912,10162.7600,10214.8000,9907.1020,9937.1990,10115.3600,1756943600,46710375168.0000,-1.761293,,,,
835,2015-06-16,sh.000912,9845.5220,9938.7900,9564.8510,9686.2690,9937.1990,1363044304,32956792064.0000,-2.525165,,,,
836,2015-06-17,sh.000912,9646.2210,9763.7190,9327.0310,9729.8660,9686.2690,1327538800,30206844672.0000,0.450097,,,,
837,2015-06-18,sh.000912,9649.4240,9714.9840,9279.5480,9294.7320,9729.8660,1287333200,29552861696.0000,-4.472146,,,,
838,2015-06-19,sh.000912,9146.3650,9217.8010,8620.0560,8625.6430,9294.7320,1135866304,25196385536.0000,-7.198592,,,,
839,2015-06-23,sh.000912,8672.7970,9012.2820,8304.4530,8988.4430,8625.6430,1231622800,26779174912.0000,4.206072,,,,
840,2015-06-24,sh.000912,9028.6380,9262.0360,8975.1500,9244.7550,8988.4430,1385878704,32452570112.0000,2.851568,,,,
841,2015-06-25,sh.000912,9288.9440,9306.3550,8857.0810,8946.2200,9244.7550,1376891904,30661091328.0000,-3.229238,,,,
842,2015-06-26,sh.000912,8720.7220,8844.1650,8144.9780,8276.0460,8946.2200,1460169408,32485259776.0000,-7.491140,,,,
843,2015-06-29,sh.000912,8519.1270,8559.5980,7641.2200,8052.9550,8276.0460,1797893408,39253239808.0000,-2.695621,,,,
844,2015-06-30,sh.000912,8034.1040,8558.7650,7753.4170,8557.8690,8052.9550,1767817008,36712889344.0000,6.269923,,,,
845,2015-07-01,sh.000912,8419.8520,8832.8820,8175.3370,8227.4250,8557.8690,1588282496,34526053888.0000,-3.861292,,,,
846,2015-07-02,sh.000912,8255.7610,8313.3260,7681.0760,7861.7510,8227.4250,1516957504,30655397632.0000,-4.444572,,,,
847,2015-07-03,sh.000912,7741.6480,8008.4680,7204.1730,7458.2040,7861.7510,1554369904,29224516608.0000,-5.133040,,,,
848,2015-07-06,sh.000912,8127.3260,8127.3260,7280.2290,7670.2500,7458.2040,2053626704,41302889472.0000,2.843123,,,,
849,2015-07-07,sh.000912,7454.3240,7604.0670,7175.7340,7334.2670,7670.2500,2001869296,35393896448.0000,-4.380338,,,,
850,2015-07-08,sh.000912,6754.5840,6984.0310,6670.5690,6862.4670,7334.2670,2132035696,37557072128.0000,-6.432822,,,,
851,2015-07-09,sh.000912,6874.8440,7409.4980,6809.2670,7395.8320,6862.4670,1325264496,22633726208.0000,7.772209,,,,
852,2015-07-10,sh.000912,7641.8650,8051.6420,7555.8270,7955.6900,7395.8320,1236668096,30206682880.0000,7.569911,,,,
853,2015-07-13,sh.000912,8071.7950,8367.7370,7928.7670,8223.4800,7955.6900,1671289504,35329677056.0000,3.366025,,,,
854,2015-07-14,sh.000912,8220.6640,8325.6470,7959.5050,8021.8750,8223.4800,1992396608,36075069952.0000,-2.451583,,,,
855,2015-07-15,sh.000912,7883.8370,7991.4460,7521.4270,7710.8960,8021.8750,1388856400,24522794240.0000,-3.876637,,,,
856,2015-07-16,sh.000912,7689.3310,7972.4380,7533.5430,7843.4420,7710.8960,1167866704,20034822912.0000,1.718943,,,,
857,2015-07-17,sh.000912,7895.3750,8231.8970,7845.6040,8153.5570,7843.4420,1292872496,22788258816.0000,3.953816,,,,
858,2015-07-20,sh.000912,8133.2070,8256.7400,7999.8850,8094.3630,8153.5570,1394037200,24871234816.0000,-0.725994,,,,
859,2015-07-21,sh.000912,8008.1250,8158.3530,7925.2960,8097.5770,8094.3630,1165485200,20370132992.0000,0.039711,,,,
860,2015-07-22,sh.000912,8101.1310,8207.3280,8000.4890,8116.4400,8097.5770,1330563200,23245561856.0000,0.232944,,,,
861,2015-07-23,sh.000912,8140.9920,8284.7930,8064.1900,8262.2560,8116.4400,1519583008,26607896320.0000,1.796550,,,,
862,2015-07-24,sh.000912,8288.1750,8376.2670,8089.8100,8135.0090,8262.2560,1475804096,26990500352.0000,-1.540101,,,,
863,2015-07-27,sh.000912,8008.1370,8141.6010,7419.4380,7426.4210,8135.0090,1542155504,26836840704.0000,-8.710352,,,,
864,2015-07-28,sh.000912,7236.2030,7579.0330,7064.4850,7480.3050,7426.4210,1557962896,25352026368.0000,0.725575,,,,
865,2015-07-29,sh.000912,7542.0690,7761.1050,7398.4890,7744.5010,7480.3050,1235522800,20564425216.0000,3.531885,,,,
866,2015-07-30,sh.000912,7706.4390,7782.2290,7491.8330,7523.5700,7744.5010,1109591808,17916521216.0000,-2.852749,,,,
867,2015-07-31,sh.000912,7465.0590,7628.4770,7430.6990,7604.7610,7523.5700,909580496,14548238848.0000,1.079161,,,,
868,2015-08-03,sh.000912,7534.8230,7703.5660,7507.5370,7695.9630,7604.7610,993652304,16933067776.0000,1.199270,,,,
869,2015-08-04,sh.000912,7703.4580,7915.0380,7648.7920,7914.0690,7695.9630,904181104,15895336960.0000,2.834031,,,,
870,2015-08-05,sh.000912,7892.8270,7909.9410,7696.8330,7732.2050,7914.0690,762395200,14347114496.0000,-2.297981,,,,
871,2015-08-06,sh.000912,7625.7720,7740.6510,7600.1910,7651.6920,7732.2050,564445296,9288573440.0000,-1.041271,,,,
872,2015-08-07,sh.000912,7722.9560,7818.2650,7695.3780,7779.4100,7651.6920,727126000,12350383872.0000,1.669151,,,,
873,2015-08-10,sh.000912,7851.2820,8108.8330,7811.1800,8063.8490,7779.4100,1065628400,19176716032.0000,3.656305,,,,
874,2015-08-11,sh.000912,8085.2640,8136.1570,8017.0020,8053.5090,8063.8490,1043570208,18818929408.0000,-0.128231,,,,
875,2015-08-12,sh.000912,8016.8870,8142.1050,7976.8340,7978.4850,8053.5090,1064549008,17466440448.0000,-0.931568,,,,
876,2015-08-13,sh.000912,8003.4230,8072.2890,7865.2470,8047.9910,7978.4850,960438400,16757289472.0000,0.871172,,,,
877,2015-08-14,sh.000912,8094.6590,8149.7610,8043.5520,8070.6920,8047.9910,950544704,17305708288.0000,0.282066,,,,
878,2015-08-17,sh.000912,8029.2960,8189.1850,8002.0250,8172.9540,8070.6920,975469504,18181700352.0000,1.267081,,,,
879,2015-08-18,sh.000912,8176.6900,8186.0100,7648.4390,7692.9870,8172.9540,1249317696,21822443776.0000,-5.872629,,,,
880,2015-08-19,sh.000912,7572.8150,7862.0050,7463.9970,7831.3170,7692.9870,1027389504,17144084992.0000,1.798132,,,,
881,2015-08-20,sh.000912,7756.4350,7792.3040,7618.0080,7623.3890,7831.3170,863098800,14227138560.0000,-2.655080,,,,
882,2015-08-21,sh.000912,7558.8160,7614.7500,7302.7870,7321.7730,7623.3890,837683808,14868146944.0000,-3.956458,,,,
883,2015-08-24,sh.000912,7071.8820,7087.5990,6701.1640,6709.4510,7321.7730,806453904,14291894528.0000,-8.363027,,,,
884,2015-08-25,sh.000912,6373.2840,6718.4050,6353.2350,6436.3670,6709.4510,1062143008,16951595264.0000,-4.070139,,,,
885,2015-08-26,sh.000912,6503.2080,6772.0060,6362.5380,6524.1260,6436.3670,1041759808,15781982464.0000,1.363483,,,,
886,2015-08-27,sh.000912,6666.5900,6877.3420,6561.8110,6873.7040,6524.1260,874508496,13623538688.0000,5.358237,,,,
887,2015-08-28,sh.000912,6912.7260,7082.4710,6783.8730,7050.2190,6873.7040,983260496,15784122880.0000,2.567977,,,,
888,2015-08-31,sh.000912,6941.3030,7027.0750,6787.5950,7023.8100,7050.2190,745162800,11845720064.0000,-0.374587,,,,
889,2015-09-01,sh.000912,6909.5630,7000.7600,6699.5780,6994.7300,7023.8100,841048704,14045010176.0000,-0.414021,,,,
890,2015-09-02,sh.000912,6752.1300,7026.9620,6746.7580,6997.9680,6994.7300,934377696,16400053248.0000,0.046289,,,,
891,2015-09-07,sh.000912,6936.3770,7120.7690,6742.8930,6772.6790,6997.9680,637372496,10061448960.0000,-3.219343,,,,
892,2015-09-08,sh.000912,6716.7110,6912.6420,6617.4070,6893.3780,6772.6790,568520000,8073074688.0000,1.782142,,,,
893,2015-09-09,sh.000912,6914.9290,7074.8980,6897.5180,6997.4030,6893.3780,941041008,12875049984.0000,1.509056,,,,
894,2015-09-10,sh.000912,6911.5280,7007.1940,6884.1830,6932.8330,6997.4030,607343200,8207265792.0000,-0.922768,,,,
895,2015-09-11,sh.000912,6921.3120,6972.7450,6831.3790,6907.1090,6932.8330,463192608,6484513792.0000,-0.371048,,,,
896,2015-09-14,sh.000912,6916.1380,6952.9310,6678.5440,6862.7260,6907.1090,873312704,13092341248.0000,-0.642567,,,,
897,2015-09-15,sh.000912,6741.7790,6787.4180,6590.2400,6674.6880,6862.7260,556519104,7778172416.0000,-2.740000,,,,
898,2015-09-16,sh.000912,6656.6110,7092.2910,6629.3250,6984.4580,6674.6880,636922208,8844737280.0000,4.641000,,,,
899,2015-09-17,sh.000912,6931.5780,7003.5340,6778.2150,6784.0540,6984.4580,704268800,9620967168.0000,-2.869300,,,,
900,2015-09-18,sh.000912,6817.2430,6868.4730,6764.1760,6823.1170,6784.0540,419268896,5875901952.0000,0.575800,,,,
901,2015-09-21,sh.000912,6775.7090,6933.5260,6748.7810,6920.4380,6823.1170,480229696,6668518144.0000,1.426300,,,,
902,2015-09-22,sh.000912,6939.1570,7003.2290,6916.8860,6959.8470,6920.4380,628914096,7835619584.0000,0.569500,,,,
903,2015-09-23,sh.000912,6881.9120,6924.8330,6814.9130,6826.3300,6959.8470,478374304,6137470464.0000,-1.918400,,,,
904,2015-09-24,sh.000912,6848.3380,6873.2270,6796.3550,6853.6570,6826.3300,376877696,5036580352.0000,0.400300,,,,
905,2015-09-25,sh.000912,6845.7410,6883.4070,6726.0340,6765.2580,6853.6570,414831008,5764625664.0000,-1.289800,,,,
906,2015-09-28,sh.000912,6742.9380,6780.9120,6670.5390,6774.1500,6765.2580,304059296,4045102272.0000,0.131400,,,,
907,2015-09-29,sh.000912,6702.9270,6769.8440,6692.9410,6718.4030,6774.1500,395792896,5025531136.0000,-0.822900,,,,
908,2015-09-30,sh.000912,6740.6460,6766.0640,6719.5350,6734.4000,6718.4030,358347008,4499608064.0000,0.238100,,,,
909,2015-10-08,sh.000912,6953.3890,7005.8820,6926.9600,6950.8250,6734.4000,679842000,9171656960.0000,3.213700,,,,
910,2015-10-09,sh.000912,6950.5340,7006.7630,6925.9140,6982.6420,6950.8250,539869504,7132459520.0000,0.457700,,,,
911,2015-10-12,sh.000912,7013.8330,7265.9790,7013.8330,7130.5940,6982.6420,1130475200,16499716864.0000,2.118900,,,,
912,2015-10-13,sh.000912,7106.9850,7192.5720,7085.9320,7177.7120,7130.5940,732461696,10249387264.0000,0.660800,,,,
913,2015-10-14,sh.000912,7175.5240,7190.5030,7098.2280,7101.3750,7177.7120,737099296,9480328448.0000,-1.063500,,,,
914,2015-10-15,sh.000912,7092.0620,7248.2530,7079.8500,7247.2750,7101.3750,794433904,10961061888.0000,2.054500,,,,
915,2015-10-16,sh.000912,7291.1950,7335.5000,7231.5160,7327.2870,7247.2750,958547600,14404571136.0000,1.104000,,,,
916,2015-10-19,sh.000912,7357.5330,7361.4400,7259.3200,7312.5220,7327.2870,849139696,12832815104.0000,-0.201500,,,,
917,2015-10-20,sh.000912,7295.2490,7340.7040,7242.2690,7339.6680,7312.5220,867256400,12911940096.0000,0.371200,,,,
918,2015-10-21,sh.000912,7343.0290,7372.7550,7035.1280,7090.2470,7339.6680,1017820896,15055573760.0000,-3.398300,,,,
919,2015-10-22,sh.000912,7090.0000,7257.7120,7083.9890,7245.7290,7090.2470,751741808,11507579904.0000,2.192900,,,,
920,2015-10-23,sh.000912,7295.3830,7426.5190,7273.2290,7396.3560,7245.7290,846123808,14466564608.0000,2.078800,,,,
921,2015-10-26,sh.000912,7447.2980,7485.4970,7347.1840,7445.6020,7396.3560,831375696,13802412800.0000,0.665800,,,,
922,2015-10-27,sh.000912,7410.6260,7420.1140,7243.8650,7396.7480,7445.6020,673945408,10412033024.0000,-0.656100,,,,
923,2015-10-28,sh.000912,7371.4110,7407.5600,7273.6940,7289.2530,7396.7480,575134608,9160457216.0000,-1.453300,,,,
924,2015-10-29,sh.000912,7325.1940,7403.6730,7297.5320,7358.5930,7289.2530,499978000,7844648192.0000,0.951300,,,,
925,2015-10-30,sh.000912,7421.8690,7458.9610,7363.4040,7385.3200,7358.5930,808855200,13063198976.0000,0.363200,,,,
926,2015-11-02,sh.000912,7299.7080,7403.2060,7231.8730,7263.0750,7385.3200,826033104,14255432192.0000,-1.655200,,,,
927,2015-11-03,sh.000912,7282.8610,7326.0930,7195.0720,7222.3030,7263.0750,627468000,11012121600.0000,-0.561400,,,,
928,2015-11-04,sh.000912,7247.0020,7490.6410,7247.0020,7488.5720,7222.3030,844120496,14563760896.0000,3.686800,,,,
929,2015-11-05,sh.000912,7480.2850,7650.4500,7468.6580,7515.2710,7488.5720,1144293008,19304482816.0000,0.356500,,,,
930,2015-11-06,sh.000912,7520.6570,7593.5540,7494.0990,7591.2260,7515.2710,822999600,13622546176.0000,1.010700,,,,
931,2015-11-09,sh.000912,7603.3050,7736.7250,7557.7750,7676.1270,7591.2260,1070732800,18552040448.0000,1.118400,,,,
932,2015-11-10,sh.000912,7646.9350,7694.0140,7571.3100,7639.4380,7676.1270,993525008,16471618304.0000,-0.478000,,,,
933,2015-11-11,sh.000912,7640.4970,7651.6190,7569.1650,7632.8170,7639.4380,751425296,12743046656.0000,-0.086700,,,,
934,2015-11-12,sh.000912,7645.6440,7662.5320,7551.6700,7589.5820,7632.8170,724717696,12239049984.0000,-0.566400,,,,
935,2015-11-13,sh.000912,7532.0910,7541.3030,7420.4790,7424.5980,7589.5820,657314400,11373484800.0000,-2.173800,,,,
936,2015-11-16,sh.000912,7326.3370,7452.5470,7318.3010,7449.0800,7424.5980,464071408,7861908992.0000,0.329700,,,,
937,2015-11-17,sh.000912,7482.7500,7564.4620,7435.0040,7468.3770,7449.0800,673124608,11422460160.0000,0.259100,,,,
938,2015-11-18,sh.000912,7464.8070,7494.7780,7424.9700,7445.6270,7468.3770,549724608,9244911360.0000,-0.304600,,,,
939,2015-11-19,sh.000912,7446.1810,7498.2010,7422.5380,7497.9540,7445.6270,439786608,7339094016.0000,0.702800,,,,
940,2015-11-20,sh.000912,7505.0500,7513.2560,7445.6530,7480.7570,7497.9540,588786208,9522131968.0000,-0.229400,,,,
941,2015-11-23,sh.000912,7467.5350,7496.4140,7427.1810,7442.2800,7480.7570,629709296,9589493248.0000,-0.514300,,,,
942,2015-11-24,sh.000912,7435.2160,7442.5400,7357.5800,7424.7050,7442.2800,436307104,7021637888.0000,-0.236100,,,,
943,2015-11-25,sh.000912,7421.0830,7537.8460,7403.8410,7536.2570,7424.7050,789425200,11995709184.0000,1.502400,,,,
944,2015-11-26,sh.000912,7559.8310,7568.5430,7502.6070,7529.9550,7536.2570,889010496,14518125312.0000,-0.083600,,,,
945,2015-11-27,sh.000912,7508.6870,7508.6870,7216.3840,7246.2260,7529.9550,727460096,11150610432.0000,-3.768000,,,,
946,2015-11-30,sh.000912,7258.9110,7288.6870,7085.0380,7254.3210,7246.2260,569063696,9040111872.0000,0.111700,,,,
947,2015-12-01,sh.000912,7248.1720,7319.8650,7205.5590,7318.6700,7254.3210,414028096,6624407040.0000,0.887000,,,,
948,2015-12-02,sh.000912,7324.9730,7513.6640,7298.2590,7496.6250,7318.6700,579395696,10199576320.0000,2.431500,,,,
949,2015-12-03,sh.000912,7463.9050,7511.4460,7448.8700,7503.7630,7496.6250,465810000,8118165248.0000,0.095200,,,,
950,2015-12-04,sh.000912,7475.2290,7485.2890,7403.3750,7432.9090,7503.7630,603747200,8400619520.0000,-0.944200,,,,
951,2015-12-07,sh.000912,7444.4970,7486.0530,7403.2390,7463.2010,7432.9090,552427104,8700588032.0000,0.407500,,,,
952,2015-12-08,sh.000912,7438.1650,7438.2300,7300.0200,7304.2570,7463.2010,509912096,7584321280.0000,-2.129700,,,,
953,2015-12-09,sh.000912,7288.5200,7361.2950,7283.9460,7329.4630,7304.2570,426597696,6634654976.0000,0.345100,,,,
954,2015-12-10,sh.000912,7338.2170,7367.1660,7288.0790,7299.0160,7329.4630,434327904,6540438016.0000,-0.415400,,,,
955,2015-12-11,sh.000912,7276.9740,7276.9740,7189.4350,7240.7160,7299.0160,536592400,8130008064.0000,-0.798700,,,,
956,2015-12-14,sh.000912,7192.5600,7329.3440,7180.1100,7322.9060,7240.7160,454732704,7495305472.0000,1.135100,,,,
957,2015-12-15,sh.000912,7331.5180,7356.0710,7305.9010,7352.0130,7322.9060,452773296,7323511040.0000,0.397500,,,,
958,2015-12-16,sh.000912,7358.0450,7364.6830,7296.0010,7300.2790,7352.0130,378762496,6370956800.0000,-0.703700,,,,
959,2015-12-17,sh.000912,7332.7480,7428.3380,7331.7190,7418.1510,7300.2790,452797296,8502336000.0000,1.614600,,,,
960,2015-12-18,sh.000912,7417.9720,7544.3270,7399.6290,7535.2760,7418.1510,550490704,10738755328.0000,1.578900,,,,
961,2015-12-21,sh.000912,7562.2470,7961.6040,7562.2470,7931.5030,7535.2760,803805808,18154991616.0000,5.258300,,,,
962,2015-12-22,sh.000912,8024.3300,8085.4690,7896.1880,7951.7580,7931.5030,926962704,19045190144.0000,0.255400,,,,
963,2015-12-23,sh.000912,7957.6220,8012.9810,7862.4980,7893.1620,7951.7580,631220800,13053491200.0000,-0.736900,,,,
964,2015-12-24,sh.000912,7871.8560,7910.8950,7737.1210,7807.1280,7893.1620,492746496,9699584000.0000,-1.090000,,,,
965,2015-12-25,sh.000912,7820.2090,7840.8160,7746.7440,7790.7140,7807.1280,339959808,7100817664.0000,-0.210200,,,,
966,2015-12-28,sh.000912,7821.4050,7830.1190,7593.3210,7598.2760,7790.7140,475094208,9674062592.0000,-2.470100,,,,
967,2015-12-29,sh.000912,7593.7220,7673.3480,7575.5400,7669.5140,7598.2760,342639296,6779759872.0000,0.937600,,,,
968,2015-12-30,sh.000912,7678.1030,7698.8870,7621.2320,7673.2770,7669.5140,300089904,6787268096.0000,0.049100,,,,
969,2015-12-31,sh.000912,7679.6950,7721.1950,7636.6950,7644.8080,7673.2770,338156096,7122897408.0000,-0.371000,,,,
970,2016-01-04,sh.000912,7631.0000,7631.0000,7150.6000,7156.0760,7644.8080,300932304,6073196544.0000,-6.393000,,,,
971,2016-01-05,sh.000912,7040.0290,7304.5260,7036.8310,7247.5310,7156.0760,461436208,9075042304.0000,1.278000,,,,
972,2016-01-06,sh.000912,7253.0790,7322.2090,7190.2680,7310.2730,7247.5310,301820304,6179003136.0000,0.865700,,,,
973,2016-01-07,sh.000912,7210.8590,7210.8590,6830.2990,6863.1270,7310.2730,89621300,1748365200.0000,-6.116700,,,,
974,2016-01-08,sh.000912,7012.4450,7084.5820,6775.1220,6982.9930,6863.1270,418466000,8402895104.0000,1.746500,,,,
975,2016-01-11,sh.000912,6892.2740,6942.9040,6674.7630,6681.1990,6982.9930,371628096,7052377344.0000,-4.321800,,,,
976,2016-01-12,sh.000912,6731.9280,6768.7480,6650.5020,6688.3390,6681.1990,255820400,5071811328.0000,0.106900,,,,
977,2016-01-13,sh.000912,6742.5440,6834.1930,6607.3230,6611.5310,6688.3390,260727000,5092060416.0000,-1.148400,,,,
978,2016-01-14,sh.000912,6489.7590,6777.3650,6483.1600,6755.4330,6611.5310,293437504,5542871552.0000,2.176500,,,,
979,2016-01-15,sh.000912,6727.6250,6755.3540,6538.5530,6579.4570,6755.4330,233636500,4429721600.0000,-2.605000,,,,
980,2016-01-18,sh.000912,6500.0460,6671.8870,6498.9130,6602.7330,6579.4570,209293300,4112755008.0000,0.353800,,,,
981,2016-01-19,sh.000912,6611.3580,6818.5510,6590.1620,6817.8440,6602.7330,274366304,5705722624.0000,3.257900,,,,
982,2016-01-20,sh.000912,6773.2270,6809.4440,6629.0480,6658.3460,6817.8440,239972300,4775448832.0000,-2.339400,,,,
983,2016-01-21,sh.000912,6594.3350,6729.1870,6546.3460,6549.1430,6658.3460,228066800,4143406208.0000,-1.640100,,,,
984,2016-01-22,sh.000912,6628.3760,6646.2400,6487.7320,6591.8520,6549.1430,205327200,4022792304.0000,0.652100,,,,
985,2016-01-25,sh.000912,6626.2060,6667.5280,6589.1730,6637.9120,6591.8520,179894500,3310685392.0000,0.698700,,,,
986,2016-01-26,sh.000912,6593.8350,6643.8820,6326.7240,6339.8070,6637.9120,296014304,5211234304.0000,-4.490900,,,,
987,2016-01-27,sh.000912,6364.9640,6394.2420,6142.9930,6326.5910,6339.8070,300029904,5212504064.0000,-0.208500,,,,
988,2016-01-28,sh.000912,6303.2310,6362.9690,6227.3560,6243.9910,6326.5910,225725300,3783628160.0000,-1.305600,,,,
989,2016-01-29,sh.000912,6248.5990,6471.7880,6244.7340,6432.7970,6243.9910,252864800,4326191872.0000,3.023800,,,,
990,2016-02-01,sh.000912,6426.6000,6467.5670,6357.7420,6405.6190,6432.7970,178144500,3303059968.0000,-0.422500,,,,
991,2016-02-02,sh.000912,6414.6740,6539.8880,6413.1780,6510.1980,6405.6190,180500900,3227594464.0000,1.632600,,,,
992,2016-02-03,sh.000912,6457.0350,6507.9800,6420.3610,6497.3620,6510.1980,137126100,2448064832.0000,-0.197200,,,,
993,2016-02-04,sh.000912,6519.9180,6584.5340,6514.6980,6553.6260,6497.3620,191813600,3359046304.0000,0.866000,,,,
994,2016-02-05,sh.000912,6554.7670,6576.8560,6518.8870,6522.4140,6553.6260,160691700,2860384144.0000,-0.476300,,,,
995,2016-02-15,sh.000912,6381.8020,6491.4010,6372.2130,6465.5650,6522.4140,158666000,2904978896.0000,-0.871600,,,,
996,2016-02-16,sh.000912,6483.3040,6655.2850,6483.3040,6627.6810,6465.5650,249464600,4146740960.0000,2.507400,,,,
997,2016-02-17,sh.000912,6617.1600,6649.9430,6574.1100,6634.7250,6627.6810,238907800,3959453856.0000,0.106300,,,,
998,2016-02-18,sh.000912,6659.7130,6675.3820,6579.8400,6589.8740,6634.7250,243810400,4215926032.0000,-0.676000,,,,
999,2016-02-19,sh.000912,6584.3180,6618.9700,6560.5740,6606.0750,6589.8740,206810900,3502537632.0000,0.245800,,,,
1000,2016-02-22,sh.000912,6662.6950,6725.5180,6648.9000,6724.4780,6606.0750,333219008,5442373632.0000,1.792300,,,,
1001,2016-02-23,sh.000912,6725.8910,6780.6240,6672.8340,6733.4060,6724.4780,271383600,5241930240.0000,0.132800,,,,
1002,2016-02-24,sh.000912,6706.3170,6783.5600,6681.3220,6780.0860,6733.4060,232267200,4473994240.0000,0.693300,,,,
1003,2016-02-25,sh.000912,6779.4550,6779.7590,6401.0640,6418.7180,6780.0860,313752496,5673497600.0000,-5.329800,,,,
1004,2016-02-26,sh.000912,6450.4650,6545.7290,6410.3970,6507.1300,6418.7180,229804900,4047230480.0000,1.377400,,,,
1005,2016-02-29,sh.000912,6524.9710,6529.0220,6266.9950,6379.7030,6507.1300,300180208,5424016384.0000,-1.958300,,,,
1006,2016-03-01,sh.000912,6385.3870,6504.4090,6333.1430,6484.2510,6379.7030,226065000,4037413424.0000,1.638800,,,,
1007,2016-03-02,sh.000912,6460.0260,6687.0050,6458.5480,6674.3330,6484.2510,308347504,5834719488.0000,2.931400,,,,
1008,2016-03-03,sh.000912,6654.6390,6777.2960,6637.4390,6754.8120,6674.3330,469312496,8475356928.0000,1.205800,,,,
1009,2016-03-04,sh.000912,6737.2110,6949.6030,6708.4750,6914.4510,6754.8120,577761408,11461337600.0000,2.363300,,,,
1010,2016-03-07,sh.000912,6917.1490,7002.7070,6840.1080,6885.2310,6914.4510,344908208,6778103296.0000,-0.422600,,,,
1011,2016-03-08,sh.000912,6872.9220,6872.9220,6671.1420,6845.6360,6885.2310,280879696,5194909440.0000,-0.575100,,,,
1012,2016-03-09,sh.000912,6736.3320,6804.4670,6689.3950,6769.9870,6845.6360,236286900,4191570400.0000,-1.105100,,,,
1013,2016-03-10,sh.000912,6762.8510,6877.4180,6759.4060,6792.7740,6769.9870,261179100,5316727552.0000,0.336600,,,,
1014,2016-03-11,sh.000912,6740.5230,6817.3680,6694.5340,6760.7790,6792.7740,186098900,3668757632.0000,-0.471000,,,,
1015,2016-03-14,sh.000912,6815.8290,6920.5900,6760.6430,6785.2690,6760.7790,341325296,6947029760.0000,0.362200,,,,
1016,2016-03-15,sh.000912,6765.7720,6917.8580,6734.4380,6903.5360,6785.2690,348920800,6532488960.0000,1.743000,,,,
1017,2016-03-16,sh.000912,6859.5130,6914.1520,6803.0270,6838.0890,6903.5360,295942800,5531091456.0000,-0.948000,,,,
1018,2016-03-17,sh.000912,6848.8290,6962.1230,6824.0010,6897.6550,6838.0890,321344704,6044494080.0000,0.871100,,,,
1019,2016-03-18,sh.000912,6917.8260,7021.8020,6893.4810,6949.5960,6897.6550,476646608,9742479104.0000,0.753000,,,,
1020,2016-03-21,sh.000912,6980.9980,7080.4470,6980.7940,7056.3250,6949.5960,501872896,9831870720.0000,1.535800,,,,
1021,2016-03-22,sh.000912,7039.3440,7131.9570,6996.8980,7066.8760,7056.3250,391436096,7833146368.0000,0.149500,,,,
1022,2016-03-23,sh.000912,7056.2630,7104.3510,7023.9520,7076.1950,7066.8760,291658704,5545212928.0000,0.131900,,,,
1023,2016-03-24,sh.000912,7052.6480,7155.4520,7009.5460,7071.3690,7076.1950,357714304,7804304640.0000,-0.068200,,,,
1024,2016-03-25,sh.000912,7071.2150,7189.8380,7071.1190,7137.3990,7071.3690,273174800,5901680384.0000,0.933800,,,,
1025,2016-03-28,sh.000912,7164.4530,7347.7550,7163.2970,7231.8090,7137.3990,434972896,9132572928.0000,1.322800,,,,
1026,2016-03-29,sh.000912,7231.1690,7237.8950,7090.2020,7127.7210,7231.8090,261529000,5547983872.0000,-1.439300,,,,
1027,2016-03-30,sh.000912,7170.7200,7261.7780,7167.1450,7255.3760,7127.7210,304024096,6577621248.0000,1.791000,,,,
1028,2016-03-31,sh.000912,7298.9640,7302.5850,7232.8740,7255.5790,7255.3760,313310496,6576114432.0000,0.002800,,,,
1029,2016-04-01,sh.000912,7252.7120,7263.7130,7128.1180,7198.1300,7255.5790,281223504,5219814144.0000,-0.791800,,,,
1030,2016-04-05,sh.000912,7177.5110,7291.8020,7171.9760,7264.1240,7198.1300,347397200,6587167488.0000,0.916800,,,,
1031,2016-04-06,sh.000912,7256.6800,7366.6260,7247.5410,7358.7520,7264.1240,297289808,6426565120.0000,1.302700,,,,
1032,2016-04-07,sh.000912,7374.4510,7384.5660,7216.4990,7221.0370,7358.7520,301733600,6049721600.0000,-1.871400,,,,
1033,2016-04-08,sh.000912,7182.9310,7211.3800,7072.0890,7114.8370,7221.0370,249716400,4901197312.0000,-1.470700,,,,
1034,2016-04-11,sh.000912,7163.5430,7248.2910,7137.6410,7150.1090,7114.8370,357048496,9235728384.0000,0.495800,,,,
1035,2016-04-12,sh.000912,7143.5520,7162.6960,7090.1920,7126.6800,7150.1090,200995000,4048583904.0000,-0.327700,,,,
1036,2016-04-13,sh.000912,7145.4760,7250.9790,7143.7840,7153.1280,7126.6800,374681808,7724190720.0000,0.371100,,,,
1037,2016-04-14,sh.000912,7181.8590,7209.8570,7140.4320,7203.7200,7153.1280,212022700,4483461120.0000,0.707300,,,,
1038,2016-04-15,sh.000912,7207.5080,7218.1540,7169.2090,7196.2630,7203.7200,196579800,3939204624.0000,-0.103500,,,,
1039,2016-04-18,sh.000912,7165.0040,7165.7780,7091.0030,7106.1560,7196.2630,177317500,3502123712.0000,-1.252100,,,,
1040,2016-04-19,sh.000912,7137.2480,7152.9730,7068.3450,7105.5380,7106.1560,176266800,3504704064.0000,-0.008700,,,,
1041,2016-04-20,sh.000912,7119.0990,7129.4370,6842.3940,6959.0080,7105.5380,343498304,6378999808.0000,-2.062200,,,,
1042,2016-04-21,sh.000912,6957.5470,7010.2290,6940.6720,6948.9720,6959.0080,170264300,3526365296.0000,-0.144200,,,,
1043,2016-04-22,sh.000912,6946.5050,7053.2660,6936.3080,7051.8850,6948.9720,151269100,3405704192.0000,1.481000,,,,
1044,2016-04-25,sh.000912,7048.1220,7077.2770,6997.4350,7046.1880,7051.8850,180380200,3688333520.0000,-0.080800,,,,
1045,2016-04-26,sh.000912,7042.4490,7092.6150,7029.2300,7074.0000,7046.1880,172329000,3313129904.0000,0.394700,,,,
1046,2016-04-27,sh.000912,7080.5960,7124.2650,7073.8890,7103.3650,7074.0000,182438700,3517401040.0000,0.415100,,,,
1047,2016-04-28,sh.000912,7103.7260,7129.9180,7035.0740,7095.3060,7103.3650,243714100,4417672192.0000,-0.113500,,,,
1048,2016-04-29,sh.000912,7121.9510,7248.3040,7119.0940,7199.3730,7095.3060,334118304,7434021376.0000,1.466700,,,,
1049,2016-05-03,sh.000912,7207.0530,7479.1230,7206.9830,7464.0120,7199.3730,446950096,10211720192.0000,3.675900,,,,
1050,2016-05-04,sh.000912,7448.7650,7497.6550,7398.3840,7410.0800,7464.0120,333270496,6821923328.0000,-0.722600,,,,
1051,2016-05-05,sh.000912,7400.5650,7452.6280,7400.5650,7440.3710,7410.0800,263230900,5057733376.0000,0.408800,,,,
1052,2016-05-06,sh.000912,7418.1320,7428.2060,7206.3100,7206.3100,7440.3710,310821200,6247411456.0000,-3.145800,,,,
1053,2016-05-09,sh.000912,7166.5600,7206.9170,7114.5390,7151.4100,7206.3100,285154704,5629083648.0000,-0.761800,,,,
1054,2016-05-10,sh.000912,7127.3680,7292.1120,7119.8200,7246.0940,7151.4100,313359008,6304233472.0000,1.324000,,,,
1055,2016-05-11,sh.000912,7261.9590,7523.1300,7256.9920,7417.0010,7246.0940,590787600,11044357888.0000,2.358600,,,,
1056,2016-05-12,sh.000912,7345.9830,7417.7430,7242.6600,7384.0160,7417.0010,361694496,6224686336.0000,-0.444700,,,,
1057,2016-05-13,sh.000912,7364.2420,7473.5070,7261.1780,7299.3880,7384.0160,281761296,5325900544.0000,-1.146100,,,,
1058,2016-05-16,sh.000912,7275.2010,7390.2160,7237.2560,7386.9620,7299.3880,308134096,5423567104.0000,1.199700,,,,
1059,2016-05-17,sh.000912,7400.6560,7406.7600,7312.3280,7331.5560,7386.9620,308577104,5732800512.0000,-0.750000,,,,
1060,2016-05-18,sh.000912,7293.1870,7333.3050,7154.9600,7224.4140,7331.5560,284009808,5424826112.0000,-1.461400,,,,
1061,2016-05-19,sh.000912,7213.0310,7275.6170,7188.0460,7201.3310,7224.4140,185833200,3666247824.0000,-0.319500,,,,
1062,2016-05-20,sh.000912,7186.5770,7276.7190,7157.4430,7275.4110,7201.3310,177397800,3632315056.0000,1.028700,,,,
1063,2016-05-23,sh.000912,7270.1910,7348.4590,7270.1910,7334.7140,7275.4110,198855700,4006858288.0000,0.815100,,,,
1064,2016-05-24,sh.000912,7339.0420,7342.8950,7220.3360,7260.3620,7334.7140,164282000,3040530880.0000,-1.013700,,,,
1065,2016-05-25,sh.000912,7299.8640,7310.3610,7184.1250,7202.4820,7260.3620,176697100,3593377952.0000,-0.797200,,,,
1066,2016-05-26,sh.000912,7183.6640,7212.5970,7083.1850,7177.4200,7202.4820,187651400,3676377424.0000,-0.348000,,,,
1067,2016-05-27,sh.000912,7150.2770,7184.9050,7129.9510,7167.7720,7177.4200,153992000,2887769168.0000,-0.134400,,,,
1068,2016-05-30,sh.000912,7132.2780,7180.5300,7071.5440,7172.1320,7167.7720,546760208,6107675648.0000,0.060800,,,,
1069,2016-05-31,sh.000912,7163.8500,7399.1360,7162.7460,7390.5990,7172.1320,634220096,9178526464.0000,3.046100,,,,
1070,2016-06-01,sh.000912,7396.1310,7423.1310,7374.0130,7397.5610,7390.5990,508912608,7026466816.0000,0.094200,,,,
1071,2016-06-02,sh.000912,7392.8280,7450.7210,7386.6050,7449.6100,7397.5610,374507104,5509297920.0000,0.703600,,,,
1072,2016-06-03,sh.000912,7451.5960,7727.7770,7451.2030,7686.0350,7449.6100,572415504,10659704064.0000,3.173700,,,,
1073,2016-06-06,sh.000912,7679.4200,7692.8000,7574.3210,7610.4730,7686.0350,421976496,7259544064.0000,-0.983100,,,,
1074,2016-06-07,sh.000912,7614.9290,7653.6880,7593.8210,7651.7380,7610.4730,310205104,5149336320.0000,0.542200,,,,
1075,2016-06-08,sh.000912,7628.8520,7640.4490,7543.5700,7561.3540,7651.7380,305677104,4971086336.0000,-1.181200,,,,
1076,2016-06-13,sh.000912,7501.2080,7572.6980,7379.3570,7379.6050,7561.3540,426076496,6562642688.0000,-2.403700,,,,
1077,2016-06-14,sh.000912,7368.6400,7491.8750,7368.1530,7491.8410,7379.6050,389370000,5974293760.0000,1.520900,,,,
1078,2016-06-15,sh.000912,7426.4140,7640.7960,7415.7980,7613.7840,7491.8410,483307104,7431090944.0000,1.627700,,,,
1079,2016-06-16,sh.000912,7591.2900,7612.7210,7532.9910,7554.7330,7613.7840,349168608,5454575104.0000,-0.775600,,,,
1080,2016-06-17,sh.000912,7539.4670,7696.2810,7539.4670,7666.6230,7554.7330,353374496,6681111808.0000,1.481100,,,,
1081,2016-06-20,sh.000912,7668.4720,7671.0290,7557.9030,7613.9300,7666.6230,288986704,4858321664.0000,-0.687300,,,,
1082,2016-06-21,sh.000912,7637.5560,7674.4810,7536.2990,7552.5760,7613.9300,289347504,4503078656.0000,-0.805800,,,,
1083,2016-06-22,sh.000912,7539.2290,7613.3110,7529.6710,7612.9450,7552.5760,206948600,3548890512.0000,0.799300,,,,
1084,2016-06-23,sh.000912,7618.2130,7618.4150,7521.3820,7557.8610,7612.9450,257626600,4181309728.0000,-0.723600,,,,
1085,2016-06-24,sh.000912,7541.0630,7578.1720,7327.9800,7446.6870,7557.8610,361611904,5350866944.0000,-1.471000,,,,
1086,2016-06-27,sh.000912,7434.1390,7700.8860,7430.0430,7677.0950,7446.6870,334650496,6797328896.0000,3.094100,,,,
1087,2016-06-28,sh.000912,7640.6520,7694.5970,7632.7770,7692.8230,7677.0950,416022208,5732419584.0000,0.204900,,,,
1088,2016-06-29,sh.000912,7703.4050,7719.4780,7650.1030,7689.1540,7692.8230,330466400,5164282112.0000,-0.047700,,,,
1089,2016-06-30,sh.000912,7707.6560,7810.8660,7707.6560,7743.5390,7689.1540,316094704,6027936512.0000,0.707300,,,,
1090,2016-07-01,sh.000912,7716.6850,7771.9160,7688.0740,7716.5760,7743.5390,257760700,4427446016.0000,-0.348200,,,,
1091,2016-07-04,sh.000912,7700.0870,7832.3410,7687.0560,7817.7970,7716.5760,438830608,6879986944.0000,1.311700,,,,
1092,2016-07-05,sh.000912,7834.1150,7924.4060,7829.8900,7874.5390,7817.7970,448506096,7802049024.0000,0.725800,,,,
1093,2016-07-06,sh.000912,7850.5420,8176.5390,7841.6710,8170.1490,7874.5390,537229200,10757597184.0000,3.754000,,,,
1094,2016-07-07,sh.000912,8144.9400,8308.7300,8127.8880,8197.1300,8170.1490,773890800,11860140800.0000,0.330200,,,,
1095,2016-07-08,sh.000912,8156.8080,8184.2780,8098.6850,8147.0200,8197.1300,462793808,8252547584.0000,-0.611300,,,,
1096,2016-07-11,sh.000912,8147.7010,8506.5920,8147.7010,8312.2930,8147.0200,676128800,12963017216.0000,2.028600,,,,
1097,2016-07-12,sh.000912,8313.4510,8559.9250,8313.4510,8555.2010,8312.2930,793699504,14809638656.0000,2.922300,,,,
1098,2016-07-13,sh.000912,8557.4810,8569.3070,8404.3350,8442.8770,8555.2010,578424304,10911884800.0000,-1.312900,,,,
1099,2016-07-14,sh.000912,8440.9630,8538.3110,8390.5390,8452.8550,8442.8770,444943696,7681014528.0000,0.118200,,,,
1100,2016-07-15,sh.000912,8458.2840,8474.7770,8387.1850,8450.7880,8452.8550,483987904,7714735360.0000,-0.024500,,,,
1101,2016-07-18,sh.000912,8434.6200,8450.9460,8366.4250,8384.0740,8450.7880,523366704,8219072000.0000,-0.789400,,,,
1102,2016-07-19,sh.000912,8378.1780,8392.9830,8135.9960,8208.3690,8384.0740,516711808,10085137152.0000,-2.095700,,,,
1103,2016-07-20,sh.000912,8214.2410,8284.4750,8189.7890,8218.0500,8208.3690,387170000,6292113152.0000,0.117900,,,,
1104,2016-07-21,sh.000912,8230.7430,8346.0870,8218.6370,8289.3160,8218.0500,386299504,7416777728.0000,0.867200,,,,
1105,2016-07-22,sh.000912,8271.6670,8282.5690,8125.8950,8134.8740,8289.3160,363109200,6429471744.0000,-1.863100,,,,
1106,2016-07-25,sh.000912,8113.3880,8245.0930,8109.4690,8177.9950,8134.8730,292291696,5518475008.0000,0.530100,,,,
1107,2016-07-26,sh.000912,8166.1280,8385.9270,8150.3610,8382.2220,8177.9950,364197696,7345374720.0000,2.497300,,,,
1108,2016-07-27,sh.000912,8385.8290,8413.5730,8072.4790,8228.5130,8382.2220,640753600,11165871872.0000,-1.833700,,,,
1109,2016-07-28,sh.000912,8195.4670,8395.8880,8171.3740,8357.5610,8228.5130,549716096,10162880768.0000,1.568300,,,,
1110,2016-07-29,sh.000912,8362.8010,8457.6670,8312.1150,8336.9300,8357.5610,464859600,8315652608.0000,-0.246900,,,,
1111,2016-08-01,sh.000912,8316.1790,8321.7280,8119.8350,8163.7560,8336.9300,370834304,6956082432.0000,-2.077200,,,,
1112,2016-08-02,sh.000912,8136.5250,8192.3010,8035.7690,8128.4100,8163.7560,300501904,5820057344.0000,-0.433000,,,,
1113,2016-08-03,sh.000912,8121.2690,8185.0020,8088.2820,8167.6120,8128.4100,287916608,5255489024.0000,0.482300,,,,
1114,2016-08-04,sh.000912,8167.0080,8187.4850,8080.1260,8143.8970,8167.6120,237041800,4426827264.0000,-0.290400,,,,
1115,2016-08-05,sh.000912,8142.6840,8191.0380,8111.2140,8123.9920,8143.8970,234640700,4224644560.0000,-0.244400,,,,
1116,2016-08-08,sh.000912,8117.7950,8170.5860,8038.9740,8169.5540,8123.9920,273277296,5321107968.0000,0.560800,,,,
1117,2016-08-09,sh.000912,8162.5800,8321.3210,8152.3850,8299.3360,8169.5540,328808800,6692653568.0000,1.588600,,,,
1118,2016-08-10,sh.000912,8289.8050,8298.5810,8228.2460,8229.0190,8299.3360,275991200,4851217152.0000,-0.847300,,,,
1119,2016-08-11,sh.000912,8234.2690,8325.9110,8230.1840,8235.6590,8229.0190,359122096,6561625856.0000,0.080700,,,,
1120,2016-08-12,sh.000912,8237.4080,8278.1920,8163.2330,8276.0380,8235.6590,369123808,5923104000.0000,0.490300,,,,
1121,2016-08-15,sh.000912,8279.3980,8452.0590,8260.0370,8404.1030,8276.0380,564122704,9742714880.0000,1.547400,,,,
1122,2016-08-16,sh.000912,8434.9410,8459.8190,8314.1730,8323.4900,8404.1030,511292304,11377408000.0000,-0.959200,,,,
1123,2016-08-17,sh.000912,8340.7170,8388.7670,8278.5440,8321.6430,8323.4900,422963296,8502257920.0000,-0.022200,,,,
1124,2016-08-18,sh.000912,8311.1790,8327.0890,8217.9900,8244.2920,8321.6430,379089408,7162344960.0000,-0.929500,,,,
1125,2016-08-19,sh.000912,8229.1390,8259.3220,8176.6480,8207.8020,8244.2920,279220400,5179552512.0000,-0.442600,,,,
1126,2016-08-22,sh.000912,8218.1640,8278.7830,8217.7950,8230.8550,8207.8020,355439696,6111462144.0000,0.280900,,,,
1127,2016-08-23,sh.000912,8230.7440,8280.0520,8194.1760,8227.3500,8230.8550,340537008,5559758848.0000,-0.042600,,,,
1128,2016-08-24,sh.000912,8211.2840,8242.2050,8166.7210,8186.5590,8227.3500,248943600,4868901888.0000,-0.495800,,,,
1129,2016-08-25,sh.000912,8171.3370,8171.3370,8078.8100,8145.8280,8186.5590,264095700,4977539840.0000,-0.497500,,,,
1130,2016-08-26,sh.000912,8156.2180,8201.7970,8116.4120,8136.2630,8145.8280,259277200,4555492864.0000,-0.117400,,,,
1131,2016-08-29,sh.000912,8169.6900,8172.3290,8084.8630,8094.3540,8136.2630,369552608,7241562368.0000,-0.515100,,,,
1132,2016-08-30,sh.000912,8099.3800,8125.6010,8059.9660,8088.5130,8094.3540,244608400,4665540352.0000,-0.072200,,,,
1133,2016-08-31,sh.000912,8105.1080,8122.4030,8080.3780,8119.6810,8088.5130,259365500,5512345600.0000,0.385300,,,,
1134,2016-09-01,sh.000912,8118.2630,8139.3800,8051.5510,8052.4430,8119.6810,224412800,4325687040.0000,-0.828100,,,,
1135,2016-09-02,sh.000912,8037.9340,8065.3630,7980.6080,8008.6320,8052.4430,265813900,5090122752.0000,-0.544100,,,,
1136,2016-09-05,sh.000912,8019.4340,8066.4440,8000.3880,8022.3340,8008.6320,208671700,4103114800.0000,0.171100,,,,
1137,2016-09-06,sh.000912,8023.7700,8099.7090,7986.6470,8099.6990,8022.3340,289450896,5306300160.0000,0.964400,,,,
1138,2016-09-07,sh.000912,8090.0450,8090.0450,8026.1090,8037.2040,8099.6990,283065408,5592169472.0000,-0.771600,,,,
1139,2016-09-08,sh.000912,8020.4030,8033.6970,7996.6250,8018.9820,8037.2050,200305000,3957603504.0000,-0.226700,,,,
1140,2016-09-09,sh.000912,8025.8750,8034.5250,7966.3400,7966.7860,8018.9820,237479300,4025287600.0000,-0.650900,,,,
1141,2016-09-12,sh.000912,7871.3420,7890.8580,7759.7410,7794.1850,7966.7860,378257808,6915154432.0000,-2.166500,,,,
1142,2016-09-13,sh.000912,7821.7610,7837.0750,7790.9020,7819.6360,7794.1850,184308600,3428330800.0000,0.326500,,,,
1143,2016-09-14,sh.000912,7798.1850,7828.4700,7760.0430,7809.7180,7819.6360,206652000,3638369936.0000,-0.126800,,,,
1144,2016-09-19,sh.000912,7820.4000,7849.6500,7820.4000,7847.7160,7809.7180,154446700,2873081504.0000,0.486500,,,,
1145,2016-09-20,sh.000912,7856.5070,7857.2080,7806.1960,7820.8220,7847.7160,157075500,3496403280.0000,-0.342700,,,,
1146,2016-09-21,sh.000912,7817.7450,7820.3450,7765.4400,7803.2780,7820.8220,183724700,3701111840.0000,-0.224300,,,,
1147,2016-09-22,sh.000912,7821.7880,7899.8930,7819.3490,7872.5970,7803.2780,239437500,4731640064.0000,0.888300,,,,
1148,2016-09-23,sh.000912,7876.1670,7888.1760,7841.2810,7867.3810,7872.5970,179505300,3001982960.0000,-0.066300,,,,
1149,2016-09-26,sh.000912,7841.2430,7841.2430,7702.0190,7702.5450,7867.3810,248579500,4351724288.0000,-2.095200,,,,
1150,2016-09-27,sh.000912,7702.2670,7749.3490,7701.1460,7748.5560,7702.5450,170410800,2866265888.0000,0.597400,,,,
1151,2016-09-28,sh.000912,7771.2780,7771.2780,7707.7940,7714.8530,7748.5560,117434700,2200950032.0000,-0.435000,,,,
1152,2016-09-29,sh.000912,7714.1150,7785.7160,7714.1150,7755.9530,7714.8530,155374500,2978836688.0000,0.532700,,,,
1153,2016-09-30,sh.000912,7746.4030,7862.9800,7743.4810,7845.3540,7755.9530,168130500,3765132912.0000,1.152700,,,,
1154,2016-10-10,sh.000912,7869.3890,7959.5560,7869.3890,7959.0990,7845.3540,248809100,4640881664.0000,1.449800,,,,
1155,2016-10-11,sh.000912,7983.0090,8008.4660,7966.6660,8006.4700,7959.1000,240970800,5009577472.0000,0.595200,,,,
1156,2016-10-12,sh.000912,7994.6670,8007.6410,7968.3880,7985.8490,8006.4700,226241500,3484078208.0000,-0.257600,,,,
1157,2016-10-13,sh.000912,7993.3220,8004.5400,7962.1480,7970.2970,7985.8490,228653400,3934253728.0000,-0.194700,,,,
1158,2016-10-14,sh.000912,7961.9800,7984.4830,7947.3710,7980.3920,7970.2970,172669700,2857309616.0000,0.126700,,,,
1159,2016-10-17,sh.000912,7983.1320,7998.9460,7924.5380,7938.8930,7980.3920,215453300,3831243840.0000,-0.520000,,,,
1160,2016-10-18,sh.000912,7934.7320,8039.2230,7934.7320,8032.5340,7938.8930,289782400,5566254848.0000,1.179500,,,,
1161,2016-10-19,sh.000912,8043.7010,8049.5660,8008.9210,8026.1610,8032.5340,217681900,3749529232.0000,-0.079300,,,,
1162,2016-10-20,sh.000912,8028.6510,8045.8550,7993.4480,7997.5650,8026.1620,220976800,3386944240.0000,-0.356300,,,,
1163,2016-10-21,sh.000912,7998.1400,8005.9270,7941.4160,7976.4280,7997.5650,204204400,3433918880.0000,-0.264300,,,,
1164,2016-10-24,sh.000912,8094.6780,8122.5180,8041.7860,8113.5740,7976.4280,397354096,6975522304.0000,1.719400,,,,
1165,2016-10-25,sh.000912,8117.1170,8208.6730,8101.7700,8207.2070,8113.5740,326932208,7108877312.0000,1.154000,,,,
1166,2016-10-26,sh.000912,8203.1790,8357.3600,8181.0850,8324.4820,8207.2070,489591808,10558175232.0000,1.428900,,,,
1167,2016-10-27,sh.000912,8276.8230,8311.7620,8247.8860,8292.1080,8324.4820,315713104,6971384320.0000,-0.388900,,,,
1168,2016-10-28,sh.000912,8284.7400,8322.3490,8243.5970,8258.9860,8292.1080,318366304,6386772736.0000,-0.399400,,,,
1169,2016-10-31,sh.000912,8261.2340,8300.2390,8231.1200,8271.6030,8258.9860,238226000,5441295104.0000,0.152800,,,,
1170,2016-11-01,sh.000912,8278.7790,8303.9500,8249.1120,8302.8280,8271.6030,227117500,4413400576.0000,0.377500,,,,
1171,2016-11-02,sh.000912,8283.6120,8283.6120,8222.1310,8242.9990,8302.8280,238185200,4554174464.0000,-0.720600,,,,
1172,2016-11-03,sh.000912,8227.7930,8285.5650,8213.7370,8257.4600,8242.9990,239395600,4243934688.0000,0.175400,,,,
1173,2016-11-04,sh.000912,8261.1200,8303.4570,8212.6920,8235.1250,8257.4600,265375400,5206234368.0000,-0.270500,,,,
1174,2016-11-07,sh.000912,8233.3890,8262.7670,8202.0550,8232.8380,8235.1250,215271200,3931078528.0000,-0.027800,,,,
1175,2016-11-08,sh.000912,8260.6040,8329.7440,8242.7700,8304.3510,8232.8380,237881800,4880192768.0000,0.868600,,,,
1176,2016-11-09,sh.000912,8306.7560,8314.8600,8162.1670,8243.9580,8304.3510,319205904,5535992064.0000,-0.727200,,,,
1177,2016-11-10,sh.000912,8296.8590,8326.1380,8275.3720,8315.2250,8243.9580,304597600,4920038144.0000,0.864500,,,,
1178,2016-11-11,sh.000912,8301.4430,8302.7180,8264.6140,8287.6500,8315.2250,381959600,6548160768.0000,-0.331600,,,,
1179,2016-11-14,sh.000912,8285.0050,8299.5460,8174.3220,8220.9330,8287.6500,546689904,8946062080.0000,-0.805000,,,,
1180,2016-11-15,sh.000912,8202.4820,8308.6440,8202.4820,8293.8290,8220.9330,423853200,6467894016.0000,0.886700,,,,
1181,2016-11-16,sh.000912,8286.3590,8289.7860,8255.4410,8267.0170,8293.8290,302814000,4262701712.0000,-0.323300,,,,
1182,2016-11-17,sh.000912,8253.2500,8275.2350,8239.3110,8254.5220,8267.0170,249484900,3991004608.0000,-0.151100,,,,
1183,2016-11-18,sh.000912,8256.4520,8261.8900,8213.5140,8217.4580,8254.5220,272853008,4270361392.0000,-0.449000,,,,
1184,2016-11-21,sh.000912,8227.0480,8242.7850,8187.3930,8197.4940,8217.4580,395727696,5731543040.0000,-0.242900,,,,
1185,2016-11-22,sh.000912,8213.0340,8223.9880,8181.1250,8200.3760,8197.4940,378402496,5790002688.0000,0.035200,,,,
1186,2016-11-23,sh.000912,8226.7510,8262.1280,8207.8010,8260.3200,8200.3760,363964608,6643804416.0000,0.731000,,,,
1187,2016-11-24,sh.000912,8253.2020,8408.8910,8242.4060,8393.1680,8260.3200,544708800,9897839104.0000,1.608300,,,,
1188,2016-11-25,sh.000912,8398.0330,8419.0200,8301.8360,8398.1510,8393.1680,528046400,7611382528.0000,0.059400,,,,
1189,2016-11-28,sh.000912,8448.6230,8512.2000,8364.1590,8397.1550,8398.1510,838274704,15664470016.0000,-0.011900,,,,
1190,2016-11-29,sh.000912,8418.6190,8738.9320,8416.0840,8619.7930,8397.1550,1176118496,23006337792.0000,2.651300,,,,
1191,2016-11-30,sh.000912,8579.5780,8602.7350,8461.3020,8504.5060,8619.7930,745294400,13403825920.0000,-1.337500,,,,
1192,2016-12-01,sh.000912,8541.5290,8597.7160,8491.2230,8547.7210,8504.5060,647648304,12248824320.0000,0.508100,,,,
1193,2016-12-02,sh.000912,8521.4990,8526.2520,8428.9090,8437.4520,8547.7210,514005408,9097527552.0000,-1.290000,,,,
1194,2016-12-05,sh.000912,8300.4440,8406.4590,8289.7850,8300.2320,8437.4520,608422496,10094787584.0000,-1.626300,,,,
1195,2016-12-06,sh.000912,8311.0940,8406.6270,8307.8840,8404.6480,8300.2320,345299200,6490094080.0000,1.258000,,,,
1196,2016-12-07,sh.000912,8421.7770,8507.1780,8397.3930,8506.1830,8404.6480,579468608,7686300928.0000,1.208100,,,,
1197,2016-12-08,sh.000912,8534.5000,8632.4730,8499.9360,8553.4000,8506.1830,511599808,8907748096.0000,0.555100,,,,
1198,2016-12-09,sh.000912,8548.0110,8595.7100,8511.8450,8545.2170,8553.4000,530954704,7887768576.0000,-0.095700,,,,
1199,2016-12-12,sh.000912,8531.4040,8571.1160,8279.2920,8304.5760,8545.2170,604972496,9649565952.0000,-2.816100,,,,
1200,2016-12-13,sh.000912,8272.5420,8429.6960,8251.8710,8414.3460,8304.5760,426647696,7325046016.0000,1.321800,,,,
1201,2016-12-14,sh.000912,8413.6320,8417.4080,8330.9780,8335.4100,8414.3460,419600800,7049914112.0000,-0.938100,,,,
1202,2016-12-15,sh.000912,8335.6480,8345.6070,8223.8760,8273.6540,8335.4100,446407104,7291070720.0000,-0.740900,,,,
1203,2016-12-16,sh.000912,8255.6360,8313.3560,8222.6000,8287.8320,8273.6540,332973904,4702120448.0000,0.171400,,,,
1204,2016-12-19,sh.000912,8283.8130,8400.8350,8283.8130,8319.9620,8287.8320,351626896,6034891776.0000,0.387700,,,,
1205,2016-12-20,sh.000912,8314.9150,8320.6370,8229.4330,8257.5850,8319.9620,280731408,4976295680.0000,-0.749700,,,,
1206,2016-12-21,sh.000912,8268.8920,8315.4620,8263.6840,8301.7270,8257.5850,295043200,4675188224.0000,0.534600,,,,
1207,2016-12-22,sh.000912,8291.9950,8296.8610,8242.2070,8267.6010,8301.7270,258406300,3753492432.0000,-0.411100,,,,
1208,2016-12-23,sh.000912,8259.3740,8259.3740,8124.7880,8141.4360,8267.6010,310183600,5212790016.0000,-1.526000,,,,
1209,2016-12-26,sh.000912,8121.0010,8191.7820,8044.5850,8191.1740,8141.4360,306325104,5038103296.0000,0.610900,,,,
1210,2016-12-27,sh.000912,8205.0760,8263.2830,8189.6410,8197.3240,8191.1740,284568800,4228942368.0000,0.075100,,,,
1211,2016-12-28,sh.000912,8211.5780,8220.1850,8135.2010,8142.0940,8197.3240,246365100,3867525376.0000,-0.673800,,,,
1212,2016-12-29,sh.000912,8130.6820,8191.7030,8109.3630,8179.8390,8142.0940,223715300,3766718272.0000,0.463600,,,,
1213,2016-12-30,sh.000912,8190.7510,8313.1410,8190.3870,8286.8270,8179.8390,224182400,4648034816.0000,1.308000,,,,
1214,2017-01-03,sh.000912,8296.1500,8360.0530,8282.0270,8324.5130,8286.8270,233606600,3906823312.0000,0.454800,,,,
1215,2017-01-04,sh.000912,8338.1280,8548.3390,8327.1090,8547.4530,8324.5130,328848400,7466045696.0000,2.678100,,,,
1216,2017-01-05,sh.000912,8533.7490,8549.0790,8490.0360,8506.8690,8547.4530,279542608,5540403968.0000,-0.474800,,,,
1217,2017-01-06,sh.000912,8509.7240,8601.4490,8492.6520,8506.6250,8506.8690,324732496,7153321984.0000,-0.002900,,,,
1218,2017-01-09,sh.000912,8469.4560,8534.3940,8467.1130,8502.1590,8506.6250,249946300,5014133248.0000,-0.052500,,,,
1219,2017-01-10,sh.000912,8505.9260,8572.4410,8495.4540,8518.4570,8502.1590,334321296,5499632640.0000,0.191700,,,,
1220,2017-01-11,sh.000912,8509.3590,8509.3590,8406.4860,8425.9040,8518.4570,244333000,4236133520.0000,-1.086500,,,,
1221,2017-01-12,sh.000912,8441.4630,8443.0590,8356.5850,8374.6640,8425.9040,227098900,3732739248.0000,-0.608100,,,,
1222,2017-01-13,sh.000912,8379.2330,8393.5930,8315.9390,8330.4680,8374.6640,223923900,3823406304.0000,-0.527700,,,,
1223,2017-01-16,sh.000912,8329.5870,8329.5870,8180.5170,8298.6920,8330.4680,388442400,6010988032.0000,-0.381400,,,,
1224,2017-01-17,sh.000912,8302.8420,8418.3340,8290.6050,8406.1440,8298.6920,232026100,4363878912.0000,1.294800,,,,
1225,2017-01-18,sh.000912,8404.0620,8549.2660,8400.0010,8525.5780,8406.1440,267594800,5914882816.0000,1.420800,,,,
1226,2017-01-19,sh.000912,8519.5630,8559.3290,8490.7190,8502.6490,8525.5780,205229500,4092916960.0000,-0.268900,,,,
1227,2017-01-20,sh.000912,8504.6570,8555.9340,8501.3380,8546.9580,8502.6490,211993800,3676446208.0000,0.521100,,,,
1228,2017-01-23,sh.000912,8574.9040,8653.1680,8512.7520,8549.2880,8546.9580,243423100,5314777856.0000,0.027300,,,,
1229,2017-01-24,sh.000912,8547.0140,8568.9040,8494.3450,8545.1810,8549.2880,192487700,3868689536.0000,-0.048000,,,,
1230,2017-01-25,sh.000912,8536.9350,8555.8910,8479.7130,8537.6290,8545.1810,136164200,3072677312.0000,-0.088400,,,,
1231,2017-01-26,sh.000912,8550.3970,8563.7830,8485.1110,8499.0970,8537.6290,160302900,3616980032.0000,-0.451300,,,,
1232,2017-02-03,sh.000912,8518.7890,8522.6810,8453.1390,8463.4770,8499.0970,121240800,2710603696.0000,-0.419100,,,,
1233,2017-02-06,sh.000912,8484.4730,8519.1990,8456.4660,8480.8180,8463.4770,218958800,3453974304.0000,0.204900,,,,
1234,2017-02-07,sh.000912,8487.6900,8496.0890,8428.8530,8452.9370,8480.8180,190981100,3236205104.0000,-0.328800,,,,
1235,2017-02-08,sh.000912,8455.0140,8498.6550,8413.2700,8481.9490,8452.9370,206784900,3624421456.0000,0.343200,,,,
1236,2017-02-09,sh.000912,8492.1700,8561.1150,8482.0430,8540.5070,8481.9490,248093200,4885246464.0000,0.690400,,,,
1237,2017-02-10,sh.000912,8557.9470,8621.8190,8556.8120,8577.9140,8540.5070,307819696,5653077760.0000,0.438000,,,,
1238,2017-02-13,sh.000912,8583.5570,8776.8110,8567.1050,8747.6840,8577.9140,334542704,8416502272.0000,1.979100,,,,
1239,2017-02-14,sh.000912,8745.1260,8756.4590,8709.9260,8736.0610,8747.6840,278193408,5206144768.0000,-0.132900,,,,
1240,2017-02-15,sh.000912,8751.6350,8771.3420,8648.9190,8668.9880,8736.0610,317998800,5573409280.0000,-0.767800,,,,
1241,2017-02-16,sh.000912,8665.0160,8687.5820,8637.4160,8676.1340,8668.9880,263650300,4028825184.0000,0.082400,,,,
1242,2017-02-17,sh.000912,8699.8790,8792.5130,8692.9490,8720.4690,8676.1340,350736704,5674127360.0000,0.511000,,,,
1243,2017-02-20,sh.000912,8741.8980,8993.4950,8738.0840,8977.8330,8720.4690,493245296,10218828032.0000,2.951300,,,,
1244,2017-02-21,sh.000912,9017.7770,9032.3010,8948.2830,9003.9530,8977.8330,695421904,8725737984.0000,0.290900,,,,
1245,2017-02-22,sh.000912,9044.9970,9130.4950,9022.5720,9096.7330,9003.9530,794180000,12707591680.0000,1.030400,,,,
1246,2017-02-23,sh.000912,9066.5670,9123.3620,8967.2880,9010.6470,9096.7330,496049008,8254946304.0000,-0.946300,,,,
1247,2017-02-24,sh.000912,9007.8030,9007.9680,8959.7820,9000.9920,9010.6470,349090896,5529432576.0000,-0.107200,,,,
1248,2017-02-27,sh.000912,8987.7110,8989.7980,8870.6550,8877.0040,9000.9920,341663696,6422849536.0000,-1.377500,,,,
1249,2017-02-28,sh.000912,8876.5890,8923.0220,8828.0430,8857.0490,8877.0040,270605600,4916656640.0000,-0.224800,,,,
1250,2017-03-01,sh.000912,8862.3920,8945.2890,8862.3920,8902.1670,8857.0490,281192896,5235194880.0000,0.509400,,,,
1251,2017-03-02,sh.000912,8906.2920,8915.9820,8862.2780,8884.7440,8902.1670,263633600,4913734912.0000,-0.195700,,,,
1252,2017-03-03,sh.000912,8852.9810,8901.8270,8850.4100,8877.5130,8884.7440,210931000,3683000304.0000,-0.081400,,,,
1253,2017-03-06,sh.000912,8885.9480,8928.4020,8861.6520,8927.0360,8877.5130,221859300,4700523776.0000,0.557900,,,,
1254,2017-03-07,sh.000912,8919.7910,9095.5900,8919.7910,9092.3900,8927.0360,335644304,6945777920.0000,1.852300,,,,
1255,2017-03-08,sh.000912,9086.3050,9086.3050,9034.9640,9058.2390,9092.3900,230301100,4214732928.0000,-0.375600,,,,
1256,2017-03-09,sh.000912,9054.4280,9055.1930,8970.2540,9024.8990,9058.2390,200020600,3935453808.0000,-0.368100,,,,
1257,2017-03-10,sh.000912,9015.5030,9157.3380,9015.5030,9047.1050,9024.8990,229896700,5471933952.0000,0.246100,,,,
1258,2017-03-13,sh.000912,9044.2390,9166.5020,9022.4090,9157.7750,9047.1050,352457296,6667994368.0000,1.223300,,,,
1259,2017-03-14,sh.000912,9161.8640,9193.9010,9083.5080,9115.9740,9157.7750,286860208,4829821696.0000,-0.456500,,,,
1260,2017-03-15,sh.000912,9105.1570,9171.6690,9097.4960,9161.0430,9115.9740,299082704,5209641728.0000,0.494400,,,,
1261,2017-03-16,sh.000912,9195.6220,9238.6080,9109.7810,9134.8990,9161.0430,430171008,7421685248.0000,-0.285400,,,,
1262,2017-03-17,sh.000912,9118.6340,9242.5050,9110.3270,9127.2220,9134.8990,320781904,5845815552.0000,-0.084000,,,,
1263,2017-03-20,sh.000912,9146.3750,9234.9330,9137.5310,9232.5360,9127.2220,292273200,5537650432.0000,1.153900,,,,
1264,2017-03-21,sh.000912,9245.8150,9479.6630,9245.8150,9458.8000,9232.5360,396487600,10365156864.0000,2.450700,,,,
1265,2017-03-22,sh.000912,9397.2240,9506.7490,9349.2070,9506.7490,9458.8000,394131200,9250915584.0000,0.506900,,,,
1266,2017-03-23,sh.000912,9495.9570,9539.0140,9376.2540,9458.5560,9506.7490,448193600,8553675008.0000,-0.506900,,,,
1267,2017-03-24,sh.000912,9505.7440,9555.5840,9445.4780,9457.1400,9458.5560,473375696,8535832576.0000,-0.015000,,,,
1268,2017-03-27,sh.000912,9456.4540,9502.0930,9307.7290,9328.8920,9457.1400,381599600,8074749952.0000,-1.356100,,,,
1269,2017-03-28,sh.000912,9347.7650,9347.7650,9261.7570,9312.1900,9328.8920,267861700,5713687552.0000,-0.179000,,,,
1270,2017-03-29,sh.000912,9331.3090,9408.5470,9306.9750,9360.2220,9312.1900,234290400,5372338176.0000,0.515800,,,,
1271,2017-03-30,sh.000912,9361.9210,9386.3050,9249.0710,9332.9550,9360.2230,299336608,5848192000.0000,-0.291300,,,,
1272,2017-03-31,sh.000912,9336.8680,9374.7540,9284.1060,9371.2190,9332.9550,233052300,4998179584.0000,0.410000,,,,
1273,2017-04-05,sh.000912,9358.3430,9508.3770,9358.3430,9444.1640,9371.2190,437375008,7780744704.0000,0.778400,,,,
1274,2017-04-06,sh.000912,9432.7110,9456.3440,9358.8140,9427.8500,9444.1640,337709504,5502920704.0000,-0.172700,,,,
1275,2017-04-07,sh.000912,9431.0230,9431.0230,9366.8720,9390.7180,9427.8500,271016304,4838780672.0000,-0.393900,,,,
1276,2017-04-10,sh.000912,9402.1200,9403.9660,9258.5710,9273.2850,9390.7180,263641800,5639505152.0000,-1.250500,,,,
1277,2017-04-11,sh.000912,9244.5040,9287.5850,9085.1590,9213.5460,9273.2850,433566208,7789313792.0000,-0.644200,,,,
1278,2017-04-12,sh.000912,9213.4330,9337.5690,9185.7140,9308.1490,9213.5460,349891504,6222367232.0000,1.026800,,,,
1279,2017-04-13,sh.000912,9298.4290,9412.0580,9281.1490,9401.2510,9308.1490,236468300,5465262592.0000,1.000200,,,,
1280,2017-04-14,sh.000912,9413.4640,9423.1640,9305.2280,9318.5920,9401.2510,228035400,4224972496.0000,-0.879200,,,,
1281,2017-04-17,sh.000912,9276.6220,9381.8910,9232.4580,9363.4780,9318.5920,271042896,5174998528.0000,0.481700,,,,
1282,2017-04-18,sh.000912,9346.8100,9529.7120,9345.4940,9507.6830,9363.4780,337184000,7175831040.0000,1.540100,,,,
1283,2017-04-19,sh.000912,9504.0690,9573.5030,9429.1520,9494.5140,9507.6830,321762896,6565032704.0000,-0.138500,,,,
1284,2017-04-20,sh.000912,9513.3450,9795.5560,9512.3160,9727.8590,9494.5140,454674304,9674888448.0000,2.457700,,,,
1285,2017-04-21,sh.000912,9734.4300,9753.0710,9566.1520,9602.7240,9727.8590,328745696,7474368768.0000,-1.286400,,,,
1286,2017-04-24,sh.000912,9568.2890,9576.7210,9404.0410,9482.7130,9602.7240,254047400,5774779904.0000,-1.249800,,,,
1287,2017-04-25,sh.000912,9549.0000,9767.4040,9549.0000,9761.4590,9482.7130,220114800,7105163776.0000,2.939500,,,,
1288,2017-04-26,sh.000912,9763.1150,9915.6770,9695.1520,9730.7240,9761.4590,263748700,7377148160.0000,-0.314900,,,,
1289,2017-04-27,sh.000912,9700.9390,9782.2630,9641.0200,9777.5190,9730.7240,236891300,4533262848.0000,0.480900,,,,
1290,2017-04-28,sh.000912,9727.5600,9728.9630,9447.6730,9528.3450,9777.5190,367070304,9792469504.0000,-2.548400,,,,
1291,2017-05-02,sh.000912,9468.2340,9506.8010,9417.8330,9471.5580,9528.3440,248659400,5350999296.0000,-0.596000,,,,
1292,2017-05-03,sh.000912,9470.3150,9578.5480,9461.1550,9521.6710,9471.5580,268681696,5134174464.0000,0.529100,,,,
1293,2017-05-04,sh.000912,9497.0050,9533.7200,9477.7080,9508.7780,9521.6710,212147800,4527034880.0000,-0.135400,,,,
1294,2017-05-05,sh.000912,9506.2960,9539.7950,9463.3060,9497.4920,9508.7780,253241400,5866972672.0000,-0.118700,,,,
1295,2017-05-08,sh.000912,9483.9260,9494.7220,9326.1450,9332.1870,9497.4920,328767904,7023534336.0000,-1.740500,,,,
1296,2017-05-09,sh.000912,9249.0530,9317.2850,9144.8160,9309.0090,9332.1870,260594600,6354633984.0000,-0.248400,,,,
1297,2017-05-10,sh.000912,9304.7540,9410.2590,9252.5830,9268.8170,9309.0090,240987600,4570024192.0000,-0.431700,,,,
1298,2017-05-11,sh.000912,9231.1960,9331.5060,9206.9740,9327.9920,9268.8170,356296704,5853206272.0000,0.638400,,,,
1299,2017-05-12,sh.000912,9315.4490,9348.7090,9256.7760,9347.3090,9327.9920,237358600,4301766912.0000,0.207100,,,,
1300,2017-05-15,sh.000912,9350.0660,9502.7330,9350.0660,9476.2290,9347.3090,250274100,5453207296.0000,1.379200,,,,
1301,2017-05-16,sh.000912,9473.2980,9703.5940,9454.5020,9703.0570,9476.2290,306617008,7649948160.0000,2.393700,,,,
1302,2017-05-17,sh.000912,9687.6970,9704.7250,9591.5510,9594.4190,9703.0570,230012200,5137910528.0000,-1.119600,,,,
1303,2017-05-18,sh.000912,9553.5480,9662.7040,9546.5020,9628.6120,9594.4190,246977000,4420741888.0000,0.356400,,,,
1304,2017-05-19,sh.000912,9622.5960,9805.6380,9622.5960,9789.8520,9628.6120,246482200,5877912576.0000,1.674600,,,,
1305,2017-05-22,sh.000912,9785.9960,9913.7750,9745.3390,9836.9250,9789.8520,260623400,5763609600.0000,0.480800,,,,
1306,2017-05-23,sh.000912,9842.4800,10048.2200,9842.3710,10020.7800,9836.9250,415296304,8816529920.0000,1.869000,,,,
1307,2017-05-24,sh.000912,9995.1210,10027.1800,9823.8410,9930.4460,10020.7800,304446896,6814985216.0000,-0.901400,,,,
1308,2017-05-25,sh.000912,9911.8850,9987.3760,9898.8770,9975.5880,9930.4460,278764496,5273666560.0000,0.454600,,,,
1309,2017-05-26,sh.000912,9969.5560,10042.4800,9913.3480,9987.9380,9975.5880,419510304,6153243392.0000,0.123800,,,,
1310,2017-05-31,sh.000912,9984.8500,10021.0000,9879.3510,9944.1790,9987.9380,364534000,7118973952.0000,-0.438100,,,,
1311,2017-06-01,sh.000912,9934.5350,9994.1950,9886.0250,9987.7310,9944.1790,334617008,6650845440.0000,0.438000,,,,
1312,2017-06-02,sh.000912,9987.1420,9993.1890,9863.9160,9920.0170,9987.7310,275333904,5095972608.0000,-0.678000,,,,
1313,2017-06-05,sh.000912,9921.0410,9932.4360,9825.5810,9843.3520,9920.0170,234831400,4679905280.0000,-0.772800,,,,
1314,2017-06-06,sh.000912,9838.9970,9977.2370,9830.6320,9977.2370,9843.3520,231987600,4669377024.0000,1.360200,,,,
1315,2017-06-07,sh.000912,9989.6660,10200.9600,9989.6660,10185.7200,9977.2370,381179808,8744503296.0000,2.089600,,,,
1316,2017-06-08,sh.000912,10200.0100,10379.3700,10175.3600,10374.7100,10185.7200,415194896,8756973824.0000,1.855400,,,,
1317,2017-06-09,sh.000912,10357.1500,10495.5900,10355.2300,10422.8800,10374.7100,351253808,7591753728.0000,0.464400,,,,
1318,2017-06-12,sh.000912,10448.8000,10701.4000,10429.0100,10592.6900,10422.8800,359086000,8940108288.0000,1.629200,,,,
1319,2017-06-13,sh.000912,10601.6000,10604.9100,10453.2900,10592.0700,10592.6900,220571400,5576979456.0000,-0.005900,,,,
1320,2017-06-14,sh.000912,10568.1300,10640.0700,10445.3200,10507.7400,10592.0700,272422496,7078072320.0000,-0.796100,,,,
1321,2017-06-15,sh.000912,10497.9000,10506.4900,10294.1000,10319.0500,10507.7400,290499408,8291798528.0000,-1.795800,,,,
1322,2017-06-16,sh.000912,10280.8900,10371.1000,10217.7900,10268.0600,10319.0500,181328700,5444674816.0000,-0.494200,,,,
1323,2017-06-19,sh.000912,10269.3100,10382.8900,10262.1100,10372.1800,10268.0600,211612400,6607061248.0000,1.014100,,,,
1324,2017-06-20,sh.000912,10400.8300,10434.7600,10283.6200,10306.1000,10372.1800,190668400,6058263040.0000,-0.637100,,,,
1325,2017-06-21,sh.000912,10370.9900,10592.9000,10299.0400,10587.3000,10306.1000,349584496,9156464384.0000,2.728500,,,,
1326,2017-06-22,sh.000912,10582.0200,10646.0700,10535.5000,10550.7800,10587.3000,397939200,9667402752.0000,-0.345000,,,,
1327,2017-06-23,sh.000912,10517.8200,10627.7200,10471.4200,10616.6700,10550.7800,291677296,7379504640.0000,0.624600,,,,
1328,2017-06-26,sh.000912,10649.1900,10839.7500,10646.7400,10825.1700,10616.6700,359272400,9900973056.0000,1.963900,,,,
1329,2017-06-27,sh.000912,10817.4800,10875.8600,10761.5400,10875.2200,10825.1700,278836304,7192094720.0000,0.462300,,,,
1330,2017-06-28,sh.000912,10858.4500,10858.4500,10662.7600,10672.9000,10875.2200,227660800,6586504192.0000,-1.860400,,,,
1331,2017-06-29,sh.000912,10689.4200,10720.9700,10602.8900,10713.1700,10672.9000,232701900,6601854208.0000,0.377400,,,,
1332,2017-06-30,sh.000912,10684.2300,10771.5700,10633.9600,10739.4900,10713.1700,231669300,5373121536.0000,0.245600,,,,
1333,2017-07-03,sh.000912,10781.6300,10782.9000,10514.0500,10565.4200,10739.4900,321128000,8382835712.0000,-1.620800,,,,
1334,2017-07-04,sh.000912,10526.4400,10526.4400,10320.6100,10373.0300,10565.4200,362043696,9296378112.0000,-1.821000,,,,
1335,2017-07-05,sh.000912,10374.9200,10513.4500,10369.4500,10507.8000,10373.0300,249720400,6790593024.0000,1.299300,,,,
1336,2017-07-06,sh.000912,10494.1900,10506.8100,10336.1700,10434.9700,10507.8000,252734300,7031278848.0000,-0.693100,,,,
1337,2017-07-07,sh.000912,10387.9500,10387.9500,10224.7300,10263.0700,10434.9700,215462000,6615775232.0000,-1.647400,,,,
1338,2017-07-10,sh.000912,10253.4100,10410.1000,10191.3800,10387.0900,10263.0700,280298096,7813723136.0000,1.208400,,,,
1339,2017-07-11,sh.000912,10361.5700,10603.5100,10354.6100,10544.1400,10387.0900,348085104,8670025728.0000,1.512000,,,,
1340,2017-07-12,sh.000912,10563.5700,10563.5700,10355.8700,10401.3200,10544.1400,344731296,6933447936.0000,-1.354500,,,,
1341,2017-07-13,sh.000912,10368.4100,10468.7000,10299.3200,10351.0300,10401.3200,288142800,6310559232.0000,-0.483500,,,,
1342,2017-07-14,sh.000912,10337.3600,10401.5500,10267.4700,10388.0500,10351.0400,222847200,5039516416.0000,0.357600,,,,
1343,2017-07-17,sh.000912,10393.8400,10403.7900,10123.8800,10209.6600,10388.0500,366259296,7764645120.0000,-1.717200,,,,
1344,2017-07-18,sh.000912,10217.3300,10252.1400,10120.4500,10239.3600,10209.6600,243079800,5824375296.0000,0.290900,,,,
1345,2017-07-19,sh.000912,10237.3100,10434.0000,10237.3100,10357.5000,10239.3600,286303504,7877851392.0000,1.153800,,,,
1346,2017-07-20,sh.000912,10353.3100,10512.2700,10350.4400,10511.8600,10357.5000,270040304,7430452224.0000,1.490300,,,,
1347,2017-07-21,sh.000912,10510.2800,10656.7000,10469.3300,10595.9200,10511.8600,305527200,7597270784.0000,0.799700,,,,
1348,2017-07-24,sh.000912,10605.4200,10823.6000,10605.4200,10748.1600,10595.9200,279828208,7877580288.0000,1.436800,,,,
1349,2017-07-25,sh.000912,10792.7400,10801.1700,10680.8000,10704.9900,10748.1600,191323300,4977277184.0000,-0.401700,,,,
1350,2017-07-26,sh.000912,10702.8000,10758.4000,10438.1100,10518.1100,10704.9900,241331400,6344310528.0000,-1.745700,,,,
1351,2017-07-27,sh.000912,10527.0600,10558.2300,10449.3000,10517.8600,10518.1100,254282900,5171027712.0000,-0.002400,,,,
1352,2017-07-28,sh.000912,10495.2300,10745.7700,10456.9200,10740.8500,10517.8600,194438400,7116570624.0000,2.120100,,,,
1353,2017-07-31,sh.000912,10754.9400,10922.8600,10747.5800,10763.2200,10740.8500,333235504,9105491712.0000,0.208300,,,,
1354,2017-08-01,sh.000912,10770.0000,10809.7700,10690.8900,10794.6300,10763.2200,244796400,6091754752.0000,0.291900,,,,
1355,2017-08-02,sh.000912,10772.1000,10861.4300,10742.6100,10789.5000,10794.6300,261865500,6396738560.0000,-0.047600,,,,
1356,2017-08-03,sh.000912,10791.6300,10839.0400,10664.3800,10692.5300,10789.5000,215983200,6169866752.0000,-0.898700,,,,
1357,2017-08-04,sh.000912,10700.0600,10726.3300,10583.3300,10585.5200,10692.5300,232221900,5280083712.0000,-1.000800,,,,
1358,2017-08-07,sh.000912,10564.1200,10853.9400,10538.7700,10845.8600,10585.5200,222772300,6482132224.0000,2.459400,,,,
1359,2017-08-08,sh.000912,10834.4500,10899.4000,10795.3400,10873.0200,10845.8600,370483696,6756159744.0000,0.250400,,,,
1360,2017-08-09,sh.000912,10884.5200,11244.1100,10852.7500,11163.6500,10873.0200,435793008,11756015360.0000,2.673000,,,,
1361,2017-08-10,sh.000912,11141.4300,11332.6400,11099.7000,11174.3900,11163.6500,298757600,9256458496.0000,0.096200,,,,
1362,2017-08-11,sh.000912,11097.5900,11154.8300,10931.5400,10944.4000,11174.3900,264862900,7595902976.0000,-2.058200,,,,
1363,2017-08-14,sh.000912,10966.1700,11265.2300,10966.1700,11179.1900,10944.4000,292562496,8685146624.0000,2.145400,,,,
1364,2017-08-15,sh.000912,11188.8100,11262.9100,11146.9300,11196.9400,11179.1900,249198300,6394344960.0000,0.158700,,,,
1365,2017-08-16,sh.000912,11199.7100,11201.0500,11080.7400,11122.5800,11196.9400,180211100,4816817920.0000,-0.664100,,,,
1366,2017-08-17,sh.000912,11137.0900,11159.0100,11023.7500,11066.7900,11122.5800,223126100,5844922880.0000,-0.501700,,,,
1367,2017-08-18,sh.000912,11029.7700,11103.8300,11006.8300,11060.0400,11066.7900,199448400,4712226304.0000,-0.061000,,,,
1368,2017-08-21,sh.000912,11069.9500,11178.6600,11036.1200,11077.4200,11060.0400,301219504,6211794432.0000,0.157200,,,,
1369,2017-08-22,sh.000912,11053.7700,11055.2300,10870.4300,11022.9600,11077.4200,272454096,8643326720.0000,-0.491600,,,,
1370,2017-08-23,sh.000912,10989.2600,11105.5400,10978.5100,11095.7500,11022.9600,167359800,5025588480.0000,0.660300,,,,
1371,2017-08-24,sh.000912,11094.0400,11111.4800,10987.9100,11009.3800,11095.7500,205653200,5116772864.0000,-0.778400,,,,
1372,2017-08-25,sh.000912,11012.7900,11059.9500,10959.5900,11052.3600,11009.3800,180872700,5202273536.0000,0.390400,,,,
1373,2017-08-28,sh.000912,11090.5500,11217.8900,11054.8400,11088.4200,11052.3600,305389200,9111944448.0000,0.326200,,,,
1374,2017-08-29,sh.000912,11087.3100,11126.4900,11042.4400,11062.1800,11088.4200,207096200,5912580864.0000,-0.236600,,,,
1375,2017-08-30,sh.000912,11070.6600,11155.0800,11056.3700,11150.7200,11062.1800,210406800,5957337344.0000,0.800400,,,,
1376,2017-08-31,sh.000912,11221.4400,11243.8800,11092.9900,11161.0800,11150.7200,311206496,7564773888.0000,0.092900,,,,
1377,2017-09-01,sh.000912,11149.8300,11269.1900,11136.9900,11201.2500,11161.0800,260774000,7285065216.0000,0.359800,,,,
1378,2017-09-04,sh.000912,11209.3600,11216.9100,11079.9100,11131.3200,11201.2500,251168200,6409383168.0000,-0.624300,,,,
1379,2017-09-05,sh.000912,11137.4600,11220.4800,11135.4500,11180.0000,11131.3200,239206200,5840238080.0000,0.437300,,,,
1380,2017-09-06,sh.000912,11183.4000,11198.9300,11104.2600,11106.5100,11180.0000,183913600,5453534464.0000,-0.657300,,,,
1381,2017-09-07,sh.000912,11116.6700,11130.5200,10974.5200,10984.2400,11106.5100,195447600,5870972672.0000,-1.100900,,,,
1382,2017-09-08,sh.000912,10954.0300,10975.3600,10844.8600,10876.4000,10984.2400,211551700,6907800832.0000,-0.981800,,,,
1383,2017-09-11,sh.000912,10834.5800,10980.7700,10770.8700,10902.8000,10876.4000,225756900,8045483520.0000,0.242700,,,,
1384,2017-09-12,sh.000912,10912.7900,11014.1900,10885.9100,11010.8600,10902.8000,200195600,6186152960.0000,0.991100,,,,
1385,2017-09-13,sh.000912,11027.8700,11185.4500,11012.9500,11158.7900,11010.8600,206809800,7261768960.0000,1.343500,,,,
1386,2017-09-14,sh.000912,11173.1000,11199.1100,11088.7600,11139.0100,11158.7900,220708300,5449814016.0000,-0.177200,,,,
1387,2017-09-15,sh.000912,11151.7400,11260.4200,11135.8700,11220.4200,11139.0100,301115408,6144011264.0000,0.730800,,,,
1388,2017-09-18,sh.000912,11243.8000,11438.6700,11243.8000,11373.5000,11220.4200,241992200,7746187008.0000,1.364300,,,,
1389,2017-09-19,sh.000912,11403.5100,11453.8800,11343.2500,11374.4200,11373.5000,282491696,6460079616.0000,0.008100,,,,
1390,2017-09-20,sh.000912,11447.4300,11541.7300,11431.0600,11478.9500,11374.4200,276808304,7076771072.0000,0.918900,,,,
1391,2017-09-21,sh.000912,11493.0900,11558.2100,11412.3200,11522.7200,11478.9500,207695100,5368806144.0000,0.381300,,,,
1392,2017-09-22,sh.000912,11467.2700,11561.6500,11457.4900,11552.2200,11522.7200,203904400,5302583040.0000,0.256000,,,,
1393,2017-09-25,sh.000912,11558.6100,11741.8500,11558.6100,11732.7300,11552.2200,223875800,7679098112.0000,1.562600,,,,
1394,2017-09-26,sh.000912,11716.5200,11733.3500,11617.8100,11716.2500,11732.7300,145206300,4937432320.0000,-0.140500,,,,
1395,2017-09-27,sh.000912,11679.1900,11757.9000,11666.9800,11680.3500,11716.2500,159225500,4648869888.0000,-0.306400,,,,
1396,2017-09-28,sh.000912,11662.7100,11966.9600,11661.1800,11909.6800,11680.3500,193125800,6801151232.0000,1.963400,,,,
1397,2017-09-29,sh.000912,11929.7600,12181.4200,11929.7600,12001.4100,11909.6800,229881000,6769815040.0000,0.770200,,,,
1398,2017-10-09,sh.000912,12162.7500,12318.7300,12071.1600,12158.7200,12001.4100,243008100,7873222400.0000,1.310800,,,,
1399,2017-10-10,sh.000912,12177.2500,12365.4200,12093.8600,12327.7200,12158.7200,259121600,8665189888.0000,1.390000,,,,
1400,2017-10-11,sh.000912,12305.5800,12647.2800,12305.5800,12604.3800,12327.7200,249012700,8561495040.0000,2.244300,,,,
1401,2017-10-12,sh.000912,12592.1500,12645.9000,12464.9300,12570.7700,12604.3800,254460000,6538672640.0000,-0.266700,,,,
1402,2017-10-13,sh.000912,12538.5200,12639.4100,12461.0100,12590.4900,12570.7700,234717500,7132391424.0000,0.156900,,,,
1403,2017-10-16,sh.000912,12595.0500,12773.0000,12507.9500,12546.7000,12590.4900,259443500,7769508864.0000,-0.347800,,,,
1404,2017-10-17,sh.000912,12542.8100,12606.0500,12449.6400,12556.9900,12546.7000,197254000,5609785600.0000,0.082000,,,,
1405,2017-10-18,sh.000912,12530.2000,12835.5500,12525.9600,12833.2700,12556.9900,228186300,7022689024.0000,2.200200,,,,
1406,2017-10-19,sh.000912,12817.1200,13196.8500,12785.0300,13167.1600,12833.2700,255770100,9251977216.0000,2.601800,,,,
1407,2017-10-20,sh.000912,13093.9800,13093.9800,12929.6600,12991.7000,13167.1600,188270200,6609049856.0000,-1.332600,,,,
1408,2017-10-23,sh.000912,12993.2600,13120.4600,12933.2900,13059.9400,12991.7000,182305200,6417152256.0000,0.525300,,,,
1409,2017-10-24,sh.000912,13033.3900,13117.0300,12955.7000,13085.4300,13059.9400,210294500,7701605632.0000,0.195200,,,,
1410,2017-10-25,sh.000912,13109.9600,13142.4800,12999.1200,13061.2600,13085.4300,191284600,5986990592.0000,-0.184700,,,,
1411,2017-10-26,sh.000912,13521.5200,13779.6200,13331.3200,13452.1400,13061.2600,317951904,16668802816.0000,2.992600,,,,
1412,2017-10-27,sh.000912,13399.1700,13994.5700,13338.4300,13961.7100,13452.1400,272565008,14226464000.0000,3.788000,,,,
1413,2017-10-30,sh.000912,13858.1800,13863.1900,13571.1600,13701.3100,13961.7100,320716304,13981928448.0000,-1.865100,,,,
1414,2017-10-31,sh.000912,13618.0800,13721.6500,13475.1900,13596.4300,13701.3100,302497808,11059101952.0000,-0.765500,,,,
1415,2017-11-01,sh.000912,13618.4600,13802.5200,13522.8400,13562.7400,13596.4300,404223408,12337630464.0000,-0.247800,,,,
1416,2017-11-02,sh.000912,13580.0900,13736.7600,13575.3800,13683.2600,13562.7400,307646304,9822970368.0000,0.888600,,,,
1417,2017-11-03,sh.000912,13688.6000,13934.8300,13686.2700,13863.6300,13683.2600,298889104,10730893056.0000,1.318200,,,,
1418,2017-11-06,sh.000912,13930.4100,14290.4200,13930.4100,14255.6800,13863.6300,417424608,13004093440.0000,2.827900,,,,
1419,2017-11-07,sh.000912,14252.3300,14471.4300,14057.9300,14142.7300,14255.6800,353671296,12779519488.0000,-0.792300,,,,
1420,2017-11-08,sh.000912,14154.9400,14296.6800,14006.4500,14083.6900,14142.7300,298980896,11733911808.0000,-0.417500,,,,
1421,2017-11-09,sh.000912,14068.3300,14136.5100,13870.1800,14132.1100,14083.6900,325243696,10826810880.0000,0.343800,,,,
1422,2017-11-10,sh.000912,14106.9000,14676.7400,14097.5400,14629.9100,14132.1100,362098896,15124224512.0000,3.522500,,,,
1423,2017-11-13,sh.000912,14657.0200,14702.3400,14511.8900,14624.0200,14629.9100,329024800,11326322688.0000,-0.040300,,,,
1424,2017-11-14,sh.000912,14626.2300,14628.6800,14274.1500,14280.3700,14624.0200,299867200,11947229440.0000,-2.349900,,,,
1425,2017-11-15,sh.000912,14274.1800,14482.8900,14218.5500,14470.2800,14280.3700,316032304,11486599424.0000,1.329800,,,,
1426,2017-11-16,sh.000912,14441.6200,14992.0900,14436.3400,14988.7200,14470.2800,364293296,14919196928.0000,3.582800,,,,
1427,2017-11-17,sh.000912,14675.4500,14822.1100,14410.8500,14743.7100,14988.7200,468416800,22069289984.0000,-1.634600,,,,
1428,2017-11-20,sh.000912,14542.4500,14613.7000,14197.6000,14599.1400,14743.7100,439214400,15684427776.0000,-0.980600,,,,
1429,2017-11-21,sh.000912,14505.2900,14875.3900,14459.5800,14863.9000,14599.1400,485100896,18382366720.0000,1.813500,,,,
1430,2017-11-22,sh.000912,14860.5100,15017.5000,14419.1200,14456.5900,14863.9000,436136704,20206646016.0000,-2.740300,,,,
1431,2017-11-23,sh.000912,14318.6300,14318.6300,13852.0200,13895.8200,14456.5900,396483504,17741687296.0000,-3.879000,,,,
1432,2017-11-24,sh.000912,13873.0700,13963.0000,13534.1300,13851.2800,13895.8200,373061296,15504186624.0000,-0.320500,,,,
1433,2017-11-27,sh.000912,13800.0300,13818.5400,13427.8000,13641.5900,13851.2800,340442704,12438935552.0000,-1.513800,,,,
1434,2017-11-28,sh.000912,13630.3300,13908.3700,13617.3900,13891.8200,13641.5900,245493600,10831481856.0000,1.834300,,,,
1435,2017-11-29,sh.000912,13939.5700,13953.8700,13504.6800,13558.5300,13891.8200,299126400,10502342144.0000,-2.399200,,,,
1436,2017-11-30,sh.000912,13522.4000,13725.7700,13319.7500,13406.4900,13558.5300,228446200,8433062144.0000,-1.121400,,,,
1437,2017-12-01,sh.000912,13500.5200,13554.1200,13325.9100,13344.9400,13406.4900,218350200,8150364672.0000,-0.459100,,,,
1438,2017-12-04,sh.000912,13333.4600,13814.6400,13226.1200,13709.9600,13344.9400,264516300,10764292352.0000,2.735200,,,,
1439,2017-12-05,sh.000912,13663.6100,13923.7900,13631.9200,13730.0800,13709.9600,333098000,11280418560.0000,0.146800,,,,
1440,2017-12-06,sh.000912,13694.3600,13860.0700,13447.7200,13594.1000,13730.0800,275904096,10194375936.0000,-0.990400,,,,
1441,2017-12-07,sh.000912,13571.9400,13605.2800,13313.4200,13339.1300,13594.1000,186423400,8067150592.0000,-1.875600,,,,
1442,2017-12-08,sh.000912,13307.3800,13662.5700,13307.3800,13643.9400,13339.1300,245039400,8834924032.0000,2.285100,,,,
1443,2017-12-11,sh.000912,13725.8200,14181.0900,13725.7700,14181.0900,13643.9400,209554900,12824305920.0000,3.936900,,,,
1444,2017-12-12,sh.000912,14266.4500,14310.8400,14111.6900,14145.6900,14181.0900,147458200,8534900224.0000,-0.249600,,,,
1445,2017-12-13,sh.000912,14181.2300,14545.4800,14120.6400,14534.6600,14145.6900,173134800,9773461248.0000,2.749700,,,,
1446,2017-12-14,sh.000912,14559.3500,14589.6100,14387.1000,14538.3900,14534.6600,154117700,7202723840.0000,0.025700,,,,
1447,2017-12-15,sh.000912,14493.0900,14585.2500,14322.9300,14333.3800,14538.3900,210772000,8993286144.0000,-1.410100,,,,
1448,2017-12-18,sh.000912,14479.6200,14722.4000,14479.6200,14620.0600,14333.3800,689714400,16092504320.0000,2.000100,,,,
1449,2017-12-19,sh.000912,14563.8000,14810.6100,14542.7100,14710.4600,14620.0600,371047600,11740088064.0000,0.618300,,,,
1450,2017-12-20,sh.000912,14771.7800,15197.9200,14690.2900,15175.0700,14710.4600,547203600,16432549632.0000,3.158300,,,,
1451,2017-12-21,sh.000912,15143.4000,15241.2300,14992.8400,15188.0000,15175.0700,387332704,12821847552.0000,0.085200,,,,
1452,2017-12-22,sh.000912,15146.8900,15226.0700,15006.7300,15076.4000,15188.0000,334827600,10036647936.0000,-0.734800,,,,
1453,2017-12-25,sh.000912,15128.0500,15261.0800,14981.6600,15122.7700,15076.4000,329538496,10729634048.0000,0.307600,,,,
1454,2017-12-26,sh.000912,15094.3300,15140.9800,14780.0300,14902.6600,15122.7700,272582304,8847255808.0000,-1.455500,,,,
1455,2017-12-27,sh.000912,14894.8000,14942.0200,14562.2300,14563.5800,14902.6600,268302500,9212043008.0000,-2.275300,,,,
1456,2017-12-28,sh.000912,14895.1500,15315.2800,14687.0500,15222.2100,14563.5800,283162496,18289496576.0000,4.522400,,,,
1457,2017-12-29,sh.000912,15262.6700,15396.7400,14862.7100,15000.7400,15222.2100,226812600,13023036416.0000,-1.454900,,,,
1458,2018-01-02,sh.000912,15080.1600,15162.2200,14840.3700,15075.7500,15000.7400,263432000,11004683520.0000,0.500000,,,,
1459,2018-01-03,sh.000912,15071.6300,15364.4800,15059.5700,15262.4600,15075.7500,338462608,12003220480.0000,1.238500,,,,
1460,2018-01-04,sh.000912,15290.4800,15746.2600,15264.0600,15674.5000,15262.4600,375397904,16005562112.0000,2.699700,,,,
1461,2018-01-05,sh.000912,15723.7300,15848.5800,15567.2900,15696.0800,15674.5000,298780208,10275700480.0000,0.137700,,,,
1462,2018-01-08,sh.000912,15649.6400,16001.1400,15609.5800,15873.2900,15696.0800,329932496,12223894784.0000,1.128900,,,,
1463,2018-01-09,sh.000912,15866.7800,16421.6500,15863.5100,16416.9100,15873.2900,345726800,15306908160.0000,3.424800,,,,
1464,2018-01-10,sh.000912,16426.1800,16644.8200,16294.3100,16627.8800,16416.9100,331667008,13093184000.0000,1.285100,,,,
1465,2018-01-11,sh.000912,16609.9200,16629.5600,16365.9400,16420.4500,16627.8800,255583500,10823282944.0000,-1.247500,,,,
1466,2018-01-12,sh.000912,16406.1200,16703.1300,16306.4400,16703.1300,16420.4500,237243100,11140302592.0000,1.721600,,,,
1467,2018-01-15,sh.000912,16753.4000,16927.5700,16571.1400,16643.0200,16703.1300,324969696,14718639360.0000,-0.359900,,,,
1468,2018-01-16,sh.000912,16548.1400,16911.8300,16455.6700,16615.2300,16643.0200,502025696,17607345920.0000,-0.167000,,,,
1469,2018-01-17,sh.000912,16612.0400,16701.5500,16095.7900,16189.5900,16615.2300,485572608,19760792064.0000,-2.561700,,,,
1470,2018-01-18,sh.000912,16281.0100,16519.2200,16105.3200,16210.1500,16189.5900,335016208,15192018176.0000,0.127000,,,,
1471,2018-01-19,sh.000912,16199.2400,16288.1500,15930.3300,16048.3400,16210.1500,343597104,13889993472.0000,-0.998200,,,,
1472,2018-01-22,sh.000912,16107.2500,16675.4400,16107.2500,16671.8000,16048.3400,410743808,16912583680.0000,3.884800,,,,
1473,2018-01-23,sh.000912,16717.5200,16773.7200,16528.5800,16726.0100,16671.8000,347617200,13550502144.0000,0.325200,,,,
1474,2018-01-24,sh.000912,16753.2800,16753.2800,16401.8400,16477.6600,16726.0100,204796000,10558034176.0000,-1.484800,,,,
1475,2018-01-25,sh.000912,16496.8900,16543.2300,16138.9400,16370.6200,16477.6600,434576400,14423644672.0000,-0.649600,,,,
1476,2018-01-26,sh.000912,16322.6500,16517.2400,16299.2500,16502.5700,16370.6200,296362400,11047475712.0000,0.806000,,,,
1477,2018-01-29,sh.000912,16537.4200,16551.9400,15786.0800,15804.0300,16502.5700,361450704,17151230976.0000,-4.232900,,,,
1478,2018-01-30,sh.000912,15715.1900,15932.4600,15619.9600,15776.8100,15804.0300,309602208,12526832384.0000,-0.172300,,,,
1479,2018-01-31,sh.000912,15747.6300,16241.1300,15747.6300,16187.8300,15776.8100,273872704,13142972416.0000,2.605200,,,,
1480,2018-02-01,sh.000912,16173.6100,16173.6100,15864.8900,16014.9900,16187.8300,385344400,14457478912.0000,-1.067700,,,,
1481,2018-02-02,sh.000912,15846.2200,16024.3500,15626.5400,15890.7700,16014.9900,277586896,13191665408.0000,-0.775700,,,,
1482,2018-02-05,sh.000912,15540.5500,15597.0400,15047.1000,15291.6300,15890.7700,390244896,20340821248.0000,-3.770400,,,,
1483,2018-02-06,sh.000912,14879.4800,15196.0400,14815.6400,15059.6200,15291.6300,483268208,19613496576.0000,-1.517200,,,,
1484,2018-02-07,sh.000912,15242.1700,15303.9300,14417.5600,14425.4900,15059.6200,410174208,18848176640.0000,-4.210800,,,,
1485,2018-02-08,sh.000912,14388.8400,14930.4200,14385.5300,14668.6500,14425.4900,300086496,14819140352.0000,1.685600,,,,
1486,2018-02-09,sh.000912,14166.8800,14387.2500,13811.1700,14381.2100,14668.6500,437030400,18651933440.0000,-1.959600,,,,
1487,2018-02-12,sh.000912,14461.6000,14840.1300,14461.6000,14753.1900,14381.2100,253083700,12431802624.0000,2.586600,,,,
1488,2018-02-13,sh.000912,14865.1200,15116.9900,14865.1200,14940.2800,14753.1900,205762300,9891396864.0000,1.268200,,,,
1489,2018-02-14,sh.000912,15035.6500,15112.7900,14952.8200,15091.2400,14940.2800,176179500,6713084416.0000,1.010400,,,,
1490,2018-02-22,sh.000912,15316.2100,15724.9900,15289.8400,15723.3400,15091.2400,223825500,10407163392.0000,4.188500,,,,
1491,2018-02-23,sh.000912,15781.9700,15875.8100,15536.0600,15668.6400,15723.3400,181887800,7696036864.0000,-0.347900,,,,
1492,2018-02-26,sh.000912,15752.9200,15796.5100,15446.2200,15643.2000,15668.6400,235360700,10058567424.0000,-0.162400,,,,
1493,2018-02-27,sh.000912,15751.2700,15751.2700,15382.5900,15395.4900,15643.2000,245495500,9890705920.0000,-1.583500,,,,
1494,2018-02-28,sh.000912,15150.8900,15318.7800,14877.5100,15002.5200,15395.4900,231284000,11257451776.0000,-2.552500,,,,
1495,2018-03-01,sh.000912,14981.3600,15300.7600,14914.9700,15187.6500,15002.5200,186214800,8715916288.0000,1.234000,,,,
1496,2018-03-02,sh.000912,15076.8100,15264.3300,14951.9500,15084.5100,15187.6500,169385900,6673659136.0000,-0.679100,,,,
1497,2018-03-05,sh.000912,15100.3900,15188.0600,14809.1700,14858.9900,15084.5100,175722300,7541128704.0000,-1.495000,0.000000,0.000000,0.000000,0.000000
1498,2018-03-06,sh.000912,14935.1800,14972.7000,14431.7100,14851.5900,14858.9900,289150000,12868838912.0000,-0.049800,0.000000,0.000000,0.000000,0.000000
1499,2018-03-07,sh.000912,14814.2400,14982.7400,14610.7600,14652.0300,14851.5900,257892000,10144971776.0000,-1.343700,0.000000,0.000000,0.000000,0.000000
1500,2018-03-08,sh.000912,14616.8300,14987.2700,14578.9400,14974.6000,14652.0300,279944400,11574469632.0000,2.201500,0.000000,0.000000,0.000000,0.000000
1501,2018-03-09,sh.000912,15022.7900,15143.1100,14951.3900,15027.7900,14974.6000,243154100,9227516672.0000,0.355200,0.000000,0.000000,0.000000,0.000000
1502,2018-03-12,sh.000912,15072.8400,15115.8600,14799.3800,14945.6300,15027.7900,333263200,11570094848.0000,-0.546700,0.000000,0.000000,0.000000,0.000000
1503,2018-03-13,sh.000912,14935.1800,15021.4700,14759.9200,14765.5000,14945.6300,243292300,9618021120.0000,-1.205300,0.000000,0.000000,0.000000,0.000000
1504,2018-03-14,sh.000912,14733.4100,14997.7100,14691.8700,14964.5600,14765.5000,177354100,8173677312.0000,1.348100,0.000000,0.000000,0.000000,0.000000
1505,2018-03-15,sh.000912,14961.4800,15324.1500,14957.7000,15311.7100,14964.5600,302448304,12292112640.0000,2.319800,0.000000,0.000000,0.000000,0.000000
1506,2018-03-16,sh.000912,15349.7500,15406.3100,15071.4600,15076.8800,15311.7100,228424300,8541374464.0000,-1.533600,0.000000,0.000000,0.000000,0.000000
1507,2018-03-19,sh.000912,15104.3200,15203.3100,14991.6500,15162.3400,15076.8800,190965600,8303914752.0000,0.566800,0.000000,0.000000,0.000000,0.000000
1508,2018-03-20,sh.000912,15052.4600,15104.5400,14937.9300,15050.6000,15162.3400,166097200,6834158848.0000,-0.737000,0.000000,0.000000,0.000000,0.000000
1509,2018-03-21,sh.000912,15095.8600,15135.4900,14873.3300,14929.8800,15050.6000,180296000,7072229888.0000,-0.802000,0.000000,0.000000,0.000000,0.000000
1510,2018-03-22,sh.000912,14923.3400,14970.2500,14453.4900,14478.2300,14929.8800,302484496,11019627008.0000,-3.025100,0.000000,0.000000,0.000000,0.000000
1511,2018-03-23,sh.000912,14025.5700,14354.1200,13893.1600,14221.5300,14478.2300,441865504,13000431104.0000,-1.773000,0.000000,0.000000,0.000000,0.000000
1512,2018-03-26,sh.000912,14156.5200,14270.8600,13864.6800,14037.5500,14221.5300,400426208,12933781248.0000,-1.293700,0.000000,0.000000,0.000000,0.000000
1513,2018-03-27,sh.000912,14262.2000,14311.7000,13948.5200,14133.9400,14037.5500,341245296,13161400576.0000,0.686700,,,,
1514,2018-03-28,sh.000912,13901.8900,13932.7800,13428.2600,13478.9200,14133.9400,315675808,17454306304.0000,-4.634400,0.000000,0.000000,0.000000,0.000000
1515,2018-03-29,sh.000912,13538.9600,13963.5000,13237.9500,13854.6800,13478.9200,270306400,14225574144.0000,2.787700,0.000000,0.000000,0.000000,0.000000
1516,2018-03-30,sh.000912,13827.5600,14013.7200,13740.6300,13821.3100,13854.6800,207153500,8587959808.0000,-0.240800,0.000000,0.000000,0.000000,0.000000
1517,2018-04-02,sh.000912,13788.4100,13960.2900,13662.9600,13748.7100,13821.3100,254454900,8675432704.0000,-0.525300,0.000000,0.000000,0.000000,0.000000
1518,2018-04-03,sh.000912,13694.7600,13920.6100,13667.2700,13808.8100,13748.7100,251414300,9982573056.0000,0.437100,0.000000,0.000000,0.000000,0.000000
1519,2018-04-04,sh.000912,13894.0500,14393.1200,13894.0500,14247.3300,13808.8100,327268496,14031949824.0000,3.175700,0.000000,0.000000,0.000000,0.000000
1520,2018-04-09,sh.000912,14280.3700,14335.2200,14033.5200,14123.6100,14247.3300,288710896,9569504256.0000,-0.868400,0.000000,0.000000,0.000000,0.000000
1521,2018-04-10,sh.000912,14204.1400,14254.8200,14010.5300,14251.0600,14123.6100,226154600,8108296704.0000,0.902400,0.000000,0.000000,0.000000,0.000000
1522,2018-04-11,sh.000912,14286.9300,14385.8500,14240.1800,14301.1400,14251.0600,257427600,8510441216.0000,0.351500,0.000000,0.000000,0.000000,0.000000
1523,2018-04-12,sh.000912,14273.7200,14275.8300,14092.5200,14104.0100,14301.1400,208336900,7049072640.0000,-1.378400,0.000000,0.000000,0.000000,0.000000
1524,2018-04-13,sh.000912,14197.3600,14256.8000,13876.1800,13915.5200,14104.0100,145776600,6337949696.0000,-1.336500,0.000000,0.000000,0.000000,0.000000
1525,2018-04-16,sh.000912,13821.5000,13971.0500,13743.8200,13869.8800,13915.5200,156442200,6827211520.0000,-0.327900,0.000000,0.000000,0.000000,0.000000
1526,2018-04-17,sh.000912,13897.6800,13950.6000,13602.6700,13603.2500,13869.8800,172481800,6427696384.0000,-1.922400,0.000000,0.000000,0.000000,0.000000
1527,2018-04-18,sh.000912,13711.6900,13732.0300,13292.3600,13513.0000,13603.2500,208878200,9134678016.0000,-0.663400,0.000000,0.000000,0.000000,0.000000
1528,2018-04-19,sh.000912,13607.2100,13981.8800,13554.1800,13981.5500,13513.0000,237572900,9651427072.0000,3.467400,0.000000,0.000000,0.000000,0.000000
1529,2018-04-20,sh.000912,13971.8700,14152.0600,13720.9500,13783.9000,13981.5500,230662900,9051931648.0000,-1.413700,0.000000,0.000000,0.000000,0.000000
1530,2018-04-23,sh.000912,13732.5600,13913.0000,13663.8900,13817.2000,13783.9000,160517800,6738617856.0000,0.241600,0.000000,0.000000,0.000000,0.000000
1531,2018-04-24,sh.000912,13873.5800,14290.7200,13873.5800,14212.2800,13817.2000,252287100,10805554176.0000,2.859400,0.000000,0.000000,0.000000,0.000000
1532,2018-04-25,sh.000912,14162.1200,14298.6700,14113.5300,14273.9500,14212.2800,156841800,6118232832.0000,0.433900,0.000000,0.000000,0.000000,0.000000
1533,2018-04-26,sh.000912,14278.7300,14278.7300,13859.8600,13942.0600,14273.9500,169818300,7698958592.0000,-2.325100,0.000000,0.000000,0.000000,0.000000
1534,2018-04-27,sh.000912,13929.4000,13934.7600,13362.4600,13505.8500,13942.0600,340923904,13752479744.0000,-3.128800,0.000000,0.000000,0.000000,0.000000
1535,2018-05-02,sh.000912,13391.3400,13573.7000,13224.7300,13562.0600,13505.8500,306741600,13049186816.0000,0.416200,0.000000,0.000000,0.000000,0.000000
1536,2018-05-03,sh.000912,13529.7600,13754.9500,13394.1100,13730.1300,13562.0600,253397700,9471924992.0000,1.239300,0.000000,0.000000,0.000000,0.000000
1537,2018-05-04,sh.000912,13704.3600,13811.0000,13611.8900,13629.4900,13730.1300,175531200,7691760896.0000,-0.733000,0.000000,0.000000,0.000000,0.000000
1538,2018-05-07,sh.000912,13615.4300,14275.4700,13578.7900,14245.2700,13629.4900,310621104,15078419968.0000,4.518100,0.000000,0.000000,0.000000,0.000000
1539,2018-05-08,sh.000912,14219.1300,14454.9000,14209.5700,14404.6900,14245.2700,301603408,12634287616.0000,1.119100,0.000000,0.000000,0.000000,0.000000
1540,2018-05-09,sh.000912,14402.3700,14423.5900,14236.3000,14345.6500,14404.6900,178874400,7341976576.0000,-0.409900,,,,
1541,2018-05-10,sh.000912,14369.4600,14556.1800,14369.4600,14531.5300,14345.6500,191738200,8817584896.0000,1.295700,0.000000,0.000000,0.000000,0.000000
1542,2018-05-11,sh.000912,14617.9500,14772.6700,14451.9200,14470.1900,14531.5300,190943500,8507312128.0000,-0.422100,0.000000,0.000000,0.000000,0.000000
1543,2018-05-14,sh.000912,14558.6500,14882.7100,14558.0400,14880.5800,14470.1900,245917400,10919096320.0000,2.836100,0.000000,0.000000,0.000000,0.000000
1544,2018-05-15,sh.000912,14918.8400,14945.1300,14726.4300,14928.6400,14880.5800,212785600,8922360576.0000,0.323000,0.000000,0.000000,0.000000,0.000000
1545,2018-05-16,sh.000912,14908.8300,15040.4200,14864.0200,14896.4200,14928.6400,251430200,9282554368.0000,-0.215800,0.000000,0.000000,0.000000,0.000000
1546,2018-05-17,sh.000912,14909.1800,14933.1600,14648.9300,14699.3800,14896.4200,170968600,7318565120.0000,-1.322700,0.000000,0.000000,0.000000,0.000000
1547,2018-05-18,sh.000912,14660.5000,14859.4000,14500.4700,14845.9500,14699.3800,170694000,7090749184.0000,0.997100,0.000000,0.000000,0.000000,0.000000
1548,2018-05-21,sh.000912,14925.3000,14992.2900,14706.2200,14766.6600,14845.9500,191025000,7363883776.0000,-0.534100,0.000000,0.000000,0.000000,0.000000
1549,2018-05-22,sh.000912,14766.5100,14866.5400,14668.1100,14862.9700,14766.6600,206065100,6112423936.0000,0.652200,0.000000,0.000000,0.000000,0.000000
1550,2018-05-23,sh.000912,14838.1900,14859.9300,14537.8400,14541.0600,14862.9700,210681100,7730110464.0000,-2.165800,0.000000,0.000000,0.000000,0.000000
1551,2018-05-24,sh.000912,14531.8200,14634.6100,14318.7500,14354.1500,14541.0600,220369500,8173736704.0000,-1.285400,0.000000,0.000000,0.000000,0.000000
1552,2018-05-25,sh.000912,14326.3800,14612.5100,14326.3800,14437.0300,14354.1500,204380100,7517713408.0000,0.577400,0.000000,0.000000,0.000000,0.000000
1553,2018-05-28,sh.000912,14465.0200,14915.7000,14455.0200,14914.8900,14437.0300,231879500,10712158720.0000,3.310000,0.000000,0.000000,0.000000,0.000000
1554,2018-05-29,sh.000912,14882.2000,15217.4800,14853.8700,14862.2800,14914.8900,321529408,12654917376.0000,-0.352800,0.000000,0.000000,0.000000,0.000000
1555,2018-05-30,sh.000912,14733.2800,15104.3800,14579.3700,14904.6700,14862.2800,356026896,12268534784.0000,0.285300,0.000000,0.000000,0.000000,0.000000
1556,2018-05-31,sh.000912,15087.2700,15582.3300,15071.6100,15569.6100,14904.6700,560317904,21170401792.0000,4.461300,0.000000,0.000000,0.000000,0.000000
1557,2018-06-01,sh.000912,15505.2200,15619.9100,15220.2300,15347.4500,15569.6100,305927904,11162976512.0000,-1.426900,0.000000,0.000000,0.000000,0.000000
1558,2018-06-04,sh.000912,15467.5200,15866.6600,15312.1900,15848.4700,15347.4500,317857904,15889117696.0000,3.264600,0.000000,0.000000,0.000000,0.000000
1559,2018-06-05,sh.000912,15904.9400,16092.2600,15710.5600,15996.4600,15848.4700,300651008,13092452096.0000,0.933700,0.000000,0.000000,0.000000,0.000000
1560,2018-06-06,sh.000912,15957.8600,16176.7500,15893.2100,15928.4200,15996.4600,211987700,10537979392.0000,-0.425300,0.000000,0.000000,0.000000,0.000000
1561,2018-06-07,sh.000912,16022.2200,16035.3000,15714.8300,15783.6800,15928.4200,216874300,9379692032.0000,-0.908700,0.000000,0.000000,0.000000,0.000000
1562,2018-06-08,sh.000912,15748.7700,15856.4700,15465.0900,15674.0800,15783.6800,228778600,8986365184.0000,-0.694400,0.000000,0.000000,0.000000,0.000000
1563,2018-06-11,sh.000912,15624.9500,15778.3600,15462.7700,15612.5400,15674.0800,391910208,12498619648.0000,-0.392600,0.000000,0.000000,0.000000,0.000000
1564,2018-06-12,sh.000912,15691.7300,16192.0600,15667.6500,16163.7000,15612.5400,329690608,15445870592.0000,3.530200,0.000000,0.000000,0.000000,0.000000
1565,2018-06-13,sh.000912,16154.1600,16193.4600,15908.9200,15959.3200,16163.7000,210326700,10067367424.0000,-1.264500,0.000000,0.000000,0.000000,0.000000
1566,2018-06-14,sh.000912,15931.9400,16004.4900,15549.2800,15724.3400,15959.3200,249490300,10411763200.0000,-1.472400,0.000000,0.000000,0.000000,0.000000
1567,2018-06-15,sh.000912,15581.2800,15637.7300,15432.0700,15504.4500,15724.3400,260019800,9595094784.0000,-1.398400,0.000000,0.000000,0.000000,0.000000
1568,2018-06-19,sh.000912,15357.6900,15403.3500,14764.6900,14857.0700,15504.4500,389365104,14418878208.0000,-4.175400,0.000000,0.000000,0.000000,0.000000
1569,2018-06-20,sh.000912,14877.1300,15306.9400,14877.1300,15298.3400,14857.0700,306966496,11395814144.0000,2.970100,0.000000,0.000000,0.000000,0.000000
1570,2018-06-21,sh.000912,15298.7800,15526.2600,15163.7500,15172.9000,15298.3400,275377104,10320753152.0000,-0.820000,0.000000,0.000000,0.000000,0.000000
1571,2018-06-22,sh.000912,15043.7400,15241.3600,14926.6500,15225.7700,15172.9000,198017400,7571106048.0000,0.348500,0.000000,0.000000,0.000000,0.000000
1572,2018-06-25,sh.000912,15294.1500,15498.2700,15213.3700,15230.3700,15225.7700,217165700,10229328896.0000,0.030200,0.000000,0.000000,0.000000,0.000000
1573,2018-06-26,sh.000912,15164.0200,15322.6700,14901.3700,15072.2300,15230.3700,215498800,10565510912.0000,-1.038300,0.000000,0.000000,0.000000,0.000000
1574,2018-06-27,sh.000912,15001.6100,15074.8100,14367.3800,14396.4500,15072.2300,304919904,13443057664.0000,-4.483600,0.000000,0.000000,0.000000,0.000000
1575,2018-06-28,sh.000912,14198.8000,14345.8900,13923.8900,14085.2900,14396.4500,297518896,11170768384.0000,-2.161400,0.000000,0.000000,0.000000,0.000000
1576,2018-06-29,sh.000912,14146.5300,14556.8900,14025.2400,14495.2300,14085.2900,229545000,8179260416.0000,2.910400,0.000000,0.000000,0.000000,0.000000
1577,2018-07-02,sh.000912,14522.0400,14671.0700,14031.5300,14167.6200,14495.2300,290963408,9325988864.0000,-2.260100,0.000000,0.000000,0.000000,0.000000
1578,2018-07-03,sh.000912,14116.2900,14236.2600,13405.1600,13828.9200,14167.6200,315754304,15784796160.0000,-2.390700,0.000000,0.000000,0.000000,0.000000
1579,2018-07-04,sh.000912,13795.2900,13948.8000,13692.0400,13696.8300,13828.9200,214135700,8849170688.0000,-0.955200,0.000000,0.000000,0.000000,0.000000
1580,2018-07-05,sh.000912,13807.4200,14101.8200,13662.7300,13731.1900,13696.8300,231497500,9942119168.0000,0.250900,0.000000,0.000000,0.000000,0.000000
1581,2018-07-06,sh.000912,13799.0400,14091.5900,13647.7700,13979.5900,13731.1900,274705600,10548673280.0000,1.809000,0.000000,0.000000,0.000000,0.000000
1582,2018-07-09,sh.000912,14113.5600,14360.5500,14050.8000,14358.9400,13979.5900,236664000,9953011456.0000,2.713600,0.000000,0.000000,0.000000,0.000000
1583,2018-07-10,sh.000912,14395.1900,14453.9800,14129.3000,14339.4900,14358.9400,195015600,7238042624.0000,-0.135500,0.000000,0.000000,0.000000,0.000000
1584,2018-07-11,sh.000912,13997.2400,14276.0200,13903.2800,14177.2100,14339.4900,181523400,6216649728.0000,-1.131700,0.000000,0.000000,0.000000,0.000000
1585,2018-07-12,sh.000912,14157.7000,14614.1400,14157.7000,14504.3700,14177.2100,263281000,9878769920.0000,2.307700,0.000000,0.000000,0.000000,0.000000
1586,2018-07-13,sh.000912,14567.5600,14762.9300,14454.6300,14735.1400,14504.3700,210429600,8693984256.0000,1.591000,0.000000,0.000000,0.000000,0.000000
1587,2018-07-16,sh.000912,14745.0600,14931.1600,14677.9500,14764.1600,14735.1400,214244100,7684529664.0000,0.197000,0.000000,0.000000,0.000000,0.000000
1588,2018-07-17,sh.000912,14785.6800,14785.6800,14410.3800,14516.3600,14764.1600,153499800,6682287872.0000,-1.678400,0.000000,0.000000,0.000000,0.000000
1589,2018-07-18,sh.000912,14521.7600,14617.0500,14367.6700,14392.3000,14516.3600,139918700,5990098432.0000,-0.854700,0.000000,0.000000,0.000000,0.000000
1590,2018-07-19,sh.000912,14433.4100,14504.9200,14286.0000,14340.7600,14392.3000,151070500,5547494912.0000,-0.358100,0.000000,0.000000,0.000000,0.000000
1591,2018-07-20,sh.000912,14354.9400,14443.6400,14156.0400,14407.0500,14340.7600,172895800,7567493632.0000,0.462300,0.000000,0.000000,0.000000,0.000000
1592,2018-07-23,sh.000912,14334.3300,14390.1300,14061.1500,14265.0200,14407.0500,237065100,9127423744.0000,-0.985800,0.000000,0.000000,0.000000,0.000000
1593,2018-07-24,sh.000912,14278.9000,14617.6700,14150.1800,14594.4000,14265.0200,307312496,11281485056.0000,2.309000,0.000000,0.000000,0.000000,0.000000
1594,2018-07-25,sh.000912,14627.8000,14642.9000,14468.2300,14526.6400,14594.4000,253196700,7444449536.0000,-0.464300,0.000000,0.000000,0.000000,0.000000
1595,2018-07-26,sh.000912,14563.4600,14569.0200,14310.5000,14326.2500,14526.6400,206624700,6576943616.0000,-1.379400,0.000000,0.000000,0.000000,0.000000
1596,2018-07-27,sh.000912,14323.8900,14495.0200,14275.5200,14405.7300,14326.2500,182474300,6153424640.0000,0.554800,0.000000,0.000000,0.000000,0.000000
1597,2018-07-30,sh.000912,14415.1800,14435.3800,13997.6700,14122.4400,14405.7300,191288900,7950580736.0000,-1.966500,0.000000,0.000000,0.000000,0.000000
1598,2018-07-31,sh.000912,14091.5200,14185.8700,14040.0100,14098.5200,14122.4400,136520900,5222298624.0000,-0.169300,0.000000,0.000000,0.000000,0.000000
1599,2018-08-01,sh.000912,14184.0800,14208.8800,13807.9700,13813.8300,14098.5200,185642800,6938330112.0000,-2.019300,0.000000,0.000000,0.000000,0.000000
1600,2018-08-02,sh.000912,13816.9400,13816.9400,13254.9700,13435.6100,13813.8300,275611600,11663285760.0000,-2.738000,0.000000,0.000000,0.000000,0.000000
1601,2018-08-03,sh.000912,13446.2000,13446.2000,13135.9600,13161.2400,13435.6100,221575600,9429218560.0000,-2.042100,0.000000,0.000000,0.000000,0.000000
1602,2018-08-06,sh.000912,13128.4500,13256.2500,12849.6700,12933.7200,13161.2400,239146100,9500867328.0000,-1.728700,0.000000,0.000000,0.000000,0.000000
1603,2018-08-07,sh.000912,12985.6900,13292.3700,12836.9700,13289.0000,12933.7200,208680000,8582048256.0000,2.747000,0.000000,0.000000,0.000000,0.000000
1604,2018-08-08,sh.000912,13285.6100,13301.1500,12979.7500,13034.1900,13289.0000,198372600,7323295744.0000,-1.917500,0.000000,0.000000,0.000000,0.000000
1605,2018-08-09,sh.000912,12996.2500,13451.7600,12972.7600,13415.9600,13034.1900,220690600,8380591104.0000,2.929000,0.000000,0.000000,0.000000,0.000000
1606,2018-08-10,sh.000912,13409.1700,13587.8600,13358.5400,13437.3200,13415.9600,190513800,6890421760.0000,0.159200,0.000000,0.000000,0.000000,0.000000
1607,2018-08-13,sh.000912,13311.8900,13327.1700,13041.0000,13272.7700,13437.3200,171787500,7815962624.0000,-1.224500,0.000000,0.000000,0.000000,0.000000
1608,2018-08-14,sh.000912,13308.7900,13398.2500,13172.8500,13283.4100,13272.7700,148736700,6048584704.0000,0.080100,0.000000,0.000000,0.000000,0.000000
1609,2018-08-15,sh.000912,13277.9700,13283.7900,12889.2700,12909.6500,13283.4100,187579500,7270714880.0000,-2.813700,0.000000,0.000000,0.000000,0.000000
1610,2018-08-16,sh.000912,12718.2700,13053.1500,12569.6600,12621.0700,12909.6500,205632300,10228877056.0000,-2.235400,0.000000,0.000000,0.000000,0.000000
1611,2018-08-17,sh.000912,12781.8400,12793.4000,12358.2700,12402.4500,12621.0700,222544600,8703988736.0000,-1.732100,0.000000,0.000000,0.000000,0.000000
1612,2018-08-20,sh.000912,12409.8200,12561.0700,12201.0200,12556.3000,12402.4500,230544200,9005304064.0000,1.240400,0.000000,0.000000,0.000000,0.000000
1613,2018-08-21,sh.000912,12590.0600,13057.6600,12581.4300,13055.4400,12556.3000,245114500,10065889792.0000,3.975300,0.000000,0.000000,0.000000,0.000000
1614,2018-08-22,sh.000912,13030.8300,13045.0900,12884.2400,12956.5100,13055.4400,133816800,4763226112.0000,-0.757800,0.000000,0.000000,0.000000,0.000000
1615,2018-08-23,sh.000912,13016.2100,13141.8400,12845.8000,13001.7400,12956.5100,162081300,5845552640.0000,0.349100,0.000000,0.000000,0.000000,0.000000
1616,2018-08-24,sh.000912,12968.7200,12968.7200,12748.6300,12826.6900,13001.7400,124202700,5387824384.0000,-1.346400,0.000000,0.000000,0.000000,0.000000
1617,2018-08-27,sh.000912,12877.4600,13323.1900,12877.4600,13323.1900,12826.6900,262279600,10249139968.0000,3.870800,0.000000,0.000000,0.000000,0.000000
1618,2018-08-28,sh.000912,13391.7700,13394.2900,13134.7900,13188.2000,13323.1900,196697200,8523139328.0000,-1.013200,0.000000,0.000000,0.000000,0.000000
1619,2018-08-29,sh.000912,13201.1300,13207.5800,13103.3800,13167.3500,13188.2000,139498400,6075613184.0000,-0.158000,0.000000,0.000000,0.000000,0.000000
1620,2018-08-30,sh.000912,13184.4000,13299.2100,13053.0800,13066.3000,13167.3500,156088400,6827931136.0000,-0.767400,0.000000,0.000000,0.000000,0.000000
1621,2018-08-31,sh.000912,12802.0300,12802.0300,12562.2400,12676.5800,13066.3000,339617600,12526075648.0000,-2.982600,0.000000,0.000000,0.000000,0.000000
1622,2018-09-03,sh.000912,12549.1800,12672.7900,12487.0300,12643.3400,12676.5800,247714700,7448116224.0000,-0.262200,0.000000,0.000000,0.000000,0.000000
1623,2018-09-04,sh.000912,12665.6000,12821.8600,12581.3800,12797.9200,12643.3400,187454500,6002579968.0000,1.222600,0.000000,0.000000,0.000000,0.000000
1624,2018-09-05,sh.000912,12785.0300,12819.7600,12541.1000,12550.2900,12797.9200,172960500,6320513792.0000,-1.935000,0.000000,0.000000,0.000000,0.000000
1625,2018-09-06,sh.000912,12461.3900,12589.7300,12164.5500,12228.7200,12550.2900,226132500,9027217664.0000,-2.562200,0.000000,0.000000,0.000000,0.000000
1626,2018-09-07,sh.000912,12280.3200,12476.8600,12218.5800,12354.6000,12228.7200,181858100,6838561792.0000,1.029400,0.000000,0.000000,0.000000,0.000000
1627,2018-09-10,sh.000912,12365.4200,12366.5600,12154.0500,12270.8000,12354.6000,169149300,5408925696.0000,-0.678300,0.000000,0.000000,0.000000,0.000000
1628,2018-09-11,sh.000912,12271.3800,12421.6900,12224.0100,12332.9700,12270.8000,144236100,5054878720.0000,0.506600,0.000000,0.000000,0.000000,0.000000
1629,2018-09-12,sh.000912,12275.4900,12318.6100,12073.0700,12093.9900,12332.9700,125752200,6200917248.0000,-1.937700,0.000000,0.000000,0.000000,0.000000
1630,2018-09-13,sh.000912,12256.4500,12298.4600,11929.1900,12161.5700,12093.9900,154769200,7214476800.0000,0.558700,0.000000,0.000000,0.000000,0.000000
1631,2018-09-14,sh.000912,12222.0700,12468.6800,12111.0100,12367.4700,12161.5700,176590500,7723479040.0000,1.693100,0.000000,0.000000,0.000000,0.000000
1632,2018-09-17,sh.000912,12338.9900,12509.7200,12288.4600,12388.9400,12367.4700,154439200,6147283456.0000,0.173600,0.000000,0.000000,0.000000,0.000000
1633,2018-09-18,sh.000912,12310.8900,12712.8200,12307.0700,12695.2200,12388.9400,195134900,7635944192.0000,2.472200,0.000000,0.000000,0.000000,0.000000
1634,2018-09-19,sh.000912,12679.9800,13086.1600,12666.1800,12966.3800,12695.2200,247561300,10624848128.0000,2.136000,0.000000,0.000000,0.000000,0.000000
1635,2018-09-20,sh.000912,12995.9500,13077.3700,12915.3100,12976.6000,12966.3800,137352800,5844091136.0000,0.078800,0.000000,0.000000,0.000000,0.000000
1636,2018-09-21,sh.000912,13048.7800,13452.9200,13042.1100,13447.1500,12976.6000,258768500,9796470528.0000,3.626200,0.000000,0.000000,0.000000,0.000000
1637,2018-09-25,sh.000912,13348.4700,13448.1800,13256.0500,13319.2200,13447.1500,173602400,6462239488.0000,-0.951400,0.000000,0.000000,0.000000,0.000000
1638,2018-09-26,sh.000912,13406.9800,13917.7700,13405.0200,13761.6200,13319.2200,310045008,14175945728.0000,3.321500,0.000000,0.000000,0.000000,0.000000
1639,2018-09-27,sh.000912,13779.6900,13779.6900,13615.1600,13753.5900,13761.6200,187171800,7997676544.0000,-0.058300,0.000000,0.000000,0.000000,0.000000
1640,2018-09-28,sh.000912,13783.4500,13919.9200,13687.9000,13890.1000,13753.5900,212672800,7643249920.0000,0.992500,0.000000,0.000000,0.000000,0.000000
1641,2018-10-08,sh.000912,13578.0400,13603.0200,13105.7700,13107.7900,13890.1000,234539300,12645760512.0000,-5.632100,0.000000,0.000000,0.000000,0.000000
1642,2018-10-09,sh.000912,13121.4200,13318.8500,13112.8000,13233.7600,13107.7900,173000300,7657377792.0000,0.961000,0.000000,0.000000,0.000000,0.000000
1643,2018-10-10,sh.000912,13276.9600,13300.2600,12841.5900,12884.7500,13233.7600,221613800,11398208256.0000,-2.637300,0.000000,0.000000,0.000000,0.000000
1644,2018-10-11,sh.000912,12340.5000,12819.5500,12319.7000,12418.4400,12884.7500,294262800,13765677824.0000,-3.619100,0.000000,0.000000,0.000000,0.000000
1645,2018-10-12,sh.000912,12511.5600,12883.0400,12501.7500,12844.7900,12418.4400,241892900,10514826496.0000,3.433200,0.000000,0.000000,0.000000,0.000000
1646,2018-10-15,sh.000912,12826.9700,12880.4700,12579.5300,12667.2700,12844.7900,199757400,7986436096.0000,-1.382000,0.000000,0.000000,0.000000,0.000000
1647,2018-10-16,sh.000912,12654.4500,12863.1600,12580.2600,12646.6000,12667.2700,158376600,5635799552.0000,-0.163200,0.000000,0.000000,0.000000,0.000000
1648,2018-10-17,sh.000912,12811.9300,12845.5300,12288.8100,12553.9700,12646.6000,197675600,8041868800.0000,-0.732500,0.000000,0.000000,0.000000,0.000000
1649,2018-10-18,sh.000912,12442.0400,12527.1500,12223.4700,12275.2000,12553.9700,185461500,7771140608.0000,-2.220600,0.000000,0.000000,0.000000,0.000000
1650,2018-10-19,sh.000912,12183.4000,12762.1500,12129.8300,12745.3400,12275.2000,241189000,11126870528.0000,3.830000,0.000000,0.000000,0.000000,0.000000
1651,2018-10-22,sh.000912,12919.4700,13429.4600,12919.4700,13299.4300,12745.3400,316203696,13662282496.0000,4.347400,0.000000,0.000000,0.000000,0.000000
1652,2018-10-23,sh.000912,13260.7000,13260.7000,12382.4900,12504.7200,13299.4300,307297600,17329692672.0000,-5.975500,0.000000,0.000000,0.000000,0.000000
1653,2018-10-24,sh.000912,12318.6900,12513.9000,12057.2500,12172.3600,12504.7200,327937504,14477352192.0000,-2.657900,0.000000,0.000000,0.000000,0.000000
1654,2018-10-25,sh.000912,11849.4200,11948.7800,11672.1100,11900.4100,12172.3600,259679000,11248252160.0000,-2.234200,0.000000,0.000000,0.000000,0.000000
1655,2018-10-26,sh.000912,11931.4200,12005.2100,11599.6400,11643.6700,11900.4100,213342700,9453831936.0000,-2.157400,0.000000,0.000000,0.000000,0.000000
1656,2018-10-29,sh.000912,10974.1300,10974.1300,10633.0900,10638.9700,11643.6700,290509104,9910785280.0000,-8.628700,0.000000,0.000000,0.000000,0.000000
1657,2018-10-30,sh.000912,10314.8800,10671.5700,10155.1300,10445.9300,10638.9700,290541408,18629776896.0000,-1.814500,0.000000,0.000000,0.000000,0.000000
1658,2018-10-31,sh.000912,10496.2400,10887.2400,10480.7700,10845.6700,10445.9300,329854704,12409100032.0000,3.826800,0.000000,0.000000,0.000000,0.000000
1659,2018-11-01,sh.000912,10972.7500,11364.6400,10939.5400,11059.9700,10845.6700,349074800,14608037888.0000,1.975900,0.000000,0.000000,0.000000,0.000000
1660,2018-11-02,sh.000912,11461.5900,11752.0500,11261.0700,11749.0000,11059.9700,423300000,15299316480.0000,6.229900,0.000000,0.000000,0.000000,0.000000
1661,2018-11-05,sh.000912,11622.2900,11622.5700,11331.7300,11436.3700,11749.0000,265312300,11150289920.0000,-2.660900,0.000000,0.000000,0.000000,0.000000
1662,2018-11-06,sh.000912,11430.1900,11430.1900,11137.0100,11292.5100,11436.3700,259333500,7592728832.0000,-1.257900,0.000000,0.000000,0.000000,0.000000
1663,2018-11-07,sh.000912,11330.4500,11465.9400,11206.8100,11295.6900,11292.5100,195819900,6411943680.0000,0.028100,0.000000,0.000000,0.000000,0.000000
1664,2018-11-08,sh.000912,11431.1700,11455.2000,11299.8900,11331.7400,11295.6900,176997900,5667411456.0000,0.319200,0.000000,0.000000,0.000000,0.000000
1665,2018-11-09,sh.000912,11256.0700,11323.3900,11183.3500,11242.8200,11331.7400,139308800,4406426368.0000,-0.784700,0.000000,0.000000,0.000000,0.000000
1666,2018-11-12,sh.000912,11141.3700,11209.1600,10950.2000,11202.5900,11242.8200,189349500,7942568704.0000,-0.357800,0.000000,0.000000,0.000000,0.000000
1667,2018-11-13,sh.000912,11062.4500,11529.4600,11046.3800,11493.7800,11202.5900,268526800,9911708672.0000,2.599300,0.000000,0.000000,0.000000,0.000000
1668,2018-11-14,sh.000912,11495.8900,11496.2600,11243.2000,11257.7600,11493.7800,190404400,6554366720.0000,-2.053500,0.000000,0.000000,0.000000,0.000000
1669,2018-11-15,sh.000912,11273.7000,11376.1700,11259.4300,11333.5700,11257.7600,166588800,5161965568.0000,0.673400,0.000000,0.000000,0.000000,0.000000
1670,2018-11-16,sh.000912,11358.3900,11456.6800,11306.9100,11356.2100,11333.5700,188060400,5694487040.0000,0.199800,0.000000,0.000000,0.000000,0.000000
1671,2018-11-19,sh.000912,11343.3800,11554.9600,11326.5200,11497.1100,11356.2100,215962400,6733391360.0000,1.240700,0.000000,0.000000,0.000000,0.000000
1672,2018-11-20,sh.000912,11417.4900,11464.0200,11286.0300,11294.2500,11497.1100,200601900,5078917376.0000,-1.764400,0.000000,0.000000,0.000000,0.000000
1673,2018-11-21,sh.000912,11173.1700,11477.0100,11159.8800,11427.6000,11294.2500,175275900,5431008256.0000,1.180700,0.000000,0.000000,0.000000,0.000000
1674,2018-11-22,sh.000912,11444.8700,11476.7700,11325.0500,11418.3200,11427.6000,115681000,3636648880.0000,-0.081200,0.000000,0.000000,0.000000,0.000000
1675,2018-11-23,sh.000912,11395.1000,11436.5400,11210.8600,11212.8600,11418.3200,125506400,3753333856.0000,-1.799300,0.000000,0.000000,0.000000,0.000000
1676,2018-11-26,sh.000912,11258.0700,11281.7600,11130.8800,11146.8900,11212.8600,98917300,3219839680.0000,-0.588400,0.000000,0.000000,0.000000,0.000000
1677,2018-11-27,sh.000912,11180.3700,11210.8700,11066.2400,11092.6000,11146.8900,114760900,3368854848.0000,-0.487000,0.000000,0.000000,0.000000,0.000000
1678,2018-11-28,sh.000912,11138.3400,11307.0100,11089.0100,11289.1100,11092.6000,170629200,4757370112.0000,1.771500,0.000000,0.000000,0.000000,0.000000
1679,2018-11-29,sh.000912,11427.5500,11497.6100,11248.3900,11248.3900,11289.1100,169894700,6532244736.0000,-0.360700,0.000000,0.000000,0.000000,0.000000
1680,2018-11-30,sh.000912,11319.0600,11549.0200,11285.9700,11515.7800,11248.3900,189157000,8321361152.0000,2.377200,0.000000,0.000000,0.000000,0.000000
1681,2018-12-03,sh.000912,11919.9700,12123.7300,11811.8200,12049.2400,11515.7800,342559104,13183606272.0000,4.632400,0.000000,0.000000,0.000000,0.000000
1682,2018-12-04,sh.000912,12064.5600,12103.7200,11947.3200,12061.1600,12049.2400,190964800,6272544768.0000,0.099000,0.000000,0.000000,0.000000,0.000000
1683,2018-12-05,sh.000912,11918.0500,12231.1700,11899.1100,12154.6800,12061.1600,340786096,8941382912.0000,0.775300,0.000000,0.000000,0.000000,0.000000
1684,2018-12-06,sh.000912,11981.8900,12051.1300,11779.2000,11797.6900,12154.6800,295772208,8448165632.0000,-2.937000,0.000000,0.000000,0.000000,0.000000
1685,2018-12-07,sh.000912,11849.8600,11881.2900,11726.4200,11767.9900,11797.6900,182324400,5180532736.0000,-0.251800,0.000000,0.000000,0.000000,0.000000
1686,2018-12-10,sh.000912,11598.2300,11772.2000,11531.0000,11594.4200,11767.9900,245801100,5565160448.0000,-1.475000,0.000000,0.000000,0.000000,0.000000
1687,2018-12-11,sh.000912,11597.5600,11717.9800,11597.5600,11694.8100,11594.4200,175433400,4250569616.0000,0.865900,0.000000,0.000000,0.000000,0.000000
1688,2018-12-12,sh.000912,11803.3600,11812.1300,11681.2700,11787.1400,11694.8100,162254500,4286997376.0000,0.789500,0.000000,0.000000,0.000000,0.000000
1689,2018-12-13,sh.000912,11797.0400,12078.7100,11772.3100,12013.9900,11787.1400,205730900,7285511424.0000,1.924500,0.000000,0.000000,0.000000,0.000000
1690,2018-12-14,sh.000912,11953.8700,11969.2600,11838.3300,11846.4600,12013.9900,205791900,5673256960.0000,-1.394400,0.000000,0.000000,0.000000,0.000000
1691,2018-12-17,sh.000912,11799.4000,11866.5600,11682.8900,11761.7500,11846.4600,148439000,4989279232.0000,-0.715100,0.000000,0.000000,0.000000,0.000000
1692,2018-12-18,sh.000912,11669.3800,11767.2400,11607.7600,11712.0100,11761.7500,160491400,4610807040.0000,-0.422900,0.000000,0.000000,0.000000,0.000000
1693,2018-12-19,sh.000912,11690.8800,11760.0500,11464.9700,11487.0800,11712.0100,174259200,5615990528.0000,-1.920500,0.000000,0.000000,0.000000,0.000000
1694,2018-12-20,sh.000912,11453.7900,11542.2500,11320.1200,11463.2000,11487.0800,170586300,5460594944.0000,-0.207900,0.000000,0.000000,0.000000,0.000000
1695,2018-12-21,sh.000912,11402.2900,11451.3600,11217.1700,11311.8400,11463.2000,213533200,6211255808.0000,-1.320400,0.000000,0.000000,0.000000,0.000000
1696,2018-12-24,sh.000912,11257.5400,11410.4200,11178.8400,11387.0900,11311.8400,136048700,3941067376.0000,0.665300,0.000000,0.000000,0.000000,0.000000
1697,2018-12-25,sh.000912,11255.4500,11420.7300,11171.3100,11384.4200,11387.0900,175673400,4942840576.0000,-0.023500,0.000000,0.000000,0.000000,0.000000
1698,2018-12-26,sh.000912,11353.4800,11456.2100,11300.9100,11308.7800,11384.4200,125402400,3723528032.0000,-0.664400,0.000000,0.000000,0.000000,0.000000
1699,2018-12-27,sh.000912,11478.5800,11504.2200,11320.5500,11320.5500,11308.7800,148375700,5141168128.0000,0.104100,0.000000,0.000000,0.000000,0.000000
1700,2018-12-28,sh.000912,11327.0500,11710.0100,11286.5300,11645.3200,11320.5500,197133000,8134007808.0000,2.868800,0.000000,0.000000,0.000000,0.000000
1701,2019-01-02,sh.000912,11830.6800,11850.7300,11545.9900,11597.8600,11645.3200,157613500,7927099136.0000,-0.407500,0.000000,0.000000,0.000000,0.000000
1702,2019-01-03,sh.000912,11615.0000,11615.2400,11324.0500,11394.0300,11597.8600,173577100,6352547072.0000,-1.757500,0.000000,0.000000,0.000000,0.000000
1703,2019-01-04,sh.000912,11298.5600,11627.0200,11259.7800,11579.9700,11394.0300,191846900,6677723392.0000,1.632000,0.000000,0.000000,0.000000,0.000000
1704,2019-01-07,sh.000912,11678.9000,11730.0400,11597.2000,11675.7100,11579.9700,227488400,7110635776.0000,0.826800,0.000000,0.000000,0.000000,0.000000
1705,2019-01-08,sh.000912,11666.6200,11725.8900,11598.9000,11640.3700,11675.7100,173354100,5618149888.0000,-0.302700,0.000000,0.000000,0.000000,0.000000
1706,2019-01-09,sh.000912,11741.8600,11993.5700,11703.0200,11820.1600,11640.3700,249647000,9267179776.0000,1.544500,0.000000,0.000000,0.000000,0.000000
1707,2019-01-10,sh.000912,11809.4900,11921.1400,11712.1200,11831.6600,11820.1600,206786100,6021286912.0000,0.097300,0.000000,0.000000,0.000000,0.000000
1708,2019-01-11,sh.000912,11897.5200,12057.6500,11814.4400,12051.9500,11831.6600,162714000,6606110720.0000,1.861800,0.000000,0.000000,0.000000,0.000000
1709,2019-01-14,sh.000912,12002.5400,12023.4300,11846.1500,11889.9900,12051.9500,163781000,5333047552.0000,-1.343900,0.000000,0.000000,0.000000,0.000000
1710,2019-01-15,sh.000912,11943.3700,12485.8700,11892.6700,12482.8400,11889.9900,261409800,11292003072.0000,4.986100,0.000000,0.000000,0.000000,0.000000
1711,2019-01-16,sh.000912,12449.2500,12514.1300,12374.9400,12445.6800,12482.8400,189875500,8034755328.0000,-0.297600,0.000000,0.000000,0.000000,0.000000
1712,2019-01-17,sh.000912,12500.1300,12588.6800,12356.5200,12424.5100,12445.6800,170753600,6264205312.0000,-0.170100,0.000000,0.000000,0.000000,0.000000
1713,2019-01-18,sh.000912,12501.8600,12839.7400,12475.1600,12778.6100,12424.5100,268549104,12260108800.0000,2.850000,0.000000,0.000000,0.000000,0.000000
1714,2019-01-21,sh.000912,12844.1200,13055.4300,12839.9200,12911.4700,12778.6100,241583900,10732512000.0000,1.039700,0.000000,0.000000,0.000000,0.000000
1715,2019-01-22,sh.000912,12880.2900,12880.2900,12619.8700,12693.3000,12911.4700,158251700,7181622016.0000,-1.689700,0.000000,0.000000,0.000000,0.000000
1716,2019-01-23,sh.000912,12648.5700,12754.2700,12613.9600,12659.8200,12693.3000,132347700,5669774592.0000,-0.263800,0.000000,0.000000,0.000000,0.000000
1717,2019-01-24,sh.000912,12714.2800,12809.9700,12625.1200,12750.4700,12659.8200,213123700,6121969664.0000,0.716100,0.000000,0.000000,0.000000,0.000000
1718,2019-01-25,sh.000912,12811.9700,12926.2700,12712.3900,12815.7800,12750.4700,174787000,6363947264.0000,0.512200,0.000000,0.000000,0.000000,0.000000
1719,2019-01-28,sh.000912,12913.0500,13115.3700,12797.4200,12843.4100,12815.7800,240921800,10017573120.0000,0.215600,0.000000,0.000000,0.000000,0.000000
1720,2019-01-29,sh.000912,12851.1000,12996.5600,12732.9300,12965.9200,12843.4100,201792900,7711690752.0000,0.953800,0.000000,0.000000,0.000000,0.000000
1721,2019-01-30,sh.000912,12953.0900,13008.2600,12793.7500,12794.4600,12965.9200,178993800,6593351168.0000,-1.322400,0.000000,0.000000,0.000000,0.000000
1722,2019-01-31,sh.000912,12841.4100,13012.4200,12726.3800,12984.8800,12794.4600,224778920,9997779968.0000,1.488300,0.000000,0.000000,0.000000,0.000000
1723,2019-02-01,sh.000912,13101.2500,13178.0600,13030.2100,13157.0000,12984.8800,213795122,8840447232.0000,1.325600,0.000000,0.000000,0.000000,0.000000
1724,2019-02-11,sh.000912,13176.1800,13765.0300,13096.1300,13730.1500,13157.0000,283264672,12974534912.0000,4.356200,0.000000,0.000000,0.000000,0.000000
1725,2019-02-12,sh.000912,13724.4400,13795.5500,13622.0900,13697.0600,13730.1500,263599912,10783814912.0000,-0.241000,0.000000,0.000000,0.000000,0.000000
1726,2019-02-13,sh.000912,13761.6700,13942.0600,13680.0500,13921.1500,13697.0600,267198643,10509339136.0000,1.636100,0.000000,0.000000,0.000000,0.000000
1727,2019-02-14,sh.000912,13879.0300,14128.5400,13853.0200,14099.7200,13921.1500,242803898,11004900864.0000,1.282700,0.000000,0.000000,0.000000,0.000000
1728,2019-02-15,sh.000912,14041.7800,14061.0700,13852.4900,13888.0000,14099.7200,247464162,8889474048.0000,-1.501600,0.000000,0.000000,0.000000,0.000000
1729,2019-02-18,sh.000912,14024.7900,14306.9900,14021.9400,14286.0100,13888.0000,313744816,12338723840.0000,2.865800,0.000000,0.000000,0.000000,0.000000
1730,2019-02-19,sh.000912,14309.5300,14356.7200,14038.9000,14154.0200,14286.0100,332202064,11301782016.0000,-0.923900,0.000000,0.000000,0.000000,0.000000
1731,2019-02-20,sh.000912,14247.3400,14324.0800,13947.8100,14090.0600,14154.0200,244927612,10184906240.0000,-0.451900,0.000000,0.000000,0.000000,0.000000
1732,2019-02-21,sh.000912,14092.8900,14288.0600,14000.1200,14078.0600,14090.0600,348859520,10625737984.0000,-0.085200,0.000000,0.000000,0.000000,0.000000
1733,2019-02-22,sh.000912,14031.4900,14182.2400,13943.0400,14182.2400,14078.0600,367034112,10092173056.0000,0.740100,0.000000,0.000000,0.000000,0.000000
1734,2019-02-25,sh.000912,14243.1300,14607.6500,14083.2700,14583.3000,14182.2400,563883472,21624668160.0000,2.827800,0.000000,0.000000,0.000000,0.000000
1735,2019-02-26,sh.000912,14573.1300,14595.0600,14321.7900,14328.1300,14583.3000,491936304,17278508544.0000,-1.749700,0.000000,0.000000,0.000000,0.000000
1736,2019-02-27,sh.000912,14405.3600,14757.3800,14336.0300,14427.8500,14328.1300,466936944,17598704128.0000,0.696000,0.000000,0.000000,0.000000,0.000000
1737,2019-02-28,sh.000912,14448.8600,14780.5800,14379.8500,14613.8900,14427.8500,385045136,15300458752.0000,1.289500,0.000000,0.000000,0.000000,0.000000
1738,2019-03-01,sh.000912,14789.9800,15196.9600,14781.9600,15181.9400,14613.8900,393470208,16621024000.0000,3.887000,0.000000,0.000000,0.000000,0.000000
1739,2019-03-04,sh.000912,15356.2600,15598.6300,15177.6200,15348.2400,15181.9400,573469728,23412696320.0000,1.095400,0.000000,0.000000,0.000000,0.000000
1740,2019-03-05,sh.000912,15410.5100,15542.8400,15209.3500,15351.4800,15348.2400,471241008,15732610560.0000,0.021100,0.000000,0.000000,0.000000,0.000000
1741,2019-03-06,sh.000912,15282.3000,15291.1300,15066.3100,15178.8600,15351.4800,448413536,15106664704.0000,-1.124500,0.000000,0.000000,0.000000,0.000000
1742,2019-03-07,sh.000912,15073.3300,15073.3300,14640.2900,14747.3100,15178.8600,475396240,18191575040.0000,-2.843100,0.000000,0.000000,0.000000,0.000000
1743,2019-03-08,sh.000912,14464.6300,14742.5500,14387.8800,14529.2800,14747.3100,480202128,16746962944.0000,-1.478500,0.000000,0.000000,0.000000,0.000000
1744,2019-03-11,sh.000912,14577.3200,15031.6800,14577.3200,14955.6800,14529.2800,486085824,17141841152.0000,2.934800,0.000000,0.000000,0.000000,0.000000
1745,2019-03-12,sh.000912,14991.2900,15139.8200,14788.0400,14900.4900,14955.6800,532003776,18683942400.0000,-0.369000,0.000000,0.000000,0.000000,0.000000
1746,2019-03-13,sh.000912,14847.8900,15015.9600,14662.6500,14796.4000,14900.4900,436081664,14974945536.0000,-0.698500,0.000000,0.000000,0.000000,0.000000
1747,2019-03-14,sh.000912,14784.8100,15156.2800,14689.7100,14953.2300,14796.4000,402734000,16523930368.0000,1.059900,0.000000,0.000000,0.000000,0.000000
1748,2019-03-15,sh.000912,14998.9900,15308.9400,14855.0000,15151.0800,14953.2300,397337696,16128162304.0000,1.323100,0.000000,0.000000,0.000000,0.000000
1749,2019-03-18,sh.000912,15239.3900,16055.8100,15239.3900,16051.0700,15151.0800,592845424,27219332352.0000,5.940100,0.000000,0.000000,0.000000,0.000000
1750,2019-03-19,sh.000912,15967.1600,15995.2900,15748.3300,15814.2700,16051.0700,366305376,16957459712.0000,-1.475300,0.000000,0.000000,0.000000,0.000000
1751,2019-03-20,sh.000912,15745.2300,16006.8400,15616.2600,15784.9400,15814.2700,360126832,14971462656.0000,-0.185500,0.000000,0.000000,0.000000,0.000000
1752,2019-03-21,sh.000912,15739.7400,15788.6800,15583.3900,15662.4500,15784.9400,273083040,11149015296.0000,-0.776000,0.000000,0.000000,0.000000,0.000000
1753,2019-03-22,sh.000912,15684.1400,15891.5600,15512.7000,15754.5600,15662.4500,293009344,11854810368.0000,0.588100,0.000000,0.000000,0.000000,0.000000
1754,2019-03-25,sh.000912,15517.6300,15618.1300,15294.6000,15323.8000,15754.5600,324469408,12581183744.0000,-2.734200,0.000000,0.000000,0.000000,0.000000
1755,2019-03-26,sh.000912,15439.5100,15650.5200,15309.8100,15410.8900,15323.8000,323004096,13423312128.0000,0.568300,0.000000,0.000000,0.000000,0.000000
1756,2019-03-27,sh.000912,15528.3400,15917.4400,15407.0100,15825.8600,15410.8900,334750592,15838437632.0000,2.692700,0.000000,0.000000,0.000000,0.000000
1757,2019-03-28,sh.000912,15920.8100,16261.7800,15791.3400,16121.1100,15825.8600,326121744,18419852288.0000,1.865600,0.000000,0.000000,0.000000,0.000000
1758,2019-03-29,sh.000912,16381.1900,17177.0900,16381.1900,16962.7400,16121.1100,493736064,25856742400.0000,5.220700,0.000000,0.000000,0.000000,0.000000
1759,2019-04-01,sh.000912,17068.4800,17320.2700,17025.9200,17243.5600,16962.7400,525306304,23283739392.0000,1.655500,0.000000,0.000000,0.000000,0.000000
1760,2019-04-02,sh.000912,17243.3800,17245.5300,16903.2500,17059.8100,17243.5600,452315232,18753666304.0000,-1.065600,0.000000,0.000000,0.000000,0.000000
1761,2019-04-03,sh.000912,16884.3600,17110.4800,16860.5400,17002.5200,17059.8100,340543200,14104786432.0000,-0.335800,0.000000,0.000000,0.000000,0.000000
1762,2019-04-04,sh.000912,16967.6000,17445.6100,16908.9000,17404.0100,17002.5200,427955824,20572455168.0000,2.361400,0.000000,0.000000,0.000000,0.000000
1763,2019-04-08,sh.000912,17807.0500,17854.0600,17396.3000,17554.5500,17404.0100,423013488,22271211776.0000,0.865000,0.000000,0.000000,0.000000,0.000000
1764,2019-04-09,sh.000912,17703.2700,18037.5600,17585.0000,18037.5600,17554.5500,421281312,20886617600.0000,2.751500,0.000000,0.000000,0.000000,0.000000
1765,2019-04-10,sh.000912,17889.8500,18553.5300,17749.0500,18421.2900,18037.5600,428918464,25360075520.0000,2.127400,0.000000,0.000000,0.000000,0.000000
1766,2019-04-11,sh.000912,18370.5300,18370.5300,17587.6800,17751.5200,18421.2900,402958016,23006877440.0000,-3.635800,0.000000,0.000000,0.000000,0.000000
1767,2019-04-12,sh.000912,17532.6600,17776.5900,17438.4100,17655.2900,17751.5200,303430000,16256673280.0000,-0.542100,0.000000,0.000000,0.000000,0.000000
1768,2019-04-15,sh.000912,17959.3500,18183.1700,17547.8700,17563.7100,17655.2900,337712480,17205675264.0000,-0.518700,0.000000,0.000000,0.000000,0.000000
1769,2019-04-16,sh.000912,17459.5700,17994.8000,17341.4800,17994.8000,17563.7100,297778336,16212018688.0000,2.454400,0.000000,0.000000,0.000000,0.000000
1770,2019-04-17,sh.000912,17933.2300,18280.9300,17821.7600,18181.7900,17994.8000,321427728,16139883520.0000,1.039100,0.000000,0.000000,0.000000,0.000000
1771,2019-04-18,sh.000912,18095.7600,18234.6400,18040.0000,18121.9700,18181.7900,273765664,11429411840.0000,-0.329000,0.000000,0.000000,0.000000,0.000000
1772,2019-04-19,sh.000912,18105.6300,18256.1400,17874.2400,18185.5400,18121.9700,233351154,11870850304.0000,0.350800,0.000000,0.000000,0.000000,0.000000
1773,2019-04-22,sh.000912,18257.4100,18599.7400,18078.8000,18137.2600,18185.5400,349437984,16768714752.0000,-0.265500,0.000000,0.000000,0.000000,0.000000
1774,2019-04-23,sh.000912,18099.4300,18556.2900,17956.8900,18387.0500,18137.2600,374469104,19523714048.0000,1.377200,0.000000,0.000000,0.000000,0.000000
1775,2019-04-24,sh.000912,18497.2300,18650.2100,18102.6600,18367.2200,18387.0500,308153184,16274972672.0000,-0.107800,0.000000,0.000000,0.000000,0.000000
1776,2019-04-25,sh.000912,18329.3700,18510.1200,18124.1800,18156.3900,18367.2200,409714576,17673371392.0000,-1.147800,0.000000,0.000000,0.000000,0.000000
1777,2019-04-26,sh.000912,18118.8100,18412.0200,18066.7900,18081.2800,18156.3900,495111936,20894624768.0000,-0.413700,0.000000,0.000000,0.000000,0.000000
1778,2019-04-29,sh.000912,18070.5700,18799.6200,17892.8000,18410.4800,18081.2800,487827952,22550382336.0000,1.820700,0.000000,0.000000,0.000000,0.000000
1779,2019-04-30,sh.000912,18304.6100,18686.1200,18291.6700,18529.6800,18410.4800,344187024,15747350528.0000,0.647500,0.000000,0.000000,0.000000,0.000000
1780,2019-05-06,sh.000912,17841.4200,17946.9700,17205.9200,17379.6700,18529.6800,586144160,32692466944.0000,-6.206300,0.000000,0.000000,0.000000,0.000000
1781,2019-05-07,sh.000912,17342.2100,17862.4300,17318.2200,17602.0800,17379.6700,480208336,25906770944.0000,1.279700,0.000000,0.000000,0.000000,0.000000
1782,2019-05-08,sh.000912,17148.8100,17697.6000,17135.9400,17352.6900,17602.0800,411502528,20306909696.0000,-1.416800,0.000000,0.000000,0.000000,0.000000
1783,2019-05-09,sh.000912,17178.2900,17263.5000,16650.0800,16889.7600,17352.6900,425434736,22678261504.0000,-2.667800,0.000000,0.000000,0.000000,0.000000
1784,2019-05-10,sh.000912,17220.6200,17835.5800,17061.9800,17798.3200,16889.7600,512026960,24475793408.0000,5.379300,0.000000,0.000000,0.000000,0.000000
1785,2019-05-13,sh.000912,17613.1100,17996.4200,17390.0100,17787.0400,17798.3200,390502240,17990000896.0000,-0.063400,0.000000,0.000000,0.000000,0.000000
1786,2019-05-14,sh.000912,17514.4000,17940.0000,17514.4000,17653.1400,17787.0400,379791488,18439877888.0000,-0.752800,0.000000,0.000000,0.000000,0.000000
1787,2019-05-15,sh.000912,17813.2700,18643.0200,17813.2700,18556.8200,17653.1400,484230112,25078907392.0000,5.119100,0.000000,0.000000,0.000000,0.000000
1788,2019-05-16,sh.000912,18469.9200,18750.5600,18360.0100,18657.6000,18556.8200,419585360,19793848064.0000,0.543100,0.000000,0.000000,0.000000,0.000000
1789,2019-05-17,sh.000912,18588.9000,18716.4400,18092.7100,18179.0200,18657.6000,373990880,19623782144.0000,-2.565000,0.000000,0.000000,0.000000,0.000000
1790,2019-05-20,sh.000912,18073.3800,18085.4400,17468.9400,17765.0000,18179.0200,367532112,17440457984.0000,-2.277500,0.000000,0.000000,0.000000,0.000000
1791,2019-05-21,sh.000912,17782.2200,18133.6100,17579.7900,17945.2500,17765.0000,334057728,16379372288.0000,1.014600,0.000000,0.000000,0.000000,0.000000
1792,2019-05-22,sh.000912,17894.1200,18076.1800,17685.1400,17830.4000,17945.2500,298411120,12754308608.0000,-0.640000,0.000000,0.000000,0.000000,0.000000
1793,2019-05-23,sh.000912,17682.2200,17731.6300,17285.1200,17348.5400,17830.4000,272862768,16164606464.0000,-2.702500,0.000000,0.000000,0.000000,0.000000
1794,2019-05-24,sh.000912,17407.2600,17744.7600,17340.8100,17518.4900,17348.5400,276806816,14163218944.0000,0.979700,0.000000,0.000000,0.000000,0.000000
1795,2019-05-27,sh.000912,17562.8300,17755.2300,17237.7700,17684.7600,17518.4900,311166464,14656515072.0000,0.949100,0.000000,0.000000,0.000000,0.000000
1796,2019-05-28,sh.000912,17669.7200,18118.2000,17634.4600,17980.2400,17684.7600,400394432,21117905152.0000,1.670800,0.000000,0.000000,0.000000,0.000000
1797,2019-05-29,sh.000912,17831.0800,18234.4800,17813.6100,18084.0100,17980.2400,281193872,17655162112.0000,0.577100,0.000000,0.000000,0.000000,0.000000
1798,2019-05-30,sh.000912,18061.9800,18260.8500,17793.8200,18046.0800,18084.0100,308188448,14207429120.0000,-0.209700,0.000000,0.000000,0.000000,0.000000
1799,2019-05-31,sh.000912,18040.5000,18130.3100,17804.4800,17920.0300,18046.0800,356122016,15335699200.0000,-0.698500,0.000000,0.000000,0.000000,0.000000
1800,2019-06-03,sh.000912,17971.0400,18233.3600,17842.6400,17971.4500,17920.0300,368808736,15711080960.0000,0.286900,0.000000,0.000000,0.000000,0.000000
1801,2019-06-04,sh.000912,18015.5300,18021.4900,17547.4500,17691.1800,17971.4500,325019040,15455659008.0000,-1.559500,0.000000,0.000000,0.000000,0.000000
1802,2019-06-05,sh.000912,17827.8800,17856.3300,17577.8900,17599.7200,17691.1800,248194684,11942409984.0000,-0.516900,0.000000,0.000000,0.000000,0.000000
1803,2019-06-06,sh.000912,17593.6700,17594.7200,17264.4900,17331.9600,17599.7200,275142192,12322831872.0000,-1.521400,0.000000,0.000000,0.000000,0.000000
1804,2019-06-10,sh.000912,17333.1300,17752.4000,17085.7200,17657.0500,17331.9600,301773584,15696835840.0000,1.875700,0.000000,0.000000,0.000000,0.000000
1805,2019-06-11,sh.000912,17733.2000,18643.1800,17730.1100,18589.3400,17657.0500,486703712,26229259776.0000,5.280000,0.000000,0.000000,0.000000,0.000000
1806,2019-06-12,sh.000912,18523.7900,18564.5300,18327.3000,18359.1500,18589.3400,306316176,15014383104.0000,-1.238300,0.000000,0.000000,0.000000,0.000000
1807,2019-06-13,sh.000912,18427.4800,18440.4000,18124.1800,18320.3100,18359.1500,237415577,12040041984.0000,-0.211600,0.000000,0.000000,0.000000,0.000000
1808,2019-06-14,sh.000912,18331.3100,18599.1700,18223.5200,18253.3400,18320.3100,243058552,13552352512.0000,-0.365600,0.000000,0.000000,0.000000,0.000000
1809,2019-06-17,sh.000912,18191.6000,18408.7000,17967.6000,18066.0000,18253.3400,297199728,14085558016.0000,-1.026300,0.000000,0.000000,0.000000,0.000000
1810,2019-06-18,sh.000912,18106.4800,18249.7800,17959.1600,18221.3500,18066.0000,294186128,12945315072.0000,0.859900,0.000000,0.000000,0.000000,0.000000
1811,2019-06-19,sh.000912,18684.0800,18754.2900,18361.4000,18365.7500,18221.3500,390062672,20030403840.0000,0.792500,0.000000,0.000000,0.000000,0.000000
1812,2019-06-20,sh.000912,18359.7600,19076.1900,18346.1600,18985.8400,18365.7500,514981056,27558843904.0000,3.376300,0.000000,0.000000,0.000000,0.000000
1813,2019-06-21,sh.000912,18956.4300,19107.9900,18767.5600,18899.5500,18985.8400,431961456,21735124992.0000,-0.454500,0.000000,0.000000,0.000000,0.000000
1814,2019-06-24,sh.000912,18882.6000,19244.1800,18767.0800,19055.9700,18899.5500,366419200,19843090432.0000,0.827600,0.000000,0.000000,0.000000,0.000000
1815,2019-06-25,sh.000912,19039.7200,19139.6600,18682.9800,18950.9400,19055.9700,361851440,18549403904.0000,-0.551100,0.000000,0.000000,0.000000,0.000000
1816,2019-06-26,sh.000912,18910.6800,18968.9500,18757.5600,18899.1100,18950.9400,251326646,12105942016.0000,-0.273500,0.000000,0.000000,0.000000,0.000000
1817,2019-06-27,sh.000912,18959.6900,19254.9300,18906.5100,19210.7600,18899.1100,341919056,20244634368.0000,1.649000,0.000000,0.000000,0.000000,0.000000
1818,2019-06-28,sh.000912,19142.6700,19206.6200,18951.4600,19172.9900,19210.7600,239038894,13066735104.0000,-0.196600,0.000000,0.000000,0.000000,0.000000
1819,2019-07-01,sh.000912,19539.5700,20016.3500,19457.1400,20009.6000,19172.9900,409070464,23420384768.0000,4.363500,0.000000,0.000000,0.000000,0.000000
1820,2019-07-02,sh.000912,19938.5800,20079.0000,19860.2400,20074.9500,20009.6000,408270608,20296679424.0000,0.326600,0.000000,0.000000,0.000000,0.000000
1821,2019-07-03,sh.000912,19959.8800,20033.5000,19369.3400,19489.1000,20074.9500,418390832,28296347904.0000,-2.918300,0.000000,0.000000,0.000000,0.000000
1822,2019-07-04,sh.000912,19470.3400,19547.1100,19137.1900,19243.1400,19489.1000,329269216,20266042368.0000,-1.262100,0.000000,0.000000,0.000000,0.000000
1823,2019-07-05,sh.000912,19336.4800,19830.7800,19293.9500,19757.1100,19243.1400,369930096,22836599040.0000,2.670900,0.000000,0.000000,0.000000,0.000000
1824,2019-07-08,sh.000912,19751.1300,19756.1000,19261.3200,19521.3500,19757.1100,394915360,20808203264.0000,-1.193300,0.000000,0.000000,0.000000,0.000000
1825,2019-07-09,sh.000912,19449.3200,19698.6200,19356.9700,19519.4100,19521.3500,349314576,18475901184.0000,-0.009900,0.000000,0.000000,0.000000,0.000000
1826,2019-07-10,sh.000912,19621.2800,19718.4800,19515.1600,19588.4900,19519.4100,284876848,14315350272.0000,0.353900,0.000000,0.000000,0.000000,0.000000
1827,2019-07-11,sh.000912,19721.0400,19842.3700,19481.8900,19544.8400,19588.4900,320507600,17381942528.0000,-0.222800,0.000000,0.000000,0.000000,0.000000
1828,2019-07-12,sh.000912,19574.5500,19783.7400,19564.2000,19707.0000,19544.8400,295964416,15355037184.0000,0.829700,0.000000,0.000000,0.000000,0.000000
1829,2019-07-15,sh.000912,19545.0200,19739.6700,19250.4800,19721.7300,19707.0000,352521904,20224701184.0000,0.074700,0.000000,0.000000,0.000000,0.000000
1830,2019-07-16,sh.000912,19701.5200,19797.5600,19431.0100,19467.4600,19721.7300,290580208,15698635264.0000,-1.289300,0.000000,0.000000,0.000000,0.000000
1831,2019-07-17,sh.000912,19442.8300,19599.0500,19373.5100,19435.9600,19467.4600,299267264,14843661056.0000,-0.161800,0.000000,0.000000,0.000000,0.000000
1832,2019-07-18,sh.000912,19407.7300,19454.4000,19158.4800,19159.0300,19435.9600,330763408,15609653504.0000,-1.424900,0.000000,0.000000,0.000000,0.000000
1833,2019-07-19,sh.000912,19275.1900,19470.9600,19228.9100,19369.8200,19159.0300,274355024,13191816704.0000,1.100200,0.000000,0.000000,0.000000,0.000000
1834,2019-07-22,sh.000912,19394.7100,19493.1200,19188.7800,19321.3800,19369.8200,265609495,12907010048.0000,-0.250100,0.000000,0.000000,0.000000,0.000000
1835,2019-07-23,sh.000912,19378.6400,19381.5100,18974.4000,19172.3400,19321.3800,299484704,16722449664.0000,-0.771400,0.000000,0.000000,0.000000,0.000000
1836,2019-07-24,sh.000912,19249.7200,19281.1200,19080.2300,19129.7800,19172.3400,271898400,16033704192.0000,-0.222000,0.000000,0.000000,0.000000,0.000000
1837,2019-07-25,sh.000912,19108.7500,19344.3900,18924.4500,19344.3900,19129.7800,272360640,16427764480.0000,1.121900,0.000000,0.000000,0.000000,0.000000
1838,2019-07-26,sh.000912,19281.3700,19364.4600,19201.3000,19285.7500,19344.3900,254774034,13297744896.0000,-0.303100,0.000000,0.000000,0.000000,0.000000
1839,2019-07-29,sh.000912,19278.8900,19586.2400,19209.7300,19547.9300,19285.7500,296030880,15530082560.0000,1.359500,0.000000,0.000000,0.000000,0.000000
1840,2019-07-30,sh.000912,19565.8800,19635.7300,19410.9100,19521.0200,19547.9300,269465184,13259939584.0000,-0.137700,0.000000,0.000000,0.000000,0.000000
1841,2019-07-31,sh.000912,19435.1400,19561.8600,19263.9200,19308.4700,19521.0200,255628717,13377154816.0000,-1.088900,0.000000,0.000000,0.000000,0.000000
1842,2019-08-01,sh.000912,19286.1200,19388.3000,19085.1200,19199.0300,19308.4700,291628368,15934383360.0000,-0.566800,0.000000,0.000000,0.000000,0.000000
1843,2019-08-02,sh.000912,18851.6200,19153.2300,18842.3800,19112.6600,19199.0300,265430110,16291967744.0000,-0.449900,0.000000,0.000000,0.000000,0.000000
1844,2019-08-05,sh.000912,18980.7500,19153.2200,18867.4700,18886.7700,19112.6600,290766752,16354249216.0000,-1.181900,0.000000,0.000000,0.000000,0.000000
1845,2019-08-06,sh.000912,18532.1300,18856.2800,18279.0700,18779.1900,18886.7700,503448000,24805289984.0000,-0.569600,0.000000,0.000000,0.000000,0.000000
1846,2019-08-07,sh.000912,18873.2800,18896.5100,18660.6000,18660.8300,18779.1900,378208736,16510271744.0000,-0.630200,0.000000,0.000000,0.000000,0.000000
1847,2019-08-08,sh.000912,18810.9100,19087.9200,18781.0100,18965.2900,18660.8300,297859728,15081799424.0000,1.631600,0.000000,0.000000,0.000000,0.000000
1848,2019-08-09,sh.000912,19095.3400,19101.2100,18568.8500,18622.8100,18965.2900,355197536,16011395584.0000,-1.805800,0.000000,0.000000,0.000000,0.000000
1849,2019-08-12,sh.000912,19061.9700,19209.0300,18894.8700,19207.8600,18622.8100,371576112,23205096960.0000,3.141500,0.000000,0.000000,0.000000,0.000000
1850,2019-08-13,sh.000912,19128.8400,19252.2600,19069.8100,19119.2600,19207.8600,214742731,11862597632.0000,-0.461200,0.000000,0.000000,0.000000,0.000000
1851,2019-08-14,sh.000912,19353.5200,19507.0600,19292.3500,19389.5600,19119.2600,270514864,17879417344.0000,1.413800,0.000000,0.000000,0.000000,0.000000
1852,2019-08-15,sh.000912,19104.8400,19405.3500,19097.9800,19385.6500,19389.5600,247813954,13330065152.0000,-0.020200,0.000000,0.000000,0.000000,0.000000
1853,2019-08-16,sh.000912,19450.3000,19926.7000,19344.3800,19645.3000,19385.6500,302102512,17427715840.0000,1.339400,0.000000,0.000000,0.000000,0.000000
1854,2019-08-19,sh.000912,19745.4100,19811.5700,19384.9700,19682.8000,19645.3000,415451264,21198126592.0000,0.190900,0.000000,0.000000,0.000000,0.000000
1855,2019-08-20,sh.000912,19641.1100,19842.6500,19592.2400,19813.7600,19682.8000,256531509,15151819776.0000,0.665300,0.000000,0.000000,0.000000,0.000000
1856,2019-08-21,sh.000912,19830.8700,19887.7000,19672.4500,19704.1300,19813.7600,333591184,14662108928.0000,-0.553300,0.000000,0.000000,0.000000,0.000000
1857,2019-08-22,sh.000912,19774.5300,20102.8300,19732.1800,20102.8300,19704.1300,282963920,16546964736.0000,2.023400,0.000000,0.000000,0.000000,0.000000
1858,2019-08-23,sh.000912,20120.5900,20312.2900,19989.9500,20256.3400,20102.8300,258408324,16502420480.0000,0.763700,0.000000,0.000000,0.000000,0.000000
1859,2019-08-26,sh.000912,19967.4100,20143.9800,19838.1500,19924.3700,20256.3400,288946432,17533374464.0000,-1.638900,0.000000,0.000000,0.000000,0.000000
1860,2019-08-27,sh.000912,20122.6700,20582.6200,20089.3500,20350.0800,19924.3700,435846288,24884635648.0000,2.136600,0.000000,0.000000,0.000000,0.000000
1861,2019-08-28,sh.000912,20394.2400,20667.9200,20192.3300,20547.4900,20350.0800,439738048,23104014080.0000,0.970100,0.000000,0.000000,0.000000,0.000000
1862,2019-08-29,sh.000912,20607.8700,20760.9900,20443.4200,20711.5000,20547.4900,326156864,17219415296.0000,0.798200,0.000000,0.000000,0.000000,0.000000
1863,2019-08-30,sh.000912,20792.3800,21174.9500,20750.5300,21076.9700,20711.5000,397426112,23996568576.0000,1.764600,0.000000,0.000000,0.000000,0.000000
1864,2019-09-02,sh.000912,21052.9800,21090.7000,20829.4000,21054.3400,21076.9700,368814832,19818980608.0000,-0.107400,0.000000,0.000000,0.000000,0.000000
1865,2019-09-03,sh.000912,21075.6500,21260.7700,20858.5300,21019.2400,21054.3400,384263440,18033067520.0000,-0.166700,0.000000,0.000000,0.000000,0.000000
1866,2019-09-04,sh.000912,20950.8600,21013.9300,20671.5000,20806.8800,21019.2400,334305888,19117029632.0000,-1.010300,0.000000,0.000000,0.000000,0.000000
1867,2019-09-05,sh.000912,20873.6700,21075.2300,20866.4800,21018.4100,20806.8800,402198944,19759724032.0000,1.016600,0.000000,0.000000,0.000000,0.000000
1868,2019-09-06,sh.000912,21049.3100,21049.3100,20690.9000,20869.9100,21018.4100,416638272,19701363456.0000,-0.706500,0.000000,0.000000,0.000000,0.000000
1869,2019-09-09,sh.000912,20941.2600,20952.8700,20706.7000,20766.9100,20869.9100,432142544,20659510016.0000,-0.493500,0.000000,0.000000,0.000000,0.000000
1870,2019-09-10,sh.000912,20751.8600,20789.5700,20591.9600,20684.3000,20766.9100,330034688,16135736320.0000,-0.397800,0.000000,0.000000,0.000000,0.000000
1871,2019-09-11,sh.000912,20586.5000,20595.5300,19857.7900,19885.1100,20684.3000,414710144,31244666368.0000,-3.863700,0.000000,0.000000,0.000000,0.000000
1872,2019-09-12,sh.000912,19856.9400,20256.4800,19856.9400,20190.3800,19885.1100,352087360,18857849856.0000,1.535200,0.000000,0.000000,0.000000,0.000000
1873,2019-09-16,sh.000912,20089.7800,20231.0800,19987.4800,20151.0100,20190.3800,316263376,16212284672.0000,-0.195000,0.000000,0.000000,0.000000,0.000000
1874,2019-09-17,sh.000912,20074.6000,20247.7100,19951.4500,20043.3600,20151.0100,275633584,13763867392.0000,-0.534200,0.000000,0.000000,0.000000,0.000000
1875,2019-09-18,sh.000912,20166.9300,20635.6300,20166.9300,20594.1600,20043.3600,262603514,20995541248.0000,2.748000,0.000000,0.000000,0.000000,0.000000
1876,2019-09-19,sh.000912,20625.9400,20625.9400,20385.1900,20548.3200,20594.1600,236931568,13315310592.0000,-0.222600,0.000000,0.000000,0.000000,0.000000
1877,2019-09-20,sh.000912,20612.0000,20751.7500,20578.8300,20714.9000,20548.3200,239347391,15566350848.0000,0.810600,0.000000,0.000000,0.000000,0.000000
1878,2019-09-23,sh.000912,20686.8900,20686.8900,20294.3300,20437.6800,20714.9000,267511343,13293690368.0000,-1.338200,0.000000,0.000000,0.000000,0.000000
1879,2019-09-24,sh.000912,20471.1900,20742.9300,20466.7700,20644.8300,20437.6800,281453840,16916797952.0000,1.013600,0.000000,0.000000,0.000000,0.000000
1880,2019-09-25,sh.000912,20575.1200,20684.7000,20448.8200,20543.6800,20644.8300,246901456,12332073984.0000,-0.490000,0.000000,0.000000,0.000000,0.000000
1881,2019-09-26,sh.000912,20601.3900,20676.6500,20076.6300,20144.2900,20543.6800,355263984,16433302272.0000,-1.944100,0.000000,0.000000,0.000000,0.000000
1882,2019-09-27,sh.000912,20126.0800,20466.1000,20003.3600,20348.7100,20144.2900,258234562,12897419776.0000,1.014800,0.000000,0.000000,0.000000,0.000000
1883,2019-09-30,sh.000912,20252.8200,20386.0900,20145.5100,20151.4800,20348.7100,242374261,14024016384.0000,-0.969200,0.000000,0.000000,0.000000,0.000000
1884,2019-10-08,sh.000912,20243.6000,20573.8400,20243.6000,20461.2800,20151.4800,251000650,14719984128.0000,1.537300,0.000000,0.000000,0.000000,0.000000
1885,2019-10-09,sh.000912,20473.3900,20473.3900,20100.4200,20264.6700,20461.2800,198051005,12428485120.0000,-0.960900,0.000000,0.000000,0.000000,0.000000
1886,2019-10-10,sh.000912,20071.0400,20519.5700,19864.1700,20472.3900,20264.6700,292714128,18000351232.0000,1.025000,0.000000,0.000000,0.000000,0.000000
1887,2019-10-11,sh.000912,20485.9300,20671.1500,20349.3200,20568.1100,20472.3900,236982074,13634049792.0000,0.467600,0.000000,0.000000,0.000000,0.000000
1888,2019-10-14,sh.000912,20702.5400,20745.9200,20470.4300,20623.1300,20568.1100,302212320,14791677440.0000,0.267500,0.000000,0.000000,0.000000,0.000000
1889,2019-10-15,sh.000912,20602.3700,20919.9200,20538.0800,20885.1400,20623.1300,238372464,15811937280.0000,1.270400,0.000000,0.000000,0.000000,0.000000
1890,2019-10-16,sh.000912,20533.6400,20597.6000,20409.5700,20436.7600,20885.1400,274657888,17793863168.0000,-2.146900,0.000000,0.000000,0.000000,0.000000
1891,2019-10-17,sh.000912,20507.3200,20530.9600,20334.7900,20510.0400,20436.7600,205151288,11351095040.0000,0.358500,0.000000,0.000000,0.000000,0.000000
1892,2019-10-18,sh.000912,20474.7900,20617.5500,20286.2400,20351.6600,20510.0400,240378272,14951526912.0000,-0.772200,0.000000,0.000000,0.000000,0.000000
1893,2019-10-21,sh.000912,20381.1100,20561.3900,20327.9900,20445.1700,20351.6600,282258960,14122364672.0000,0.459400,0.000000,0.000000,0.000000,0.000000
1894,2019-10-22,sh.000912,20571.8800,20576.3600,20389.9600,20545.2800,20445.1700,250758210,11163756800.0000,0.489600,0.000000,0.000000,0.000000,0.000000
1895,2019-10-23,sh.000912,20538.1800,20711.1200,20327.7100,20363.5800,20545.2800,269070368,12632393728.0000,-0.884400,0.000000,0.000000,0.000000,0.000000
1896,2019-10-24,sh.000912,20420.9300,20439.9000,20107.2900,20159.5000,20363.5800,393995376,16287931648.0000,-1.002200,0.000000,0.000000,0.000000,0.000000
1897,2019-10-25,sh.000912,20245.6600,20698.8800,20124.3900,20695.4000,20159.5000,408902976,18584949760.0000,2.658300,0.000000,0.000000,0.000000,0.000000
1898,2019-10-28,sh.000912,20596.3600,20944.8900,20595.5600,20874.0800,20695.4000,359354912,17734273536.0000,0.863400,0.000000,0.000000,0.000000,0.000000
1899,2019-10-29,sh.000912,20945.2000,21287.5500,20923.0500,21172.0000,20874.0800,342806512,18087200256.0000,1.427200,0.000000,0.000000,0.000000,0.000000
1900,2019-10-30,sh.000912,21145.1900,21183.1400,20829.8300,21061.9000,21172.0000,372131232,16013278208.0000,-0.520100,0.000000,0.000000,0.000000,0.000000
1901,2019-10-31,sh.000912,21433.8900,21433.8900,21034.0200,21108.8700,21061.9000,483663920,22819141120.0000,0.223000,0.000000,0.000000,0.000000,0.000000
1902,2019-11-01,sh.000912,21095.0140,21268.7560,20930.7750,21195.9400,21108.8670,374960144,18492383232.0000,0.412495,0.000000,0.000000,0.000000,0.000000
1903,2019-11-04,sh.000912,21217.8420,21450.4800,21209.7660,21340.2230,21195.9400,346065568,18129149440.0000,0.680711,0.000000,0.000000,0.000000,0.000000
1904,2019-11-05,sh.000912,21377.8550,21550.3160,21279.6450,21475.2640,21340.2230,386658752,17477886464.0000,0.632800,0.000000,0.000000,0.000000,0.000000
1905,2019-11-06,sh.000912,21536.4920,21536.4920,21160.4510,21210.0490,21475.2640,348405856,16545003776.0000,-1.234979,0.000000,0.000000,0.000000,0.000000
1906,2019-11-07,sh.000912,21225.5600,21403.8280,21159.6350,21334.5960,21210.0490,262037354,11673924352.0000,0.587208,0.000000,0.000000,0.000000,0.000000
1907,2019-11-08,sh.000912,21422.5230,21515.1040,21286.7440,21300.6450,21334.5960,314644736,16314716928.0000,-0.159136,0.000000,0.000000,0.000000,0.000000
1908,2019-11-11,sh.000912,21176.5270,21323.3500,21025.3400,21071.8710,21300.6450,312289008,14284215296.0000,-1.074024,0.000000,0.000000,0.000000,0.000000
1909,2019-11-12,sh.000912,21153.2300,21248.4410,21021.6930,21159.8000,21071.8710,251396462,11741468416.0000,0.417281,0.000000,0.000000,0.000000,0.000000
1910,2019-11-13,sh.000912,21249.2600,21353.4400,21090.3240,21308.7710,21159.8000,227103513,13780927744.0000,0.704028,0.000000,0.000000,0.000000,0.000000
1911,2019-11-14,sh.000912,21358.0230,21439.3480,21216.9700,21309.9800,21308.7710,252291572,13228755456.0000,0.005674,0.000000,0.000000,0.000000,0.000000
1912,2019-11-15,sh.000912,21313.7200,21328.0490,21057.9280,21071.1450,21309.9800,267429477,12169301248.0000,-1.120766,0.000000,0.000000,0.000000,0.000000
1913,2019-11-18,sh.000912,21032.6680,21164.8890,20928.9880,21150.0000,21071.1450,272840064,12572393728.0000,0.374232,0.000000,0.000000,0.000000,0.000000
1914,2019-11-19,sh.000912,21188.6680,21392.3770,21146.2050,21344.7680,21150.0000,271342320,13076714752.0000,0.920889,0.000000,0.000000,0.000000,0.000000
1915,2019-11-20,sh.000912,21308.9470,21460.5530,21242.9840,21291.4770,21344.7680,245472771,13142915584.0000,-0.249668,0.000000,0.000000,0.000000,0.000000
1916,2019-11-21,sh.000912,21261.0350,21333.1450,21134.9600,21233.4840,21291.4770,163792434,9768302336.0000,-0.272377,0.000000,0.000000,0.000000,0.000000
1917,2019-11-22,sh.000912,21212.9770,21282.3440,20586.3960,20727.7480,21233.4840,273169344,18236650496.0000,-2.381785,0.000000,0.000000,0.000000,0.000000
1918,2019-11-25,sh.000912,20674.7950,20738.0760,20435.3800,20600.6970,20727.7480,235963202,14598977792.0000,-0.612951,0.000000,0.000000,0.000000,0.000000
1919,2019-11-26,sh.000912,20687.0200,20861.9510,20631.8790,20794.8630,20600.6970,282549456,15938670592.0000,0.942522,0.000000,0.000000,0.000000,0.000000
1920,2019-11-27,sh.000912,20813.4160,20887.9600,20677.3890,20782.5330,20794.8630,224754174,10409383936.0000,-0.059293,0.000000,0.000000,0.000000,0.000000
1921,2019-11-28,sh.000912,20850.2830,20892.6520,20596.7540,20668.6000,20782.5330,192990593,10178611968.0000,-0.548215,0.000000,0.000000,0.000000,0.000000
1922,2019-11-29,sh.000912,20588.7200,20588.7200,19949.9880,20145.5760,20668.6000,252313627,21006556672.0000,-2.530525,0.000000,0.000000,0.000000,0.000000
1923,2019-12-02,sh.000912,20141.5490,20400.9300,20137.3960,20287.7810,20145.5760,264115381,13430546176.0000,0.705887,0.000000,0.000000,0.000000,0.000000
1924,2019-12-03,sh.000912,20267.6840,20278.0570,20099.3930,20210.5920,20287.7810,251346913,12972622592.0000,-0.380470,0.000000,0.000000,0.000000,0.000000
1925,2019-12-04,sh.000912,20425.3670,20453.1100,20152.5530,20260.3520,20210.5920,273534752,14514153472.0000,0.246208,0.000000,0.000000,0.000000,0.000000
1926,2019-12-05,sh.000912,20307.2050,20341.9200,20189.8100,20308.8930,20260.3520,262263206,10893879296.0000,0.239586,0.000000,0.000000,0.000000,0.000000
1927,2019-12-06,sh.000912,20373.9790,20682.6350,20354.8240,20682.6350,20308.8930,264911252,15373352960.0000,1.840287,0.000000,0.000000,0.000000,0.000000
1928,2019-12-09,sh.000912,20755.2970,20776.9650,20491.5720,20538.5400,20682.6350,291423024,12465112832.0000,-0.696696,0.000000,0.000000,0.000000,0.000000
1929,2019-12-10,sh.000912,20482.7750,20536.4690,20320.5230,20436.1800,20538.5400,347253104,12875734528.0000,-0.498380,0.000000,0.000000,0.000000,0.000000
1930,2019-12-11,sh.000912,20451.3950,20457.3600,20222.6680,20261.2130,20436.1800,260359456,10313777152.0000,-0.856163,0.000000,0.000000,0.000000,0.000000
1931,2019-12-12,sh.000912,20291.4800,20307.8440,19996.6720,20069.8520,20261.2130,210769456,10979588864.0000,-0.944470,0.000000,0.000000,0.000000,0.000000
1932,2019-12-13,sh.000912,20182.1170,20398.0080,20168.9000,20381.5040,20069.8520,283831600,13612447744.0000,1.552837,0.000000,0.000000,0.000000,0.000000
1933,2019-12-16,sh.000912,20407.7010,20407.7010,20108.5880,20232.8930,20381.5040,270695216,14125106688.0000,-0.729146,0.000000,0.000000,0.000000,0.000000
1934,2019-12-17,sh.000912,20255.8670,20598.8050,20240.2320,20561.1720,20232.8930,342833264,18541833984.0000,1.622502,0.000000,0.000000,0.000000,0.000000
1935,2019-12-18,sh.000912,20581.9500,20682.5620,20453.6230,20501.6330,20561.1720,272957232,14030981888.0000,-0.289570,0.000000,0.000000,0.000000,0.000000
1936,2019-12-19,sh.000912,20465.3320,20480.2480,20280.7710,20345.3870,20501.6330,228545421,11086446592.0000,-0.762115,0.000000,0.000000,0.000000,0.000000
1937,2019-12-20,sh.000912,20389.1110,20397.3930,20223.4410,20311.0000,20345.3870,245252969,11763870976.0000,-0.169016,0.000000,0.000000,0.000000,0.000000
1938,2019-12-23,sh.000912,20208.9200,20409.9400,20156.6720,20186.4770,20311.0000,313884944,13208659200.0000,-0.613082,0.000000,0.000000,0.000000,0.000000
1939,2019-12-24,sh.000912,20206.0310,20257.7830,20098.3630,20198.4080,20186.4770,251411213,8504114688.0000,0.059104,0.000000,0.000000,0.000000,0.000000
1940,2019-12-25,sh.000912,20192.0000,20193.4320,19969.0490,20025.7540,20198.4080,218560929,10069676544.0000,-0.854790,0.000000,0.000000,0.000000,0.000000
1941,2019-12-26,sh.000912,20033.8440,20076.5080,19923.7360,20038.0880,20025.7540,178229090,9110228992.0000,0.061591,0.000000,0.000000,0.000000,0.000000
1942,2019-12-27,sh.000912,20179.2680,20532.8950,20176.5450,20412.5200,20038.0880,330944000,18188576000.0000,1.868601,0.000000,0.000000,0.000000,0.000000
1943,2019-12-30,sh.000912,20465.4470,20866.8570,20425.4280,20807.4730,20412.5200,348952704,21026475776.0000,1.934857,0.000000,0.000000,0.000000,0.000000
1944,2019-12-31,sh.000912,20818.2320,20904.0570,20793.1880,20882.3050,20807.4730,309358816,15288916480.0000,0.359640,0.000000,0.000000,0.000000,0.000000
1945,2020-01-02,sh.000912,20550.6000,20867.2810,20430.7360,20722.1300,20882.3050,484867360,33689697536.0000,-0.767037,0.000000,0.000000,0.000000,0.000000
1946,2020-01-03,sh.000912,20668.2580,20673.4470,20250.0940,20323.7800,20722.1300,360256816,27263449088.0000,-1.922341,0.000000,0.000000,0.000000,0.000000
1947,2020-01-06,sh.000912,20184.2320,20438.4470,20126.0140,20285.9960,20323.7800,465001024,21240262912.0000,-0.185910,0.000000,0.000000,0.000000,0.000000
1948,2020-01-07,sh.000912,20366.9000,20791.3800,20362.3120,20722.3120,20285.9960,443643456,21042185984.0000,2.150824,0.000000,0.000000,0.000000,0.000000
1949,2020-01-08,sh.000912,20641.8960,20784.3890,20566.3160,20635.0840,20722.3120,353832592,16085984768.0000,-0.420938,0.000000,0.000000,0.000000,0.000000
1950,2020-01-09,sh.000912,20745.2560,20940.3610,20741.2070,20885.6880,20635.0840,346181584,18102753792.0000,1.214456,0.000000,0.000000,0.000000,0.000000
1951,2020-01-10,sh.000912,20920.9800,21018.5740,20759.9690,20971.4770,20885.6880,340648928,20118152960.0000,0.410755,0.000000,0.000000,0.000000,0.000000
1952,2020-01-13,sh.000912,20983.8610,21301.9470,20974.0470,21291.3050,20971.4770,355318896,21845083392.0000,1.525062,0.000000,0.000000,0.000000,0.000000
1953,2020-01-14,sh.000912,21313.7900,21331.8770,21016.8030,21050.1100,21291.3050,289355920,14550527744.0000,-1.132833,0.000000,0.000000,0.000000,0.000000
1954,2020-01-15,sh.000912,21112.2150,21359.3050,21040.6680,21147.4900,21050.1100,267465184,15026718208.0000,0.462610,0.000000,0.000000,0.000000,0.000000
1955,2020-01-16,sh.000912,21197.3000,21261.0940,21064.4360,21126.8280,21147.4900,233753267,11621977344.0000,-0.097704,0.000000,0.000000,0.000000,0.000000
1956,2020-01-17,sh.000912,21176.3100,21226.3200,20945.0980,20988.7170,21126.8280,228522300,11548595456.0000,-0.653723,0.000000,0.000000,0.000000,0.000000
1957,2020-01-20,sh.000912,21078.6400,21081.3670,20738.2030,20914.0680,20988.7170,258550729,14264231936.0000,-0.355663,0.000000,0.000000,0.000000,0.000000
1958,2020-01-21,sh.000912,20764.2660,20764.2660,20444.2990,20485.0200,20914.0680,357560144,16719963136.0000,-2.051480,0.000000,0.000000,0.000000,0.000000
1959,2020-01-22,sh.000912,20354.8260,20448.5400,20014.1760,20403.6200,20485.0200,332545984,16227000320.0000,-0.397364,0.000000,0.000000,0.000000,0.000000
1960,2020-01-23,sh.000912,20322.7100,20322.7100,19472.0550,19649.0450,20403.6200,416392704,22395336192.0000,-3.698241,0.000000,0.000000,0.000000,0.000000
1961,2020-02-03,sh.000912,17942.6400,18364.2680,17926.7850,18253.9260,19649.0450,581358256,28134474240.0000,-7.100187,0.000000,0.000000,0.000000,0.000000
1962,2020-02-04,sh.000912,18167.0550,18789.7640,18167.0550,18774.4200,18253.9260,680490848,31841253632.0000,2.851409,0.000000,0.000000,0.000000,0.000000
1963,2020-02-05,sh.000912,18955.9820,19094.1720,18746.3700,19035.9160,18774.4200,522544464,23526443008.0000,1.392831,0.000000,0.000000,0.000000,0.000000
1964,2020-02-06,sh.000912,19225.3120,19550.0880,19024.9000,19513.0490,19035.9160,575366944,23132166144.0000,2.506488,0.000000,0.000000,0.000000,0.000000
1965,2020-02-07,sh.000912,19449.7460,19707.6330,19288.1000,19677.3670,19513.0490,457985120,19090596608.0000,0.842093,0.000000,0.000000,0.000000,0.000000
1966,2020-02-10,sh.000912,19481.9160,19865.3030,19463.1110,19772.3030,19677.3670,534327296,20518654720.0000,0.482463,0.000000,0.000000,0.000000,0.000000
1967,2020-02-11,sh.000912,19753.2640,20195.6370,19753.2640,20109.3550,19772.3030,418471920,20369009152.0000,1.704667,0.000000,0.000000,0.000000,0.000000
1968,2020-02-12,sh.000912,20080.4570,20166.1600,20027.5080,20139.4840,20109.3550,319171568,14917859584.0000,0.149826,0.000000,0.000000,0.000000,0.000000
1969,2020-02-13,sh.000912,20194.2640,20338.5960,19970.6800,20018.2150,20139.4840,484640128,17843620864.0000,-0.602146,0.000000,0.000000,0.000000,0.000000
1970,2020-02-14,sh.000912,20018.0900,20200.1780,19953.4800,20155.1680,20018.2150,531296624,18587215104.0000,0.684142,0.000000,0.000000,0.000000,0.000000
1971,2020-02-17,sh.000912,20122.9880,20363.2290,20122.9880,20363.0160,20155.1680,519763008,19622120192.0000,1.031239,0.000000,0.000000,0.000000,0.000000
1972,2020-02-18,sh.000912,20283.6230,20325.0160,20160.1450,20249.1800,20363.0160,418854160,15790595584.0000,-0.559033,0.000000,0.000000,0.000000,0.000000
1973,2020-02-19,sh.000912,20271.9770,20682.9080,20234.3950,20538.4430,20249.1800,467952528,22425619456.0000,1.428517,0.000000,0.000000,0.000000,0.000000
1974,2020-02-20,sh.000912,20622.6970,20983.9960,20622.6970,20955.6620,20538.4430,439500752,23471473408.0000,2.031405,0.000000,0.000000,0.000000,0.000000
1975,2020-02-21,sh.000912,20855.3240,20994.7600,20759.3240,20852.8480,20955.6620,419239712,18193600000.0000,-0.490626,0.000000,0.000000,0.000000,0.000000
1976,2020-02-24,sh.000912,20704.7200,20716.4260,20404.9220,20525.5490,20852.8480,455743120,20509254400.0000,-1.569565,0.000000,0.000000,0.000000,0.000000
1977,2020-02-25,sh.000912,20257.2750,20494.2600,20134.5310,20446.1270,20525.5490,497309456,22388531968.0000,-0.386942,0.000000,0.000000,0.000000,0.000000
1978,2020-02-26,sh.000912,20222.2070,20544.4140,20196.6040,20344.0800,20446.1270,540598768,22508430080.0000,-0.499102,0.000000,0.000000,0.000000,0.000000
1979,2020-02-27,sh.000912,20396.3070,20729.1680,20384.0600,20599.5780,20344.0800,463165200,21861018624.0000,1.255884,0.000000,0.000000,0.000000,0.000000
1980,2020-02-28,sh.000912,20155.9100,20314.1300,19744.8520,19857.1200,20599.5780,492225568,25041739008.0000,-3.604239,0.000000,0.000000,0.000000,0.000000
1981,2020-03-02,sh.000912,19813.5570,20520.3120,19813.5570,20397.9100,19857.1200,448456080,23640340480.0000,2.723406,0.000000,0.000000,0.000000,0.000000
1982,2020-03-03,sh.000912,20617.9800,20784.1290,20613.0270,20688.4200,20397.9100,482845744,23397210112.0000,1.424215,0.000000,0.000000,0.000000,0.000000
1983,2020-03-04,sh.000912,20707.3050,21009.1480,20707.3050,20985.4300,20688.4200,610681728,24116208896.0000,1.435634,0.000000,0.000000,0.000000,0.000000
1984,2020-03-05,sh.000912,21133.0310,22031.9630,21043.7170,21885.0960,20985.4300,732767472,39821134080.0000,4.287098,0.000000,0.000000,0.000000,0.000000
1985,2020-03-06,sh.000912,21683.4730,22017.4240,21471.4120,21526.3160,21885.0960,517130480,26063097344.0000,-1.639381,0.000000,0.000000,0.000000,0.000000
1986,2020-03-09,sh.000912,21162.7474,21181.7293,20878.2485,20897.7996,21526.3164,609318729,28029653718.0000,-2.919760,0.000000,0.000000,0.000000,0.000000
1987,2020-03-10,sh.000912,20834.3648,21503.2425,20698.5512,21382.9818,20897.7996,563641611,28614477587.0000,2.321690,0.000000,0.000000,0.000000,0.000000
1988,2020-03-11,sh.000912,21438.5905,21634.2169,21230.9663,21313.4717,21382.9818,480606751,22938982651.0000,-0.325072,0.000000,0.000000,0.000000,0.000000
1989,2020-03-12,sh.000912,20964.5939,21025.5361,20643.1489,20750.0872,21313.4717,457694026,21379756935.0000,-2.643326,0.000000,0.000000,0.000000,0.000000
1990,2020-03-13,sh.000912,19813.9460,20628.0346,19738.1137,20398.6555,20750.0872,524474158,27609246292.0000,-1.693640,0.000000,0.000000,0.000000,0.000000
1991,2020-03-16,sh.000912,20316.5341,20340.4913,19380.0356,19491.3239,20398.6555,528052761,25009955512.0000,-4.447997,0.000000,0.000000,0.000000,0.000000
1992,2020-03-17,sh.000912,19455.0436,19750.3870,18619.5173,19232.9837,19491.3239,473416770,25711616431.0000,-1.325411,0.000000,0.000000,0.000000,0.000000
1993,2020-03-18,sh.000912,19295.5951,19825.8327,18923.0272,18947.8143,19232.9837,516707431,27925579032.0000,-1.482710,0.000000,0.000000,0.000000,0.000000
1994,2020-03-19,sh.000912,18829.0014,19048.4130,18141.9062,18694.3080,18947.8143,608684706,32062295474.0000,-1.337918,0.000000,0.000000,0.000000,0.000000
1995,2020-03-20,sh.000912,18912.0310,19322.0819,18812.3524,19204.8492,18694.3080,457130299,23507375706.0000,2.730998,0.000000,0.000000,0.000000,0.000000
1996,2020-03-23,sh.000912,18540.7822,18915.1736,18458.3199,18703.6937,19204.8492,432385463,19911689871.0000,-2.609526,0.000000,0.000000,0.000000,0.000000
1997,2020-03-24,sh.000912,19111.4481,19364.0584,18938.9358,19351.4030,18703.6937,495688516,21064155508.0000,3.463002,0.000000,0.000000,0.000000,0.000000
1998,2020-03-25,sh.000912,19890.4098,19933.8032,19624.3727,19765.7249,19351.4030,539793334,21128988916.0000,2.141043,0.000000,0.000000,0.000000,0.000000
1999,2020-03-26,sh.000912,19615.7588,19970.7395,19566.2064,19676.9844,19765.7249,487345316,18150814696.0000,-0.448962,0.000000,0.000000,0.000000,0.000000
2000,2020-03-27,sh.000912,19954.0393,20102.5576,19849.8320,19849.8320,19676.9844,571718889,21195756172.0000,0.878425,0.000000,0.000000,0.000000,0.000000
2001,2020-03-30,sh.000912,19561.0521,19826.7365,19526.4355,19790.8920,19849.8320,500530862,17185696066.0000,-0.296929,0.000000,0.000000,0.000000,0.000000
2002,2020-03-31,sh.000912,19994.7832,20595.8537,19994.7832,20569.2274,19790.8920,535894548,23899234298.0000,3.932796,0.000000,0.000000,0.000000,0.000000
2003,2020-04-01,sh.000912,20601.0668,20688.5487,20300.9591,20378.6505,20569.2274,553408385,20517896674.0000,-0.926515,0.000000,0.000000,0.000000,0.000000
2004,2020-04-02,sh.000912,20317.1377,20734.8895,20292.2078,20734.8895,20378.6505,461344509,19050197789.0000,1.748099,0.000000,0.000000,0.000000,0.000000
2005,2020-04-03,sh.000912,20695.2831,21037.3622,20605.0848,20842.3609,20734.8895,439648779,17671003469.0000,0.518312,0.000000,0.000000,0.000000,0.000000
2006,2020-04-07,sh.000912,21201.7617,21572.5245,21173.5989,21491.0802,20842.3609,549446995,24965927514.0000,3.112504,0.000000,0.000000,0.000000,0.000000
2007,2020-04-08,sh.000912,21359.3553,21461.2432,21235.3209,21319.6011,21491.0802,387065797,17201305129.0000,-0.797908,0.000000,0.000000,0.000000,0.000000
2008,2020-04-09,sh.000912,21409.1045,21448.5650,21185.4044,21345.7139,21319.6011,362167376,14683740882.0000,0.122483,0.000000,0.000000,0.000000,0.000000
2009,2020-04-10,sh.000912,21322.1713,21744.1235,21287.2395,21433.4446,21345.7139,381009802,16405957233.0000,0.410999,0.000000,0.000000,0.000000,0.000000
2010,2020-04-13,sh.000912,21278.2558,21383.9414,21109.7175,21257.6449,21433.4446,298548126,11943297352.0000,-0.820212,0.000000,0.000000,0.000000,0.000000
2011,2020-04-14,sh.000912,21448.7821,21677.5464,21262.5378,21677.5464,21257.6449,351152483,16791875807.0000,1.975296,0.000000,0.000000,0.000000,0.000000
2012,2020-04-15,sh.000912,21714.5481,21796.4826,21472.6566,21518.6945,21677.5464,335421085,15668038964.0000,-0.732795,0.000000,0.000000,0.000000,0.000000
2013,2020-04-16,sh.000912,21463.6432,21530.2630,21337.5211,21444.5268,21518.6945,309883037,13555681043.0000,-0.344666,0.000000,0.000000,0.000000,0.000000
2014,2020-04-17,sh.000912,21638.7007,21926.4614,21539.2662,21803.6629,21444.5268,495250737,20072229090.0000,1.674721,0.000000,0.000000,0.000000,0.000000
2015,2020-04-20,sh.000912,21827.6302,21888.2021,21722.5636,21885.6948,21803.6629,388185123,14711987667.0000,0.376230,0.000000,0.000000,0.000000,0.000000
2016,2020-04-21,sh.000912,21770.0069,21777.1697,21367.9689,21526.3551,21885.6948,386130746,16596392031.0000,-1.641893,0.000000,0.000000,0.000000,0.000000
2017,2020-04-22,sh.000912,21510.3285,22230.6272,21479.1219,22178.2310,21526.3551,485709790,23156726836.0000,3.028269,0.000000,0.000000,0.000000,0.000000
2018,2020-04-23,sh.000912,22229.7283,22582.6744,22221.9239,22247.0004,22178.2310,405720319,18381972464.0000,0.310076,0.000000,0.000000,0.000000,0.000000
2019,2020-04-24,sh.000912,22279.1039,22418.8197,22108.1493,22301.4319,22247.0004,325506430,14644989236.0000,0.244669,0.000000,0.000000,0.000000,0.000000
2020,2020-04-27,sh.000912,22437.6538,22619.9112,22239.5272,22546.5534,22301.4319,352351457,16774908436.0000,1.099129,0.000000,0.000000,0.000000,0.000000
2021,2020-04-28,sh.000912,22711.8641,23061.5030,22447.1889,22876.6280,22546.5534,512925944,25611543998.0000,1.463969,0.000000,0.000000,0.000000,0.000000
2022,2020-04-29,sh.000912,22760.8009,22863.3561,22300.6093,22481.3747,22876.6280,647200042,25527973092.0000,-1.727760,0.000000,0.000000,0.000000,0.000000
2023,2020-04-30,sh.000912,22456.4421,22593.6514,22235.5961,22367.5235,22481.3747,542248253,20817204744.0000,-0.506425,0.000000,0.000000,0.000000,0.000000
2024,2020-05-06,sh.000912,22109.1996,22654.9018,22100.3393,22654.9018,22367.5235,465068550,22574149402.0000,1.284802,0.000000,0.000000,0.000000,0.000000
2025,2020-05-07,sh.000912,22664.4834,22952.4573,22584.6576,22857.7894,22654.9018,398783803,19334414328.0000,0.895557,0.000000,0.000000,0.000000,0.000000
2026,2020-05-08,sh.000912,22937.8819,23178.2550,22746.8202,22949.4959,22857.7894,427260617,20075809433.0000,0.401205,0.000000,0.000000,0.000000,0.000000
2027,2020-05-11,sh.000912,22956.1400,23165.8934,22668.1510,22767.1663,22949.4959,486061511,22890051944.0000,-0.794482,0.000000,0.000000,0.000000,0.000000
2028,2020-05-12,sh.000912,22709.2904,23009.2916,22703.4257,22970.1170,22767.1663,436305055,17706030164.0000,0.891418,0.000000,0.000000,0.000000,0.000000
2029,2020-05-13,sh.000912,22949.6582,23215.1976,22838.7645,23195.8568,22970.1170,394310714,19161623346.0000,0.982754,0.000000,0.000000,0.000000,0.000000
2030,2020-05-14,sh.000912,23107.0815,23107.0815,22905.3232,22910.6803,23195.8568,392935263,17296226213.0000,-1.229429,0.000000,0.000000,0.000000,0.000000
2031,2020-05-15,sh.000912,22998.9653,23025.7260,22607.0444,22709.7441,22910.6803,464190733,17701595762.0000,-0.877042,0.000000,0.000000,0.000000,0.000000
2032,2020-05-18,sh.000912,22675.2651,23411.6337,22670.2198,23305.9330,22709.7441,478118321,24194895170.0000,2.625256,0.000000,0.000000,0.000000,0.000000
2033,2020-05-19,sh.000912,23554.0359,23564.3422,23238.5183,23327.5692,23305.9330,418138713,19690916578.0000,0.092836,0.000000,0.000000,0.000000,0.000000
2034,2020-05-20,sh.000912,23331.8533,23348.0134,23141.1277,23194.7133,23327.5692,389390104,16965736622.0000,-0.569523,0.000000,0.000000,0.000000,0.000000
2035,2020-05-21,sh.000912,23292.5538,23436.3385,23192.8537,23249.9052,23194.7133,399120698,17198336833.0000,0.237950,0.000000,0.000000,0.000000,0.000000
2036,2020-05-22,sh.000912,23188.5149,23190.4081,22529.0692,22596.0061,23249.9052,405022250,21830457953.0000,-2.812481,0.000000,0.000000,0.000000,0.000000
2037,2020-05-25,sh.000912,22673.7075,23093.5548,22467.5472,23091.7721,22596.0061,324762269,19230267284.0000,2.194043,0.000000,0.000000,0.000000,0.000000
2038,2020-05-26,sh.000912,23190.4748,23196.6516,22992.9629,23114.6527,23091.7721,303833603,14935636311.0000,0.099086,0.000000,0.000000,0.000000,0.000000
2039,2020-05-27,sh.000912,23110.7824,23113.4184,22792.8660,22847.9761,23114.6527,261767539,14121102410.0000,-1.153712,0.000000,0.000000,0.000000,0.000000
2040,2020-05-28,sh.000912,22853.5338,22958.0974,22570.5178,22819.9958,22847.9761,262746261,14459433112.0000,-0.122463,0.000000,0.000000,0.000000,0.000000
2041,2020-05-29,sh.000912,22696.4051,23173.8594,22691.1865,23164.8873,22819.9958,351481404,16915311367.0000,1.511357,0.000000,0.000000,0.000000,0.000000
2042,2020-06-01,sh.000912,23371.1935,23971.0499,23371.1935,23899.7225,23164.8873,427348080,23812913462.0000,3.172194,0.000000,0.000000,0.000000,0.000000
2043,2020-06-02,sh.000912,23873.5089,24120.3120,23748.3691,23816.0366,23899.7225,387910622,20888735542.0000,-0.350154,0.000000,0.000000,0.000000,0.000000
2044,2020-06-03,sh.000912,23917.2756,23936.4525,23594.9040,23651.3990,23816.0366,321176672,17364201175.0000,-0.691289,0.000000,0.000000,0.000000,0.000000
2045,2020-06-04,sh.000912,23665.4793,23887.8513,23648.0791,23804.1677,23651.3990,308732772,13966664230.0000,0.645918,0.000000,0.000000,0.000000,0.000000
2046,2020-06-05,sh.000912,23800.3118,23926.0636,23616.2527,23907.9907,23804.1677,335443431,16955666051.0000,0.436155,0.000000,0.000000,0.000000,0.000000
2047,2020-06-08,sh.000912,23965.2996,24322.8142,23876.4624,23990.7762,23907.9907,516882546,23537866315.0000,0.346267,0.000000,0.000000,0.000000,0.000000
2048,2020-06-09,sh.000912,24056.9406,24231.9420,23919.6573,24160.2851,23990.7762,359552113,17106158930.0000,0.706559,0.000000,0.000000,0.000000,0.000000
2049,2020-06-10,sh.000912,24151.8877,24271.6926,24024.7740,24108.8994,24160.2851,303033606,15249055590.0000,-0.212687,0.000000,0.000000,0.000000,0.000000
2050,2020-06-11,sh.000912,23952.1000,24000.3880,23492.3683,23617.9538,24108.8994,469345061,21696804748.0000,-2.036367,0.000000,0.000000,0.000000,0.000000
2051,2020-06-12,sh.000912,23282.0186,23831.4971,23241.1522,23824.2320,23617.9538,371650828,17503810281.0000,0.873396,0.000000,0.000000,0.000000,0.000000
2052,2020-06-15,sh.000912,23670.8259,23870.1811,23457.4736,23499.2472,23824.2320,708386800,27580825557.0000,-1.364093,0.000000,0.000000,0.000000,0.000000
2053,2020-06-16,sh.000912,23685.4340,23805.5655,23599.2986,23739.8624,23499.2472,453262935,21538141638.0000,1.023927,0.000000,0.000000,0.000000,0.000000
2054,2020-06-17,sh.000912,23801.2019,23801.9165,23535.9969,23722.6194,23739.8624,417229401,18602470178.0000,-0.072633,0.000000,0.000000,0.000000,0.000000
2055,2020-06-18,sh.000912,23770.3352,23941.9231,23679.0373,23917.2393,23722.6194,438051704,18714045554.0000,0.820398,0.000000,0.000000,0.000000,0.000000
2056,2020-06-19,sh.000912,23996.5632,24584.2119,23974.2216,24472.0926,23917.2393,530724850,28764883922.0000,2.319889,0.000000,0.000000,0.000000,0.000000
2057,2020-06-22,sh.000912,24446.3684,24483.1711,24264.5069,24395.6725,24472.0926,490358785,22706106040.0000,-0.312274,0.000000,0.000000,0.000000,0.000000
2058,2020-06-23,sh.000912,24356.3482,24931.0469,24283.0738,24851.6718,24395.6725,520902842,25835239326.0000,1.869181,0.000000,0.000000,0.000000,0.000000
2059,2020-06-24,sh.000912,24838.6818,24968.2886,24701.3873,24860.0221,24851.6718,494790126,22146973400.0000,0.033601,0.000000,0.000000,0.000000,0.000000
2060,2020-06-29,sh.000912,24769.0417,24964.8401,24698.9825,24951.2665,24860.0221,539060567,24232310085.0000,0.367033,0.000000,0.000000,0.000000,0.000000
2061,2020-06-30,sh.000912,25058.1827,25264.2748,25008.6979,25195.3032,24951.2665,474995939,21717936109.0000,0.978053,0.000000,0.000000,0.000000,0.000000
2062,2020-07-01,sh.000912,25267.2866,26172.0116,25246.9039,26041.3113,25195.3032,668253121,35433130786.0000,3.357801,0.000000,0.000000,0.000000,0.000000
2063,2020-07-02,sh.000912,26069.6259,26752.2888,26052.9025,26640.7035,26041.3113,693873668,41009946169.0000,2.301697,0.000000,0.000000,0.000000,0.000000
2064,2020-07-03,sh.000912,26727.2681,26741.7850,26164.5107,26617.1604,26640.7035,663472942,34565787126.0000,-0.088373,0.000000,0.000000,0.000000,0.000000
2065,2020-07-06,sh.000912,26627.9641,27696.8265,26627.9641,27566.2442,26617.1604,867469607,44415622862.0000,3.565684,0.000000,0.000000,0.000000,0.000000
2066,2020-07-07,sh.000912,27734.2337,29093.8836,27701.8252,28416.9475,27566.2442,918260130,50643678031.0000,3.086033,0.000000,0.000000,0.000000,0.000000
2067,2020-07-08,sh.000912,28324.7210,28795.0876,28207.3138,28499.6442,28416.9475,705635471,38459959931.0000,0.291012,0.000000,0.000000,0.000000,0.000000
2068,2020-07-09,sh.000912,28567.3293,28945.5156,28523.6133,28945.5156,28499.6442,787801911,36448474173.0000,1.564481,0.000000,0.000000,0.000000,0.000000
2069,2020-07-10,sh.000912,28748.1103,29389.5236,28681.5985,29053.3185,28945.5156,719952787,35522836535.0000,0.372434,0.000000,0.000000,0.000000,0.000000
2070,2020-07-13,sh.000912,29016.4057,30360.6530,29016.4057,30249.6059,29053.3185,886251433,51080224746.0000,4.117559,0.000000,0.000000,0.000000,0.000000
2071,2020-07-14,sh.000912,30255.2301,30472.2725,29637.1744,30196.7323,30249.6059,798743921,43868835420.0000,-0.174791,0.000000,0.000000,0.000000,0.000000
2072,2020-07-15,sh.000912,30124.9225,30781.3816,30090.5418,30476.4568,30196.7323,800620933,43542803526.0000,0.926340,0.000000,0.000000,0.000000,0.000000
2073,2020-07-16,sh.000912,30187.8167,30192.7931,27972.2290,28053.9564,30476.4568,879028048,63048401994.0000,-7.948760,0.000000,0.000000,0.000000,0.000000
2074,2020-07-17,sh.000912,27816.8905,28974.3215,27816.8905,28652.5658,28053.9564,606673005,43610234684.0000,2.133779,0.000000,0.000000,0.000000,0.000000
2075,2020-07-20,sh.000912,28854.9782,29074.1227,27668.4171,28571.2532,28652.5658,700004147,41142700937.0000,-0.283788,0.000000,0.000000,0.000000,0.000000
2076,2020-07-21,sh.000912,28697.7960,29457.3506,28485.0341,29067.8097,28571.2532,605893764,34900425287.0000,1.737958,0.000000,0.000000,0.000000,0.000000
2077,2020-07-22,sh.000912,28859.5212,29791.2172,28790.4574,29371.5046,29067.8097,631615024,35087919058.0000,1.044781,0.000000,0.000000,0.000000,0.000000
2078,2020-07-23,sh.000912,29187.5932,29632.9401,28846.8380,29403.7432,29371.5046,588272492,32731089213.0000,0.109761,0.000000,0.000000,0.000000,0.000000
2079,2020-07-24,sh.000912,29145.0120,29273.1556,27959.3099,28203.3216,29403.7432,770401696,47398006807.0000,-4.082547,0.000000,0.000000,0.000000,0.000000
2080,2020-07-27,sh.000912,28527.5860,28842.5147,28257.8772,28550.2476,28203.3216,550560891,30367181061.0000,1.230089,0.000000,0.000000,0.000000,0.000000
2081,2020-07-28,sh.000912,28737.7164,29699.0592,28737.7164,29442.9693,28550.2476,695047479,40967799764.0000,3.126844,0.000000,0.000000,0.000000,0.000000
2082,2020-07-29,sh.000912,29574.1733,29720.3596,28929.2470,29685.3182,29442.9693,642933901,36522374990.0000,0.823113,0.000000,0.000000,0.000000,0.000000
2083,2020-07-30,sh.000912,29678.5641,30113.8808,29626.1046,29858.2760,29685.3182,584398693,33082812091.0000,0.582638,0.000000,0.000000,0.000000,0.000000
2084,2020-07-31,sh.000912,29839.6062,30329.8759,29446.6350,29960.4330,29858.2760,575011515,32323914805.0000,0.342140,0.000000,0.000000,0.000000,0.000000
2085,2020-08-03,sh.000912,30143.3313,30320.6027,29936.9557,30171.6711,29960.4330,648928424,32420380203.0000,0.705057,0.000000,0.000000,0.000000,0.000000
2086,2020-08-04,sh.000912,30238.0793,30439.2678,29929.5847,30066.3917,30171.6711,615849320,29922217708.0000,-0.348935,0.000000,0.000000,0.000000,0.000000
2087,2020-08-05,sh.000912,29963.8185,30251.5621,29759.1345,30243.4856,30066.3917,608317361,29740812858.0000,0.589009,0.000000,0.000000,0.000000,0.000000
2088,2020-08-06,sh.000912,30243.6653,30289.0547,29435.6951,29628.4462,30243.4856,659240040,36072010067.0000,-2.033626,0.000000,0.000000,0.000000,0.000000
2089,2020-08-07,sh.000912,29594.1424,29791.3557,28834.3755,29340.8563,29628.4462,594333386,33398216987.0000,-0.970655,0.000000,0.000000,0.000000,0.000000
2090,2020-08-10,sh.000912,29331.9092,29516.4863,28952.3487,29371.9923,29340.8563,584407608,27219272982.0000,0.106118,0.000000,0.000000,0.000000,0.000000
2091,2020-08-11,sh.000912,29503.1529,30095.4629,29464.3830,29493.7029,29371.9923,557574360,32208868509.0000,0.414376,0.000000,0.000000,0.000000,0.000000
2092,2020-08-12,sh.000912,29420.0693,29487.1676,28624.4820,29088.8921,29493.7029,539676015,27326158461.0000,-1.372533,0.000000,0.000000,0.000000,0.000000
2093,2020-08-13,sh.000912,29223.3908,29372.3152,28968.7720,29167.4438,29088.8921,426869770,21273583635.0000,0.270040,0.000000,0.000000,0.000000,0.000000
2094,2020-08-14,sh.000912,29205.0597,29748.2379,29112.3908,29712.3764,29167.4438,397742617,26503579453.0000,1.868291,0.000000,0.000000,0.000000,0.000000
2095,2020-08-17,sh.000912,29859.6242,30267.7866,29856.9370,30155.5582,29712.3764,547081141,34935563391.0000,1.491573,0.000000,0.000000,0.000000,0.000000
2096,2020-08-18,sh.000912,30169.8294,30618.8840,30022.9309,30416.6968,30155.5582,534167976,28430170737.0000,0.865972,0.000000,0.000000,0.000000,0.000000
2097,2020-08-19,sh.000912,30337.2742,30701.7139,30134.4065,30292.9343,30416.6968,462007473,28403776554.0000,-0.406890,0.000000,0.000000,0.000000,0.000000
2098,2020-08-20,sh.000912,30094.9489,30195.6372,29694.8265,29810.8805,30292.9343,439213530,23181438913.0000,-1.591308,0.000000,0.000000,0.000000,0.000000
2099,2020-08-21,sh.000912,30059.4086,30380.2055,30005.9513,30156.7018,29810.8805,412524142,23088151486.0000,1.160051,0.000000,0.000000,0.000000,0.000000
2100,2020-08-24,sh.000912,30412.0216,30830.7196,30341.9080,30674.2643,30156.7018,522812451,30173331637.0000,1.716244,0.000000,0.000000,0.000000,0.000000
2101,2020-08-25,sh.000912,30752.9812,31465.1856,30745.3976,31242.5874,30674.2643,419615527,31839026001.0000,1.852768,0.000000,0.000000,0.000000,0.000000
2102,2020-08-26,sh.000912,31273.3629,31584.2305,30913.9515,31189.6423,31242.5874,479301906,29926647443.0000,-0.169465,0.000000,0.000000,0.000000,0.000000
2103,2020-08-27,sh.000912,31342.7768,31620.2247,31079.2650,31615.5323,31189.6423,431227366,26994804850.0000,1.365485,0.000000,0.000000,0.000000,0.000000
2104,2020-08-28,sh.000912,31714.6223,32678.4453,31573.3488,32569.3970,31615.5323,715849979,44505588630.0000,3.017076,0.000000,0.000000,0.000000,0.000000
2105,2020-08-31,sh.000912,32784.8540,33348.9234,32741.6447,32757.4628,32569.3970,738730215,47143874426.0000,0.577431,0.000000,0.000000,0.000000,0.000000
2106,2020-09-01,sh.000912,32667.9982,32825.3099,32277.1412,32825.3099,32757.4628,550878835,35189784912.0000,0.207120,0.000000,0.000000,0.000000,0.000000
2107,2020-09-02,sh.000912,33041.1326,33243.7901,32563.9144,32916.9255,32825.3099,648099300,34777521539.0000,0.279100,0.000000,0.000000,0.000000,0.000000
2108,2020-09-03,sh.000912,32917.7505,33408.1816,32548.5779,32785.5767,32916.9255,602906495,39142741445.0000,-0.399031,0.000000,0.000000,0.000000,0.000000
2109,2020-09-04,sh.000912,32151.6073,32201.8252,31648.6842,32098.0538,32785.5767,479036584,35619473229.0000,-2.097029,0.000000,0.000000,0.000000,0.000000
2110,2020-09-07,sh.000912,31972.7502,32215.7230,30929.5300,31172.1045,32098.0538,654510562,38296801207.0000,-2.884752,0.000000,0.000000,0.000000,0.000000
2111,2020-09-08,sh.000912,31202.4579,31345.7399,30356.3735,30771.8652,31172.1045,562191080,37460785701.0000,-1.283966,0.000000,0.000000,0.000000,0.000000
2112,2020-09-09,sh.000912,30370.9247,30468.9202,29828.1433,30013.5632,30771.8652,460029122,26571811237.0000,-2.464271,0.000000,0.000000,0.000000,0.000000
2113,2020-09-10,sh.000912,30404.9459,30760.1009,30210.1742,30293.1552,30013.5632,381023452,24638711629.0000,0.931552,0.000000,0.000000,0.000000,0.000000
2114,2020-09-11,sh.000912,30171.5464,30782.6386,30073.5339,30757.0272,30293.1552,397849415,25770630709.0000,1.531277,0.000000,0.000000,0.000000,0.000000
2115,2020-09-14,sh.000912,31034.8975,31112.3268,30668.9356,30945.3272,30757.0272,539191218,29476448199.0000,0.612218,0.000000,0.000000,0.000000,0.000000
2116,2020-09-15,sh.000912,30966.1834,31060.0035,30728.9586,31046.3957,30945.3272,388984864,20780750539.0000,0.326603,0.000000,0.000000,0.000000,0.000000
2117,2020-09-16,sh.000912,31038.1074,31155.0819,30390.3582,30485.5006,31046.3957,414520586,24240426222.0000,-1.806635,0.000000,0.000000,0.000000,0.000000
2118,2020-09-17,sh.000912,30142.9450,30148.4300,29513.2044,29758.2735,30485.5006,474836597,34028635376.0000,-2.385485,0.000000,0.000000,0.000000,0.000000
2119,2020-09-18,sh.000912,29721.9846,30261.9972,29474.1476,30261.9972,29758.2735,417363181,27945949537.0000,1.692718,0.000000,0.000000,0.000000,0.000000
2120,2020-09-21,sh.000912,30187.6401,30187.6401,29766.2802,29775.7988,30261.9972,319675814,18490633513.0000,-1.606630,0.000000,0.000000,0.000000,0.000000
2121,2020-09-22,sh.000912,29538.9763,30003.7699,29509.2170,29586.5500,29775.7988,287057419,17230594472.0000,-0.635579,0.000000,0.000000,0.000000,0.000000
2122,2020-09-23,sh.000912,29233.6437,29637.0054,28964.4893,29559.7724,29586.5500,332649498,24418505735.0000,-0.090506,0.000000,0.000000,0.000000,0.000000
2123,2020-09-24,sh.000912,29387.0784,29622.5445,29038.1668,29062.7189,29559.7724,362235246,20928508497.0000,-1.681520,0.000000,0.000000,0.000000,0.000000
2124,2020-09-25,sh.000912,29142.7601,29394.7685,29116.8607,29192.6525,29062.7189,274907223,16049699620.0000,0.447080,0.000000,0.000000,0.000000,0.000000
2125,2020-09-28,sh.000912,29333.4198,29707.4044,29282.2533,29382.9977,29192.6525,390758975,21239344516.0000,0.652031,0.000000,0.000000,0.000000,0.000000
2126,2020-09-29,sh.000912,29632.6202,29646.5204,29333.4163,29462.3951,29382.9977,303599008,16212023796.0000,0.270215,0.000000,0.000000,0.000000,0.000000
2127,2020-09-30,sh.000912,29600.9944,30072.9753,29497.3140,29636.4214,29462.3951,322924801,20577305290.0000,0.590673,0.000000,0.000000,0.000000,0.000000
2128,2020-10-09,sh.000912,30150.0075,30433.6832,29911.3555,30212.1622,29636.4214,433653082,26015661127.0000,1.942680,0.000000,0.000000,0.000000,0.000000
2129,2020-10-12,sh.000912,30346.5703,31531.0149,30335.3654,31528.3882,30212.1622,556507843,37698039249.0000,4.356610,0.000000,0.000000,0.000000,0.000000
2130,2020-10-13,sh.000912,31504.1915,31884.2755,31335.5898,31778.1970,31528.3882,472907582,28618219433.0000,0.792330,0.000000,0.000000,0.000000,0.000000
2131,2020-10-14,sh.000912,31704.4961,31930.0285,31459.4602,31514.4676,31778.1970,471005999,27448273590.0000,-0.829907,0.000000,0.000000,0.000000,0.000000
2132,2020-10-15,sh.000912,31465.8169,31539.3581,31266.3390,31299.0508,31514.4676,368165935,19863632849.0000,-0.683549,0.000000,0.000000,0.000000,0.000000
2133,2020-10-16,sh.000912,31320.2828,31485.9581,30841.1526,31025.8664,31299.0508,306954756,17911347157.0000,-0.872820,0.000000,0.000000,0.000000,0.000000
2134,2020-10-19,sh.000912,31221.4401,31340.0948,30511.3351,30616.0312,31025.8664,372822827,21303524398.0000,-1.320947,0.000000,0.000000,0.000000,0.000000
2135,2020-10-20,sh.000912,30664.4083,31336.6882,30603.7120,31336.6882,30616.0312,329751338,24348591721.0000,2.353855,0.000000,0.000000,0.000000,0.000000
2136,2020-10-21,sh.000912,31398.3945,31493.9684,31099.1485,31311.3029,31336.6882,279120571,18659087278.0000,-0.081008,0.000000,0.000000,0.000000,0.000000
2137,2020-10-22,sh.000912,31336.0028,31448.0049,30891.1116,31371.7157,31311.3029,337544200,23370968363.0000,0.192942,0.000000,0.000000,0.000000,0.000000
2138,2020-10-23,sh.000912,31302.7993,31388.3353,30634.4675,30662.0180,31371.7157,343948001,21174745967.0000,-2.262222,0.000000,0.000000,0.000000,0.000000
2139,2020-10-26,sh.000912,29750.2011,30366.2875,29586.5218,30248.5585,30662.0180,326718513,27587529854.0000,-1.348442,0.000000,0.000000,0.000000,0.000000
2140,2020-10-27,sh.000912,30254.7153,30520.9414,30122.5751,30348.0949,30248.5585,328943234,24010519027.0000,0.329062,0.000000,0.000000,0.000000,0.000000
2141,2020-10-28,sh.000912,30427.8026,31240.6708,30367.8659,31026.8721,30348.0949,424013966,28791654832.0000,2.236639,0.000000,0.000000,0.000000,0.000000
2142,2020-10-29,sh.000912,30877.0405,31963.1415,30849.3971,31693.5246,31026.8721,461978229,37831969918.0000,2.148629,0.000000,0.000000,0.000000,0.000000
2143,2020-10-30,sh.000912,31354.1029,31415.3973,30805.0360,30880.7856,31693.5246,482136330,32362665634.0000,-2.564369,0.000000,0.000000,0.000000,0.000000
2144,2020-11-02,sh.000912,30913.3042,31231.3390,30895.5975,30955.2937,30880.7856,569162044,31695053801.0000,0.241277,0.000000,0.000000,0.000000,0.000000
2145,2020-11-03,sh.000912,31110.4443,31382.3926,30971.0528,31316.2265,30955.2937,420140423,25889131371.0000,1.165981,0.000000,0.000000,0.000000,0.000000
2146,2020-11-04,sh.000912,31309.0938,31474.1991,31114.3762,31407.2066,31316.2265,387275004,21272554128.0000,0.290521,0.000000,0.000000,0.000000,0.000000
2147,2020-11-05,sh.000912,31699.5521,31976.8961,31651.6657,31912.9706,31407.2066,486338525,27604761898.0000,1.610344,0.000000,0.000000,0.000000,0.000000
2148,2020-11-06,sh.000912,32027.8077,32027.8077,31263.5494,31587.3049,31912.9706,434264118,25014499054.0000,-1.020481,0.000000,0.000000,0.000000,0.000000
2149,2020-11-09,sh.000912,31692.3800,32362.8159,31685.9943,32315.7025,31587.3049,481627375,31694620951.0000,2.305982,0.000000,0.000000,0.000000,0.000000
2150,2020-11-10,sh.000912,32393.3022,32773.2104,32043.9007,32474.9455,32315.7025,458009615,30713062892.0000,0.492773,0.000000,0.000000,0.000000,0.000000
2151,2020-11-11,sh.000912,32399.8696,33076.7645,32228.1450,32245.9897,32474.9455,412409351,30764312560.0000,-0.705023,0.000000,0.000000,0.000000,0.000000
2152,2020-11-12,sh.000912,32253.8913,32472.4098,31934.7306,32193.2225,32245.9897,381435052,25737598126.0000,-0.163640,0.000000,0.000000,0.000000,0.000000
2153,2020-11-13,sh.000912,31955.3371,31960.7360,31226.7373,31679.7848,32193.2225,395922488,27137342202.0000,-1.594863,0.000000,0.000000,0.000000,0.000000
2154,2020-11-16,sh.000912,31857.5393,32396.8479,31620.5397,32396.8479,31679.7848,440196770,29685981740.0000,2.263472,0.000000,0.000000,0.000000,0.000000
2155,2020-11-17,sh.000912,32420.8351,32442.2724,31790.3820,32038.6366,32396.8479,459888983,29080461205.0000,-1.105698,0.000000,0.000000,0.000000,0.000000
2156,2020-11-18,sh.000912,32009.3354,32095.0194,31437.1562,31753.1972,32038.6366,383108591,27992078730.0000,-0.890922,0.000000,0.000000,0.000000,0.000000
2157,2020-11-19,sh.000912,31600.2865,32272.6917,31454.6213,32168.6691,31753.1972,483345214,25972136577.0000,1.308441,0.000000,0.000000,0.000000,0.000000
2158,2020-11-20,sh.000912,32195.6885,32492.0044,32109.6975,32318.3924,32168.6691,372554565,22321145156.0000,0.465432,0.000000,0.000000,0.000000,0.000000
2159,2020-11-23,sh.000912,32707.9069,33076.0834,32677.2687,32796.7812,32318.3924,401527362,34244513718.0000,1.480237,0.000000,0.000000,0.000000,0.000000
2160,2020-11-24,sh.000912,32644.7921,32713.3177,32262.3503,32633.4052,32796.7812,327694924,24059472350.0000,-0.498146,0.000000,0.000000,0.000000,0.000000
2161,2020-11-25,sh.000912,32631.0476,32645.1084,31794.8813,31810.1074,32633.4052,330190798,24576314636.0000,-2.522868,0.000000,0.000000,0.000000,0.000000
2162,2020-11-26,sh.000912,31744.2057,32047.2476,31409.8661,31905.5382,31810.1074,363489939,24927489635.0000,0.300002,0.000000,0.000000,0.000000,0.000000
2163,2020-11-27,sh.000912,31923.5017,32203.8998,31734.6709,32160.8098,31905.5382,396491977,22465074624.0000,0.800086,0.000000,0.000000,0.000000,0.000000
2164,2020-11-30,sh.000912,32172.1641,32196.4696,31515.7362,31515.7362,32160.8098,488194714,31204948220.0000,-2.005775,0.000000,0.000000,0.000000,0.000000
2165,2020-12-01,sh.000912,31645.7261,32031.2729,31645.7261,31993.4335,31515.7362,365385206,24069757316.0000,1.515742,0.000000,0.000000,0.000000,0.000000
2166,2020-12-02,sh.000912,32145.4783,32258.2283,31833.4339,32094.6009,31993.4335,382921834,21732086581.0000,0.316213,0.000000,0.000000,0.000000,0.000000
2167,2020-12-03,sh.000912,32121.0176,32414.2379,32024.4133,32362.4962,32094.6009,347880976,22416325147.0000,0.834705,0.000000,0.000000,0.000000,0.000000
2168,2020-12-04,sh.000912,32378.4414,33192.4943,32363.1441,33092.6951,32362.4962,401779435,35820234777.0000,2.256312,0.000000,0.000000,0.000000,0.000000
2169,2020-12-07,sh.000912,33167.7657,33680.6191,33150.9657,33365.6082,33092.6951,481509068,36873697625.0000,0.824693,0.000000,0.000000,0.000000,0.000000
2170,2020-12-08,sh.000912,33441.2376,33957.8503,33398.3820,33692.3775,33365.6082,414886121,33322809267.0000,0.979360,0.000000,0.000000,0.000000,0.000000
2171,2020-12-09,sh.000912,33840.2715,33893.7172,33373.8740,33381.3157,33692.3775,469907787,26922298539.0000,-0.923241,0.000000,0.000000,0.000000,0.000000
2172,2020-12-10,sh.000912,33307.7354,33722.1540,33272.1467,33359.5171,33381.3157,566957471,31266459336.0000,-0.065302,0.000000,0.000000,0.000000,0.000000
2173,2020-12-11,sh.000912,33414.7646,33433.2442,32877.6490,33164.7290,33359.5171,549416971,31678536401.0000,-0.583906,0.000000,0.000000,0.000000,0.000000
2174,2020-12-14,sh.000912,33358.0756,33848.4791,33220.6668,33832.6296,33164.7290,605788524,35390146694.0000,2.013888,0.000000,0.000000,0.000000,0.000000
2175,2020-12-15,sh.000912,33874.2875,33876.0088,33326.6309,33682.7360,33832.6296,455343218,31890070722.0000,-0.443044,0.000000,0.000000,0.000000,0.000000
2176,2020-12-16,sh.000912,33812.1870,34170.4994,33767.6734,34046.1062,33682.7360,448041829,32156184001.0000,1.078803,0.000000,0.000000,0.000000,0.000000
2177,2020-12-17,sh.000912,34125.9052,34616.4486,34098.2717,34534.7925,34046.1062,463717116,36370534350.0000,1.435366,0.000000,0.000000,0.000000,0.000000
2178,2020-12-18,sh.000912,34273.1202,34605.4219,33965.6339,34177.3217,34534.7925,470968042,35490416261.0000,-1.035103,0.000000,0.000000,0.000000,0.000000
2179,2020-12-21,sh.000912,34106.5492,34641.7564,33980.7246,34548.8605,34177.3217,494948936,34619614001.0000,1.087092,0.000000,0.000000,0.000000,0.000000
2180,2020-12-22,sh.000912,34563.4458,35155.0668,34530.1872,34666.1053,34548.8605,511148908,36642869631.0000,0.339359,0.000000,0.000000,0.000000,0.000000
2181,2020-12-23,sh.000912,34870.0113,35271.7369,34010.4783,34523.9806,34666.1053,572254537,45112973146.0000,-0.409982,0.000000,0.000000,0.000000,0.000000
2182,2020-12-24,sh.000912,34202.7320,34718.3333,33863.3479,34303.5289,34523.9806,477572949,33676211849.0000,-0.638547,0.000000,0.000000,0.000000,0.000000
2183,2020-12-25,sh.000912,34012.6758,34497.7214,33957.1180,34421.2674,34303.5289,415169977,26837845067.0000,0.343226,0.000000,0.000000,0.000000,0.000000
2184,2020-12-28,sh.000912,34455.2488,35447.1980,34455.2488,35407.0245,34421.2674,547392065,37982966856.0000,2.863802,0.000000,0.000000,0.000000,0.000000
2185,2020-12-29,sh.000912,35445.2070,35541.3416,34855.5876,35039.6009,35407.0245,521618401,32756636163.0000,-1.037714,0.000000,0.000000,0.000000,0.000000
2186,2020-12-30,sh.000912,35065.8927,35900.0175,35042.1339,35900.0175,35039.6009,439291631,33071916178.0000,2.455555,0.000000,0.000000,0.000000,0.000000
2187,2020-12-31,sh.000912,35937.8648,36598.4133,35937.8648,36562.6422,35900.0175,465895396,35698276909.0000,1.845750,0.000000,0.000000,0.000000,0.000000
2188,2021-01-04,sh.000912,36692.7793,37862.5417,36643.3344,37598.9525,36562.6422,788845776,51371526617.0000,2.834342,0.000000,0.000000,0.000000,0.000000
2189,2021-01-05,sh.000912,37641.4563,39500.9119,37536.0937,39500.9119,37598.9525,996580330,68487382207.0000,5.058544,0.000000,0.000000,0.000000,0.000000
2190,2021-01-06,sh.000912,39744.9226,40449.5676,39029.3301,39994.3593,39500.9119,779835811,62716291285.0000,1.249205,0.000000,0.000000,0.000000,0.000000
2191,2021-01-07,sh.000912,39966.3098,40624.6645,39222.5065,40624.6645,39994.3593,728213476,54650112434.0000,1.575985,0.000000,0.000000,0.000000,0.000000
2192,2021-01-08,sh.000912,40638.3101,40775.8633,38954.0636,39415.3768,40624.6645,818084490,65025240594.0000,-2.976733,0.000000,0.000000,0.000000,0.000000
2193,2021-01-11,sh.000912,39260.1278,39377.8983,38070.8075,38291.9806,39415.3768,768068859,65417337576.0000,-2.850147,0.000000,0.000000,0.000000,0.000000
2194,2021-01-12,sh.000912,38035.1531,39276.5687,38028.1109,39268.8512,38291.9806,555005158,47309529078.0000,2.551110,0.000000,0.000000,0.000000,0.000000
2195,2021-01-13,sh.000912,39376.7571,39510.9304,38499.0710,38936.4350,39268.8512,633031537,48001629163.0000,-0.846514,0.000000,0.000000,0.000000,0.000000
2196,2021-01-14,sh.000912,38756.8912,38831.8604,37877.4822,37995.1057,38936.4350,586080076,47918608211.0000,-2.417605,0.000000,0.000000,0.000000,0.000000
2197,2021-01-15,sh.000912,37710.2612,37820.3346,36417.7189,37185.1540,37995.1057,557972430,58517161725.0000,-2.131726,0.000000,0.000000,0.000000,0.000000
2198,2021-01-18,sh.000912,36967.2530,37240.3585,36462.2179,36932.3381,37185.1540,522533164,45938963955.0000,-0.679884,0.000000,0.000000,0.000000,0.000000
2199,2021-01-19,sh.000912,37166.1130,37382.6821,35970.3888,36092.2301,36932.3381,546189914,47854171519.0000,-2.274722,0.000000,0.000000,0.000000,0.000000
2200,2021-01-20,sh.000912,35962.6099,36577.8174,35486.8062,36411.3573,36092.2301,492538602,44825120084.0000,0.884199,0.000000,0.000000,0.000000,0.000000
2201,2021-01-21,sh.000912,36521.7073,37503.5607,36507.5870,37235.1639,36411.3573,619468772,49492768496.0000,2.262499,0.000000,0.000000,0.000000,0.000000
2202,2021-01-22,sh.000912,37193.2788,37568.4353,36920.4337,37229.0506,37235.1639,624844464,44248370204.0000,-0.016418,0.000000,0.000000,0.000000,0.000000
2203,2021-01-25,sh.000912,37322.2694,39027.2186,37321.5018,38971.2233,37229.0506,749833428,65227585395.0000,4.679606,0.000000,0.000000,0.000000,0.000000
2204,2021-01-26,sh.000912,39155.3117,39158.5691,38376.2442,38538.4606,38971.2233,788346119,55709331953.0000,-1.110467,0.000000,0.000000,0.000000,0.000000
2205,2021-01-27,sh.000912,38335.3108,38335.3108,37224.1793,37864.8706,38538.4606,689471656,54834455198.0000,-1.747838,0.000000,0.000000,0.000000,0.000000
2206,2021-01-28,sh.000912,37443.0054,37812.7887,37071.4822,37292.5694,37864.8706,639241321,47782079701.0000,-1.511430,0.000000,0.000000,0.000000,0.000000
2207,2021-01-29,sh.000912,37558.1689,38032.1874,37054.6006,37455.2301,37292.5694,651337362,47260110382.0000,0.436175,0.000000,0.000000,0.000000,0.000000
2208,2021-02-01,sh.000912,37543.6508,38126.9096,37376.1838,37519.4763,37455.2301,597186285,42560181319.0000,0.171528,0.000000,0.000000,0.000000,0.000000
2209,2021-02-02,sh.000912,37643.9051,38619.1088,37531.2860,38613.1560,37519.4763,729471769,52081000679.0000,2.914965,0.000000,0.000000,0.000000,0.000000
2210,2021-02-03,sh.000912,38615.3074,39114.7486,38424.2895,39048.6521,38613.1560,791746189,55848784169.0000,1.127844,0.000000,0.000000,0.000000,0.000000
2211,2021-02-04,sh.000912,38845.2289,40034.4791,38828.2142,39818.7136,39048.6521,629856684,59700655208.0000,1.972057,0.000000,0.000000,0.000000,0.000000
2212,2021-02-05,sh.000912,39991.1414,40986.5024,39921.3642,40126.4411,39818.7136,664369251,61473415993.0000,0.772821,0.000000,0.000000,0.000000,0.000000
2213,2021-02-08,sh.000912,40588.0110,41252.1732,40101.0633,40947.7659,40126.4411,629844018,54437635349.0000,2.046842,0.000000,0.000000,0.000000,0.000000
2214,2021-02-09,sh.000912,41030.5277,42138.8157,40726.7818,42138.8157,40947.7659,600861487,50315522058.0000,2.908705,0.000000,0.000000,0.000000,0.000000
2215,2021-02-10,sh.000912,42430.1094,44094.2649,42420.6527,43972.0160,42138.8157,688720966,72511943329.0000,4.350384,0.000000,0.000000,0.000000,0.000000
2216,2021-02-18,sh.000912,44610.4552,44903.5195,42121.0322,42317.6429,43972.0160,769378081,76656901212.0000,-3.762332,0.000000,0.000000,0.000000,0.000000
2217,2021-02-19,sh.000912,42097.3048,43031.7568,41057.5020,42816.7540,42317.6429,896766085,68818383942.0000,1.179440,0.000000,0.000000,0.000000,0.000000
2218,2021-02-22,sh.000912,42709.3773,42712.7487,40238.9917,40265.8459,42816.7540,1031792906,81033702552.0000,-5.957734,0.000000,0.000000,0.000000,0.000000
2219,2021-02-23,sh.000912,39606.0284,40838.8280,39563.5147,40131.3075,40265.8459,651340444,55383063126.0000,-0.334125,0.000000,0.000000,0.000000,0.000000
2220,2021-02-24,sh.000912,40122.6918,40185.1395,37878.0803,38341.5362,40131.3075,677346780,70068481853.0000,-4.459788,0.000000,0.000000,0.000000,0.000000
2221,2021-02-25,sh.000912,38687.5180,38872.9992,37516.9840,37909.8142,38341.5362,517349828,47552965440.0000,-1.125990,0.000000,0.000000,0.000000,0.000000
2222,2021-02-26,sh.000912,36920.3726,37620.8190,36173.2842,36956.8914,37909.8142,561158130,55176945802.0000,-2.513657,0.000000,0.000000,0.000000,0.000000
2223,2021-03-01,sh.000912,37605.5521,37905.6042,36961.3451,37508.6347,36956.8914,487206482,45057791806.0000,1.492938,0.000000,0.000000,0.000000,0.000000
2224,2021-03-02,sh.000912,37890.9704,37954.3161,35971.3562,36440.2908,37508.6347,466487864,49273428848.0000,-2.848261,0.000000,0.000000,0.000000,0.000000
2225,2021-03-03,sh.000912,36172.1347,37192.0027,36059.9938,37176.0306,36440.2908,529405227,44700767157.0000,2.019028,0.000000,0.000000,0.000000,0.000000
2226,2021-03-04,sh.000912,36541.9675,36541.9675,35139.4132,35350.0899,37176.0306,541271490,49644765718.0000,-4.911607,0.000000,0.000000,0.000000,0.000000
2227,2021-03-05,sh.000912,34603.6072,35932.9384,34344.3310,35431.3409,35350.0899,538049726,47758180356.0000,0.229847,0.000000,0.000000,0.000000,0.000000
2228,2021-03-08,sh.000912,35711.9578,35865.6452,33407.0104,33407.0104,35431.3409,690198166,56715720486.0000,-5.713389,0.000000,0.000000,0.000000,0.000000
2229,2021-03-09,sh.000912,33198.0518,33643.0682,32112.6167,32635.5071,33407.0104,646937018,57743074696.0000,-2.309405,0.000000,0.000000,0.000000,0.000000
2230,2021-03-10,sh.000912,33378.5492,33734.5985,33094.0257,33269.1818,32635.5071,532040397,43244948164.0000,1.941673,0.000000,0.000000,0.000000,0.000000
2231,2021-03-11,sh.000912,33443.6861,34877.7535,33130.7053,34417.3042,33269.1818,473486808,44568457589.0000,3.451009,0.000000,0.000000,0.000000,0.000000
2232,2021-03-12,sh.000912,34737.1249,34742.0223,33627.6538,34298.3788,34417.3042,457683661,37132095601.0000,-0.345540,0.000000,0.000000,0.000000,0.000000
2233,2021-03-15,sh.000912,34230.8278,34411.5710,32543.7001,32982.3753,34298.3788,522876074,45522767305.0000,-3.836926,0.000000,0.000000,0.000000,0.000000
2234,2021-03-16,sh.000912,33113.9359,33764.2829,33015.0310,33659.9863,32982.3753,378742874,31345909510.0000,2.054464,0.000000,0.000000,0.000000,0.000000
2235,2021-03-17,sh.000912,33647.5997,34407.0224,33183.4913,34192.1576,33659.9863,380407228,31163645393.0000,1.581021,0.000000,0.000000,0.000000,0.000000
2236,2021-03-18,sh.000912,34287.5568,35095.3985,34275.6409,34862.0530,34192.1576,362177740,31966640611.0000,1.959208,0.000000,0.000000,0.000000,0.000000
2237,2021-03-19,sh.000912,34154.0074,34369.4579,33517.8785,33809.7401,34862.0530,373448027,31251053933.0000,-3.018505,0.000000,0.000000,0.000000,0.000000
2238,2021-03-22,sh.000912,33698.9081,34101.6567,33199.1655,33768.5221,33809.7401,301525152,25742617217.0000,-0.121912,0.000000,0.000000,0.000000,0.000000
2239,2021-03-23,sh.000912,33805.0317,34003.6095,33352.3579,33777.0505,33768.5221,299106818,23337297325.0000,0.025255,0.000000,0.000000,0.000000,0.000000
2240,2021-03-24,sh.000912,33583.7358,34267.9810,33471.7453,33585.3825,33777.0505,346153594,29271967479.0000,-0.567450,0.000000,0.000000,0.000000,0.000000
2241,2021-03-25,sh.000912,33262.8250,33597.7864,32888.9878,33355.5775,33585.3825,307967978,26456333800.0000,-0.684241,0.000000,0.000000,0.000000,0.000000
2242,2021-03-26,sh.000912,33557.9754,34344.4085,33344.4288,34198.6666,33355.5775,411852757,36840974692.0000,2.527581,0.000000,0.000000,0.000000,0.000000
2243,2021-03-29,sh.000912,34473.2231,35371.0760,34247.4919,34560.1713,34198.6666,378696959,40048443417.0000,1.057073,0.000000,0.000000,0.000000,0.000000
2244,2021-03-30,sh.000912,34562.5033,35359.8874,34526.5313,34917.5962,34560.1713,428620477,31929301112.0000,1.034210,0.000000,0.000000,0.000000,0.000000
2245,2021-03-31,sh.000912,34794.7117,34794.7117,34149.2823,34389.2838,34917.5962,335793297,27011631552.0000,-1.513026,0.000000,0.000000,0.000000,0.000000
2246,2021-04-01,sh.000912,34574.8500,35054.0833,34465.6856,35020.3959,34389.2838,332822310,23837879894.0000,1.835200,0.000000,0.000000,0.000000,0.000000
2247,2021-04-02,sh.000912,35346.4750,36404.6149,35346.4750,36399.7672,35020.3959,348737386,36403828971.0000,3.938766,0.000000,0.000000,0.000000,0.000000
2248,2021-04-06,sh.000912,36459.8769,36460.5871,35854.0973,36051.1358,36399.7672,319556111,28628541421.0000,-0.957785,0.000000,0.000000,0.000000,0.000000
2249,2021-04-07,sh.000912,35886.6335,35904.5466,34771.7623,34965.9098,36051.1358,373829728,36753639621.0000,-3.010241,0.000000,0.000000,0.000000,0.000000
2250,2021-04-08,sh.000912,34557.4635,35444.3701,34493.8634,35306.5164,34965.9098,341266813,28726809651.0000,0.974111,0.000000,0.000000,0.000000,0.000000
2251,2021-04-09,sh.000912,34970.0614,35108.4006,34337.0357,34470.8630,35306.5164,318915518,25991982330.0000,-2.366853,0.000000,0.000000,0.000000,0.000000
2252,2021-04-12,sh.000912,34445.7139,34690.2579,34012.6791,34164.0320,34470.8630,330205334,26589757060.0000,-0.890117,0.000000,0.000000,0.000000,0.000000
2253,2021-04-13,sh.000912,34226.0686,34918.0158,34216.7629,34414.8355,34164.0320,347730866,26791361944.0000,0.734116,0.000000,0.000000,0.000000,0.000000
2254,2021-04-14,sh.000912,34443.9699,34756.7130,34187.7099,34625.4878,34414.8355,396638481,24755734275.0000,0.612097,0.000000,0.000000,0.000000,0.000000
2255,2021-04-15,sh.000912,34493.8829,34626.0708,33715.2577,34174.2797,34625.4878,345974762,29944956081.0000,-1.303110,0.000000,0.000000,0.000000,0.000000
2256,2021-04-16,sh.000912,34276.1688,34759.4761,34067.8331,34538.7788,34174.2797,321805769,27831395109.0000,1.066589,0.000000,0.000000,0.000000,0.000000
2257,2021-04-19,sh.000912,34462.9185,35284.5066,33966.2551,35199.6892,34538.7788,450734434,32541731612.0000,1.913531,0.000000,0.000000,0.000000,0.000000
2258,2021-04-20,sh.000912,35000.3939,36115.4808,34965.6614,35489.7977,35199.6892,447088292,35567339699.0000,0.824179,0.000000,0.000000,0.000000,0.000000
2259,2021-04-21,sh.000912,35156.1338,35806.3839,35144.4704,35606.0357,35489.7977,349809228,29835457094.0000,0.327525,0.000000,0.000000,0.000000,0.000000
2260,2021-04-22,sh.000912,35776.9183,35825.9340,35166.1475,35416.4644,35606.0357,358186210,26192188797.0000,-0.532413,0.000000,0.000000,0.000000,0.000000
2261,2021-04-23,sh.000912,35466.9475,36288.8221,35466.2301,36183.8279,35416.4644,401157869,34217269743.0000,2.166686,0.000000,0.000000,0.000000,0.000000
2262,2021-04-26,sh.000912,36416.8535,36516.3032,35438.0964,35477.6039,36183.8279,416081913,34776561601.0000,-1.951767,0.000000,0.000000,0.000000,0.000000
2263,2021-04-27,sh.000912,35600.0756,35804.2569,35153.3810,35800.6779,35477.6039,342534603,25961606842.0000,0.910642,0.000000,0.000000,0.000000,0.000000
2264,2021-04-28,sh.000912,35072.0507,35788.7707,35006.3354,35788.7707,35800.6779,415555355,45176023595.0000,-0.033260,0.000000,0.000000,0.000000,0.000000
2265,2021-04-29,sh.000912,36031.6878,36317.6627,35656.4702,36260.4280,35788.7707,510717833,42648635355.0000,1.317892,0.000000,0.000000,0.000000,0.000000
2266,2021-04-30,sh.000912,36170.2423,36301.9929,35709.5831,35852.1506,36260.4280,602812597,37196134849.0000,-1.125959,0.000000,0.000000,0.000000,0.000000
2267,2021-05-06,sh.000912,35618.2168,35751.6231,34736.0135,34774.1793,35852.1506,590779313,40642573551.0000,-3.006713,0.000000,0.000000,0.000000,0.000000
2268,2021-05-07,sh.000912,34872.4552,35070.0413,34158.9823,34178.2624,34774.1793,464267246,34579719107.0000,-1.713676,0.000000,0.000000,0.000000,0.000000
2269,2021-05-10,sh.000912,33987.9226,34283.5236,33287.6445,33515.8492,34178.2624,532239609,38911088529.0000,-1.938113,0.000000,0.000000,0.000000,0.000000
2270,2021-05-11,sh.000912,33415.3745,34658.1172,33413.3269,34625.3409,33515.8492,429748628,33564400036.0000,3.310349,0.000000,0.000000,0.000000,0.000000
2271,2021-05-12,sh.000912,34463.2750,35065.9395,34463.2750,34991.0133,34625.3409,319754214,26446950964.0000,1.056083,0.000000,0.000000,0.000000,0.000000
2272,2021-05-13,sh.000912,34607.0080,34964.1684,34458.6577,34883.4360,34991.0133,301622441,23082769421.0000,-0.307443,0.000000,0.000000,0.000000,0.000000
2273,2021-05-14,sh.000912,35055.1433,35921.8116,34859.2123,35607.7729,34883.4360,363845301,32104915318.0000,2.076449,0.000000,0.000000,0.000000,0.000000
2274,2021-05-17,sh.000912,35781.1166,36792.9698,35781.1166,36456.1331,35607.7729,435984249,40206789013.0000,2.382514,0.000000,0.000000,0.000000,0.000000
2275,2021-05-18,sh.000912,36513.3176,36638.1753,36080.5971,36402.9620,36456.1331,264583714,22306375173.0000,-0.145850,0.000000,0.000000,0.000000,0.000000
2276,2021-05-19,sh.000912,36288.9593,36661.4293,36076.5620,36310.9216,36402.9620,284143722,24541858210.0000,-0.252838,0.000000,0.000000,0.000000,0.000000
2277,2021-05-20,sh.000912,36502.1857,36756.8303,36369.9724,36638.4227,36310.9216,403307926,28860368513.0000,0.901936,0.000000,0.000000,0.000000,0.000000
2278,2021-05-21,sh.000912,36676.9982,36889.9489,36072.2246,36210.1165,36638.4227,386425379,31498227575.0000,-1.169008,0.000000,0.000000,0.000000,0.000000
2279,2021-05-24,sh.000912,36360.2043,36638.2819,35795.1167,36610.4013,36210.1165,452160022,37061254046.0000,1.105450,0.000000,0.000000,0.000000,0.000000
2280,2021-05-25,sh.000912,36730.2588,38314.3566,36729.2709,38269.5044,36610.4013,517918302,55162947843.0000,4.531781,0.000000,0.000000,0.000000,0.000000
2281,2021-05-26,sh.000912,38336.6623,38569.5310,37857.1586,38194.4343,38269.5044,401262690,37491435908.0000,-0.196162,0.000000,0.000000,0.000000,0.000000
2282,2021-05-27,sh.000912,38080.1740,39167.1518,37775.6831,38296.7336,38194.4343,391302829,36635310453.0000,0.267838,0.000000,0.000000,0.000000,0.000000
2283,2021-05-28,sh.000912,38326.5348,38336.0297,37761.6263,38049.6830,38296.7336,395259832,29479267671.0000,-0.645096,0.000000,0.000000,0.000000,0.000000
2284,2021-05-31,sh.000912,37854.0269,38015.5778,37267.3408,38015.5778,38049.6830,422560293,34050583061.0000,-0.089633,0.000000,0.000000,0.000000,0.000000
2285,2021-06-01,sh.000912,38095.1277,38337.9076,37644.2057,38302.5364,38015.5778,412391287,35965874451.0000,0.754845,0.000000,0.000000,0.000000,0.000000
2286,2021-06-02,sh.000912,38344.9474,38501.8513,37739.2431,37958.4851,38302.5364,470579069,33205739372.0000,-0.898247,0.000000,0.000000,0.000000,0.000000
2287,2021-06-03,sh.000912,37905.2047,38648.7635,37791.4028,37992.1333,37958.4851,459459987,35815563165.0000,0.088645,0.000000,0.000000,0.000000,0.000000
2288,2021-06-04,sh.000912,37792.7024,38781.3593,37711.6459,38384.4586,37992.1333,388571475,32852081591.0000,1.032649,0.000000,0.000000,0.000000,0.000000
2289,2021-06-07,sh.000912,38367.4598,38502.0990,37883.6150,38275.5238,38384.4586,596362058,42617793712.0000,-0.283799,0.000000,0.000000,0.000000,0.000000
2290,2021-06-08,sh.000912,38218.0584,38350.9254,36483.3039,36965.8039,38275.5238,548934334,52333521798.0000,-3.421821,0.000000,0.000000,0.000000,0.000000
2291,2021-06-09,sh.000912,36868.0392,37442.5043,36539.1893,37187.3392,36965.8039,581611774,37648413312.0000,0.599298,0.000000,0.000000,0.000000,0.000000
2292,2021-06-10,sh.000912,37142.3495,37830.8864,37021.5413,37641.6991,37187.3392,515224251,33628484943.0000,1.221813,0.000000,0.000000,0.000000,0.000000
2293,2021-06-11,sh.000912,37475.8554,37488.0746,36741.6909,36800.6495,37641.6991,524343772,41869387400.0000,-2.234356,0.000000,0.000000,0.000000,0.000000
2294,2021-06-15,sh.000912,36819.7880,36922.0845,35941.3171,36637.3190,36800.6495,408099231,35547064818.0000,-0.443825,0.000000,0.000000,0.000000,0.000000
2295,2021-06-16,sh.000912,36667.2590,36700.0607,36019.5507,36185.9144,36637.3190,328860476,28695638524.0000,-1.232090,0.000000,0.000000,0.000000,0.000000
2296,2021-06-17,sh.000912,36118.3423,36619.0289,36041.6988,36233.1249,36185.9144,367287702,26493954547.0000,0.130467,0.000000,0.000000,0.000000,0.000000
2297,2021-06-18,sh.000912,36182.9605,36225.9934,35180.2274,35480.1072,36233.1249,483291608,41130580629.0000,-2.078258,0.000000,0.000000,0.000000,0.000000
2298,2021-06-21,sh.000912,35384.2920,35573.1169,34776.3161,35258.4441,35480.1072,440343858,38508098815.0000,-0.624753,0.000000,0.000000,0.000000,0.000000
2299,2021-06-22,sh.000912,35385.0765,35497.6454,34999.6761,35319.7272,35258.4441,430224998,33974773912.0000,0.173811,0.000000,0.000000,0.000000,0.000000
2300,2021-06-23,sh.000912,35377.3588,35391.4779,34655.0550,34732.2885,35319.7272,460027687,37925098674.0000,-1.663203,0.000000,0.000000,0.000000,0.000000
2301,2021-06-24,sh.000912,34700.4037,35226.4457,34337.5723,35040.5871,34732.2885,359771782,30529857864.0000,0.887643,0.000000,0.000000,0.000000,0.000000
2302,2021-06-25,sh.000912,34897.5354,35814.4446,34813.3734,35652.7048,35040.5871,384935160,36110883523.0000,1.746882,0.000000,0.000000,0.000000,0.000000
2303,2021-06-28,sh.000912,35802.7270,36152.0544,35666.5546,36144.6807,35652.7048,554922946,32740144257.0000,1.379912,0.000000,0.000000,0.000000,0.000000
2304,2021-06-29,sh.000912,36164.1560,36167.3425,35319.4675,35498.8212,36144.6807,460441402,33274392850.0000,-1.786873,0.000000,0.000000,0.000000,0.000000
2305,2021-06-30,sh.000912,35454.1005,35798.3852,35377.2738,35493.4535,35498.8212,289399277,23486936066.0000,-0.015121,0.000000,0.000000,0.000000,0.000000
2306,2021-07-01,sh.000912,35529.7429,35909.2800,35021.0342,35908.8487,35493.4535,351198279,27257515036.0000,1.170343,0.000000,0.000000,0.000000,0.000000
2307,2021-07-02,sh.000912,35509.4391,35509.4391,34599.8721,34613.7239,35908.8487,358243524,34662211729.0000,-3.606701,0.000000,0.000000,0.000000,0.000000
2308,2021-07-05,sh.000912,34396.9493,34703.9887,34132.2764,34255.9265,34613.7239,355422534,30817699715.0000,-1.033687,0.000000,0.000000,0.000000,0.000000
2309,2021-07-06,sh.000912,34213.9604,34275.8110,33397.1121,34243.6707,34255.9265,367524498,33318060637.0000,-0.035777,0.000000,0.000000,0.000000,0.000000
2310,2021-07-07,sh.000912,34219.1604,34520.5556,34169.5722,34348.9060,34243.6707,333284724,26912051846.0000,0.307313,0.000000,0.000000,0.000000,0.000000
2311,2021-07-08,sh.000912,34332.1517,34357.6773,33553.4527,33694.1483,34348.9060,404652189,39702105272.0000,-1.906197,0.000000,0.000000,0.000000,0.000000
2312,2021-07-09,sh.000912,33519.1498,33632.7039,32813.2931,33178.8343,33694.1483,321934406,30559369038.0000,-1.529387,0.000000,0.000000,0.000000,0.000000
2313,2021-07-12,sh.000912,33293.4033,33668.2218,32661.2128,33372.3871,33178.8343,347545154,35147495485.0000,0.583362,0.000000,0.000000,0.000000,0.000000
2314,2021-07-13,sh.000912,33571.2742,34180.7348,33571.2742,33974.0822,33372.3871,343651809,31390120706.0000,1.802973,0.000000,0.000000,0.000000,0.000000
2315,2021-07-14,sh.000912,33814.6922,33978.8728,33480.2876,33864.7282,33974.0822,358916187,29327995447.0000,-0.321875,0.000000,0.000000,0.000000,0.000000
2316,2021-07-15,sh.000912,33858.8820,34609.9167,33759.4858,34478.3384,33864.7282,453146496,35238932223.0000,1.811945,0.000000,0.000000,0.000000,0.000000
2317,2021-07-16,sh.000912,34390.3071,34546.5577,33762.2314,33836.3733,34478.3384,386767234,32378112627.0000,-1.861937,0.000000,0.000000,0.000000,0.000000
2318,2021-07-19,sh.000912,33670.7517,34046.4073,33358.1545,33937.6015,33836.3733,438769546,29408043559.0000,0.299170,0.000000,0.000000,0.000000,0.000000
2319,2021-07-20,sh.000912,33853.6882,34097.3858,33787.7979,34029.1316,33937.6015,293194318,22924706646.0000,0.269701,0.000000,0.000000,0.000000,0.000000
2320,2021-07-21,sh.000912,34094.5597,34439.4208,33670.8530,33795.2645,34029.1316,355387833,30357494612.0000,-0.687256,0.000000,0.000000,0.000000,0.000000
2321,2021-07-22,sh.000912,33765.3766,33974.9505,33356.7208,33402.6562,33795.2645,311804932,29988685687.0000,-1.161726,0.000000,0.000000,0.000000,0.000000
2322,2021-07-23,sh.000912,33300.3756,33300.3756,32514.5276,32634.5786,33402.6562,463105404,35898071824.0000,-2.299451,0.000000,0.000000,0.000000,0.000000
2323,2021-07-26,sh.000912,32366.1651,32366.1651,30441.1364,30849.0398,32634.5786,560089024,56295721173.0000,-5.471310,0.000000,0.000000,0.000000,0.000000
2324,2021-07-27,sh.000912,30761.5992,30887.2606,29300.6348,29382.2709,30849.0398,545636112,50963933765.0000,-4.754666,0.000000,0.000000,0.000000,0.000000
2325,2021-07-28,sh.000912,29145.9000,29993.1918,28538.8536,29787.7042,29382.2709,583800217,49507664077.0000,1.379857,0.000000,0.000000,0.000000,0.000000
2326,2021-07-29,sh.000912,30472.6650,30610.7858,29406.3146,29567.4045,29787.7042,476750505,41339202596.0000,-0.739566,0.000000,0.000000,0.000000,0.000000
2327,2021-07-30,sh.000912,29281.8995,29281.8995,28123.9092,28450.2067,29567.4045,536633724,48642739505.0000,-3.778478,0.000000,0.000000,0.000000,0.000000
2328,2021-08-02,sh.000912,28042.9520,29867.8629,27662.4206,29829.9344,28450.2067,725492009,61411263464.0000,4.849623,0.000000,0.000000,0.000000,0.000000
2329,2021-08-03,sh.000912,29467.3242,30219.6368,29105.9599,30121.5773,29829.9344,512659740,42276805417.0000,0.977685,0.000000,0.000000,0.000000,0.000000
2330,2021-08-04,sh.000912,29944.9587,30104.4421,29513.5260,29604.4952,30121.5773,409025220,31486368066.0000,-1.716650,0.000000,0.000000,0.000000,0.000000
2331,2021-08-05,sh.000912,29102.2052,29917.1396,28828.8580,29222.5045,29604.4952,394154655,32511415571.0000,-1.290313,0.000000,0.000000,0.000000,0.000000
2332,2021-08-06,sh.000912,29037.9912,29099.5440,28547.0031,28961.1213,29222.5045,359811380,27587343731.0000,-0.894459,0.000000,0.000000,0.000000,0.000000
2333,2021-08-09,sh.000912,28738.3536,29967.0095,28738.3536,29680.1301,28961.1213,662132278,39055070032.0000,2.482669,0.000000,0.000000,0.000000,0.000000
2334,2021-08-10,sh.000912,29777.1540,31330.3703,29327.3973,31247.7000,29680.1301,692798453,57416035890.0000,5.281547,0.000000,0.000000,0.000000,0.000000
2335,2021-08-11,sh.000912,30899.1608,31184.4907,30577.5149,30585.3756,31247.7000,460124435,34333343327.0000,-2.119594,0.000000,0.000000,0.000000,0.000000
2336,2021-08-12,sh.000912,30466.9026,30674.3249,29764.1904,29802.4014,30585.3756,387819237,30773905908.0000,-2.559963,0.000000,0.000000,0.000000,0.000000
2337,2021-08-13,sh.000912,29739.3020,30147.4992,29617.6237,29940.1998,29802.4014,305183386,24103109662.0000,0.462373,0.000000,0.000000,0.000000,0.000000
2338,2021-08-16,sh.000912,29860.1383,30187.7996,29697.9379,30025.6638,29940.1998,284803221,21931581546.0000,0.285449,0.000000,0.000000,0.000000,0.000000
2339,2021-08-17,sh.000912,29966.2138,30031.2900,28759.6467,28810.3742,30025.6638,400936784,33030558860.0000,-4.047503,0.000000,0.000000,0.000000,0.000000
2340,2021-08-18,sh.000912,28700.8672,29013.1606,28283.8374,28749.0222,28810.3742,392157760,32590782215.0000,-0.212951,0.000000,0.000000,0.000000,0.000000
2341,2021-08-19,sh.000912,28655.1139,28922.6183,28236.3751,28376.2526,28749.0222,348021254,28340271961.0000,-1.296634,0.000000,0.000000,0.000000,0.000000
2342,2021-08-20,sh.000912,27477.5664,27855.9265,26738.1679,27009.3443,28376.2526,495855526,51604799120.0000,-4.817085,0.000000,0.000000,0.000000,0.000000
2343,2021-08-23,sh.000912,27004.1249,27643.3833,26873.8836,27296.4497,27009.3443,373942094,38867154810.0000,1.062985,0.000000,0.000000,0.000000,0.000000
2344,2021-08-24,sh.000912,27434.7347,28174.9044,27202.7581,27992.6720,27296.4497,355118963,37012670769.0000,2.550597,0.000000,0.000000,0.000000,0.000000
2345,2021-08-25,sh.000912,28191.2388,28771.7644,28191.2388,28527.8237,27992.6720,333612071,32132611865.0000,1.911756,0.000000,0.000000,0.000000,0.000000
2346,2021-08-26,sh.000912,28518.9771,28518.9771,27464.2930,27509.5574,28527.8237,344102541,30520694953.0000,-3.569380,0.000000,0.000000,0.000000,0.000000
2347,2021-08-27,sh.000912,27423.6033,28062.0388,27366.7044,27467.4996,27509.5574,319319976,27277255021.0000,-0.152884,0.000000,0.000000,0.000000,0.000000
2348,2021-08-30,sh.000912,27709.3594,27754.8031,26782.5726,27386.8999,27467.4996,418934354,33729073988.0000,-0.293437,0.000000,0.000000,0.000000,0.000000
2349,2021-08-31,sh.000912,27336.7271,27711.0019,26831.2551,26952.6870,27386.8999,483589527,33239172445.0000,-1.585477,0.000000,0.000000,0.000000,0.000000
2350,2021-09-01,sh.000912,26863.6638,28177.6081,26409.7446,27893.9712,26952.6870,612988682,50036526997.0000,3.492358,0.000000,0.000000,0.000000,0.000000
2351,2021-09-02,sh.000912,27944.3784,28045.2367,27389.2882,27502.3319,27893.9712,413905641,33447313289.0000,-1.404028,0.000000,0.000000,0.000000,0.000000
2352,2021-09-03,sh.000912,27302.5190,28103.1093,26887.7327,28012.8145,27502.3319,521602244,37329923109.0000,1.856143,0.000000,0.000000,0.000000,0.000000
2353,2021-09-06,sh.000912,27855.4995,28910.9062,27637.3567,28527.5180,28012.8145,520583010,44014397326.0000,1.837386,0.000000,0.000000,0.000000,0.000000
2354,2021-09-07,sh.000912,28413.1143,28695.9130,28209.4581,28523.9616,28527.5180,347024408,26894663955.0000,-0.012467,0.000000,0.000000,0.000000,0.000000
2355,2021-09-08,sh.000912,28461.1550,28581.7565,27901.9374,28000.3440,28523.9616,352591971,24368982937.0000,-1.835711,0.000000,0.000000,0.000000,0.000000
2356,2021-09-09,sh.000912,27940.0516,28174.8889,27771.0387,27957.9937,28000.3440,340257483,19161540010.0000,-0.151249,0.000000,0.000000,0.000000,0.000000
2357,2021-09-10,sh.000912,27988.4338,28569.0319,27941.5082,28451.5211,27957.9937,410818802,29603328038.0000,1.765246,0.000000,0.000000,0.000000,0.000000
2358,2021-09-13,sh.000912,28359.4300,28644.7523,27908.2010,28095.9790,28451.5211,378290422,25815693154.0000,-1.249642,0.000000,0.000000,0.000000,0.000000
2359,2021-09-14,sh.000912,28175.1422,28473.4074,27920.2654,27975.7781,28095.9790,334467660,23861681290.0000,-0.427822,0.000000,0.000000,0.000000,0.000000
2360,2021-09-15,sh.000912,27805.8138,27869.1305,27142.3842,27257.1059,27975.7781,312950665,29108163573.0000,-2.568909,0.000000,0.000000,0.000000,0.000000
2361,2021-09-16,sh.000912,27087.2933,27802.0000,26836.4521,27596.1892,27257.1059,614126509,34598909321.0000,1.244018,0.000000,0.000000,0.000000,0.000000
2362,2021-09-17,sh.000912,27419.7469,28583.0554,27358.2177,28328.1337,27596.1892,596986881,35712327586.0000,2.652339,0.000000,0.000000,0.000000,0.000000
2363,2021-09-22,sh.000912,27833.0834,28037.4930,27398.0066,27496.6520,28328.1337,382275517,24281352823.0000,-2.935180,0.000000,0.000000,0.000000,0.000000
2364,2021-09-23,sh.000912,27515.7073,27934.8883,27382.5884,27655.3137,27496.6520,426026651,24604666138.0000,0.577022,0.000000,0.000000,0.000000,0.000000
2365,2021-09-24,sh.000912,27600.7447,28943.7495,27595.0221,28636.3180,27655.3137,696098304,44952800094.0000,3.547254,0.000000,0.000000,0.000000,0.000000
2366,2021-09-27,sh.000912,29298.9803,31047.0484,29298.9803,30740.6070,28636.3180,985413760,76881321194.0000,7.348323,0.000000,0.000000,0.000000,0.000000
2367,2021-09-28,sh.000912,30604.4041,30864.3414,29818.3827,30415.3200,30740.6070,597948447,47893417525.0000,-1.058167,0.000000,0.000000,0.000000,0.000000
2368,2021-09-29,sh.000912,30307.6510,30754.4367,29791.0666,30543.0472,30415.3200,675936544,41357105712.0000,0.419944,0.000000,0.000000,0.000000,0.000000
2369,2021-09-30,sh.000912,30462.0103,31072.1212,30409.0266,30724.6766,30543.0472,568428483,40036999701.0000,0.594667,0.000000,0.000000,0.000000,0.000000
2370,2021-10-08,sh.000912,30746.1191,32013.7653,30462.7217,31504.0761,30724.6766,830952621,51475382910.0000,2.536722,0.000000,0.000000,0.000000,0.000000
2371,2021-10-11,sh.000912,31569.1551,32211.4785,31331.9557,31599.8103,31504.0761,723583133,40749504962.0000,0.303879,0.000000,0.000000,0.000000,0.000000
2372,2021-10-12,sh.000912,31518.4433,31770.1786,31077.1774,31622.4207,31599.8103,550298805,31548715661.0000,0.071552,0.000000,0.000000,0.000000,0.000000
2373,2021-10-13,sh.000912,31671.1251,32959.1244,31582.1453,32590.4472,31622.4207,588106528,45458892959.0000,3.061203,0.000000,0.000000,0.000000,0.000000
2374,2021-10-14,sh.000912,32504.3386,32844.8894,31974.2685,32313.0447,32590.4472,431889040,30350803314.0000,-0.851177,0.000000,0.000000,0.000000,0.000000
2375,2021-10-15,sh.000912,31872.4541,32641.5822,31867.3232,32235.3057,32313.0447,609802368,36385469034.0000,-0.240581,0.000000,0.000000,0.000000,0.000000
2376,2021-10-18,sh.000912,31700.4705,31700.4705,30413.6604,30618.9041,32235.3057,593608115,50028884353.0000,-5.014383,0.000000,0.000000,0.000000,0.000000
2377,2021-10-19,sh.000912,30512.3786,31466.1636,30512.3786,31266.2652,30618.9041,819182620,42981486534.0000,2.114253,0.000000,0.000000,0.000000,0.000000
2378,2021-10-20,sh.000912,31498.8391,31707.9377,31099.9480,31382.0155,31266.2652,631016345,30644295339.0000,0.370208,0.000000,0.000000,0.000000,0.000000
2379,2021-10-21,sh.000912,31394.4937,31596.4090,31120.7144,31374.6666,31382.0155,473154177,26019111768.0000,-0.023418,0.000000,0.000000,0.000000,0.000000
2380,2021-10-22,sh.000912,31555.1361,32367.7681,31446.5235,32066.1160,31374.6666,482458416,31121652840.0000,2.203846,0.000000,0.000000,0.000000,0.000000
2381,2021-10-25,sh.000912,31968.3594,32053.3860,31573.9115,31766.5818,32066.1160,563242797,32774521555.0000,-0.934114,0.000000,0.000000,0.000000,0.000000
2382,2021-10-26,sh.000912,31659.6717,31897.8687,31315.8641,31596.3771,31766.5818,429461426,26843434101.0000,-0.535798,0.000000,0.000000,0.000000,0.000000
2383,2021-10-27,sh.000912,31425.0074,31440.3934,30833.7444,31074.8867,31596.3771,436924390,28773792695.0000,-1.650475,0.000000,0.000000,0.000000,0.000000
2384,2021-10-28,sh.000912,31147.8067,31550.6999,30868.9813,31227.3471,31074.8867,483661799,31402277141.0000,0.490623,0.000000,0.000000,0.000000,0.000000
2385,2021-10-29,sh.000912,31393.4769,31912.6835,31376.9930,31620.2907,31227.3471,639723291,39932696737.0000,1.258332,0.000000,0.000000,0.000000,0.000000
2386,2021-11-01,sh.000912,30810.9309,31487.1589,30460.7105,31126.4010,31620.2907,566582497,46695134794.0000,-1.561939,0.000000,0.000000,0.000000,0.000000
2387,2021-11-02,sh.000912,31002.0677,31547.7222,30809.0829,31151.2835,31126.4010,604128077,40420941315.0000,0.079940,0.000000,0.000000,0.000000,0.000000
2388,2021-11-03,sh.000912,31145.0183,31304.0451,30811.1424,30811.1424,31151.2835,733107438,32875151013.0000,-1.091901,0.000000,0.000000,0.000000,0.000000
2389,2021-11-04,sh.000912,30984.3027,31835.6583,30925.9979,31678.1169,30811.1424,916513545,43944667116.0000,2.813834,0.000000,0.000000,0.000000,0.000000
2390,2021-11-05,sh.000912,31664.6386,32240.5649,31638.0950,31753.1724,31678.1169,667786270,35426136072.0000,0.236932,0.000000,0.000000,0.000000,0.000000
2391,2021-11-08,sh.000912,31718.3725,31857.9662,31444.6285,31637.6994,31753.1724,429342781,23994896666.0000,-0.363658,0.000000,0.000000,0.000000,0.000000
2392,2021-11-09,sh.000912,31612.4146,31786.6524,31195.8539,31276.3118,31637.6994,390797726,24498232838.0000,-1.142269,0.000000,0.000000,0.000000,0.000000
2393,2021-11-10,sh.000912,31203.8423,31301.0137,30390.0737,30664.1348,31276.3118,469259254,29485238862.0000,-1.957318,0.000000,0.000000,0.000000,0.000000
2394,2021-11-11,sh.000912,30671.5937,30943.3589,30489.2716,30901.4956,30664.1348,505915645,23978147858.0000,0.774067,0.000000,0.000000,0.000000,0.000000
2395,2021-11-12,sh.000912,31008.4864,31108.5585,30710.2210,30803.5225,30901.4956,419617212,24732200885.0000,-0.317050,0.000000,0.000000,0.000000,0.000000
2396,2021-11-15,sh.000912,30919.2960,31199.9430,30769.1143,30959.7349,30803.5225,431184767,25647256554.0000,0.507125,0.000000,0.000000,0.000000,0.000000
2397,2021-11-16,sh.000912,31067.5010,31817.9204,31030.9285,31627.9988,30959.7349,415269054,30919592045.0000,2.158494,0.000000,0.000000,0.000000,0.000000
2398,2021-11-17,sh.000912,31506.8881,31679.5392,31280.6240,31403.2390,31627.9988,334088138,21630991037.0000,-0.710636,0.000000,0.000000,0.000000,0.000000
2399,2021-11-18,sh.000912,31256.5937,31481.0554,30985.5974,31303.0298,31403.2390,315259118,18509117185.0000,-0.319105,0.000000,0.000000,0.000000,0.000000
2400,2021-11-19,sh.000912,31258.4007,31968.6496,31231.4312,31655.3308,31303.0298,361685820,26414611542.0000,1.125453,0.000000,0.000000,0.000000,0.000000
2401,2021-11-22,sh.000912,31783.8910,32450.5137,31729.7861,31767.9935,31655.3308,457706388,36101188710.0000,0.355904,0.000000,0.000000,0.000000,0.000000
2402,2021-11-23,sh.000912,31671.0729,32311.6099,31647.1655,31940.2890,31767.9935,400212874,31512970941.0000,0.542356,0.000000,0.000000,0.000000,0.000000
2403,2021-11-24,sh.000912,32031.2404,32850.8312,32031.2404,32489.5113,31940.2890,513067339,46146969518.0000,1.719528,0.000000,0.000000,0.000000,0.000000
2404,2021-11-25,sh.000912,32722.9678,33047.5388,32412.5865,32527.3596,32489.5113,359331930,32512490654.0000,0.116494,0.000000,0.000000,0.000000,0.000000
2405,2021-11-26,sh.000912,32551.3217,32557.3139,32077.9409,32252.6621,32527.3596,330350470,24332441406.0000,-0.844512,0.000000,0.000000,0.000000,0.000000
2406,2021-11-29,sh.000912,32205.0158,32589.7462,32149.5527,32589.7462,32252.6621,331221209,27812133812.0000,1.045136,0.000000,0.000000,0.000000,0.000000
2407,2021-11-30,sh.000912,32615.6033,32619.8000,31779.0939,31841.3023,32589.7462,405115651,29606385882.0000,-2.296563,0.000000,0.000000,0.000000,0.000000
2408,2021-12-01,sh.000912,32127.3331,32256.3280,31733.7845,31929.8912,31841.3023,342558682,23075363715.0000,0.278220,0.000000,0.000000,0.000000,0.000000
2409,2021-12-02,sh.000912,31999.2419,32168.0236,31846.5943,32064.7341,31929.8912,354176887,21628630622.0000,0.422309,0.000000,0.000000,0.000000,0.000000
2410,2021-12-03,sh.000912,32065.1046,32967.6714,32061.0680,32899.4569,32064.7341,511233841,41384394159.0000,2.603243,0.000000,0.000000,0.000000,0.000000
2411,2021-12-06,sh.000912,33005.6623,33047.0788,32542.7802,32723.2838,32899.4569,434717652,35071826700.0000,-0.535489,0.000000,0.000000,0.000000,0.000000
2412,2021-12-07,sh.000912,32838.2239,33157.6951,32609.1284,32715.2605,32723.2838,488878753,38924078514.0000,-0.024519,0.000000,0.000000,0.000000,0.000000
2413,2021-12-08,sh.000912,32806.5013,33936.6253,32584.8546,33891.8127,32715.2605,543018825,51405312369.0000,3.596341,0.000000,0.000000,0.000000,0.000000
2414,2021-12-09,sh.000912,34016.8046,34972.7775,33859.5592,34496.0822,33891.8127,573963652,55231706665.0000,1.782937,0.000000,0.000000,0.000000,0.000000
2415,2021-12-10,sh.000912,34226.9415,34544.7009,34035.7329,34424.4032,34496.0822,514530072,40511929245.0000,-0.207789,0.000000,0.000000,0.000000,0.000000
2416,2021-12-13,sh.000912,34995.4424,35489.5878,34671.1283,34690.3208,34424.4032,446059013,48400425039.0000,0.772468,0.000000,0.000000,0.000000,0.000000
2417,2021-12-14,sh.000912,34605.9401,35158.3884,34414.5755,34903.6343,34690.3208,340497194,34443374378.0000,0.614908,0.000000,0.000000,0.000000,0.000000
2418,2021-12-15,sh.000912,34756.4787,34928.3672,34325.0071,34430.3684,34903.6343,323650241,30300427556.0000,-1.355922,0.000000,0.000000,0.000000,0.000000
2419,2021-12-16,sh.000912,34230.6180,34351.6467,33643.8766,34113.5293,34430.3684,400511857,38703976895.0000,-0.920232,0.000000,0.000000,0.000000,0.000000
2420,2021-12-17,sh.000912,33906.5566,33936.3801,33128.4469,33231.6724,34113.5293,316032247,33667052280.0000,-2.585065,0.000000,0.000000,0.000000,0.000000
2421,2021-12-20,sh.000912,33161.4133,33695.0922,33150.7921,33306.1611,33231.6724,311167330,26984096814.0000,0.224150,0.000000,0.000000,0.000000,0.000000
2422,2021-12-21,sh.000912,33235.2007,33493.6331,32796.4313,33098.8145,33306.1611,286904532,24948295837.0000,-0.622547,0.000000,0.000000,0.000000,0.000000
2423,2021-12-22,sh.000912,33149.5777,33455.3682,33096.8094,33288.1873,33098.8145,355515174,22741420704.0000,0.572144,0.000000,0.000000,0.000000,0.000000
2424,2021-12-23,sh.000912,33387.6775,34129.8052,33115.4380,34129.8052,33288.1873,465607107,35474401891.0000,2.528278,0.000000,0.000000,0.000000,0.000000
2425,2021-12-24,sh.000912,34285.4605,35065.7697,34285.4605,34918.9288,34129.8052,439800535,41788654420.0000,2.312125,0.000000,0.000000,0.000000,0.000000
2426,2021-12-27,sh.000912,34715.0215,34796.4697,34174.1070,34464.7417,34918.9288,376386703,32435788968.0000,-1.300690,0.000000,0.000000,0.000000,0.000000
2427,2021-12-28,sh.000912,34457.5379,34802.0377,34306.2169,34536.7672,34464.7417,319623015,27208493909.0000,0.208983,0.000000,0.000000,0.000000,0.000000
2428,2021-12-29,sh.000912,34644.5675,34686.8577,33147.8354,33160.7573,34536.7672,331976624,39308269440.0000,-3.984188,0.000000,0.000000,0.000000,0.000000
2429,2021-12-30,sh.000912,33170.7942,33688.7638,33048.4785,33522.1222,33160.7573,239655390,26952309364.0000,1.089737,0.000000,0.000000,0.000000,0.000000
2430,2021-12-31,sh.000912,33482.0627,33485.0540,33036.3569,33299.4667,33522.1222,379974964,28884356369.0000,-0.664205,0.000000,0.000000,0.000000,0.000000
2431,2022-01-04,sh.000912,33312.6640,33535.9445,32910.0079,33481.2853,33299.4667,660679656,36506011456.0000,0.546011,0.000000,0.000000,0.000000,0.000000
2432,2022-01-05,sh.000912,33402.8383,33875.3517,33251.8259,33384.3181,33481.2853,707117291,37508295143.0000,-0.289616,0.000000,0.000000,0.000000,0.000000
2433,2022-01-06,sh.000912,33311.2534,33464.1603,32278.0278,32748.4468,33384.3181,506567112,36710423989.0000,-1.904701,0.000000,0.000000,0.000000,0.000000
2434,2022-01-07,sh.000912,32675.3825,32812.3113,32219.4152,32255.6370,32748.4468,371412724,26150950692.0000,-1.504834,0.000000,0.000000,0.000000,0.000000
2435,2022-01-10,sh.000912,31973.6978,32669.1578,31758.7153,32540.2835,32255.6370,640378168,34779107152.0000,0.882471,0.000000,0.000000,0.000000,0.000000
2436,2022-01-11,sh.000912,32358.2925,32471.5764,31934.5552,31956.8839,32540.2835,466322902,26582454749.0000,-1.792853,0.000000,0.000000,0.000000,0.000000
2437,2022-01-12,sh.000912,32047.4103,32363.3682,31995.7449,32295.9885,31956.8839,396029158,26713270095.0000,1.061132,0.000000,0.000000,0.000000,0.000000
2438,2022-01-13,sh.000912,32302.4633,32356.9087,31029.5006,31120.9585,32295.9885,414802650,35708277811.0000,-3.638316,0.000000,0.000000,0.000000,0.000000
2439,2022-01-14,sh.000912,31045.4511,31352.8170,30848.3239,30868.8734,31120.9585,395380856,25089788163.0000,-0.810017,0.000000,0.000000,0.000000,0.000000
2440,2022-01-17,sh.000912,30861.2064,31012.2281,30417.8300,30942.4261,30868.8734,339809145,22677572584.0000,0.238275,0.000000,0.000000,0.000000,0.000000
2441,2022-01-18,sh.000912,30935.1058,31503.5384,30772.1923,31358.7726,30942.4261,341377882,25608034552.0000,1.345552,0.000000,0.000000,0.000000,0.000000
2442,2022-01-19,sh.000912,31601.1693,31601.1693,31075.6375,31329.1625,31358.7726,305654454,22523078076.0000,-0.094424,0.000000,0.000000,0.000000,0.000000
2443,2022-01-20,sh.000912,31361.7776,32177.6643,31358.9331,32060.2316,31329.1625,449501183,29928242283.0000,2.333510,0.000000,0.000000,0.000000,0.000000
2444,2022-01-21,sh.000912,31903.0706,32393.1675,31748.9452,32212.8307,32060.2316,360039319,28236122898.0000,0.475976,0.000000,0.000000,0.000000,0.000000
2445,2022-01-24,sh.000912,31892.3942,32298.5802,31606.1045,31784.1362,32212.8307,271123088,21260812896.0000,-1.330819,0.000000,0.000000,0.000000,0.000000
2446,2022-01-25,sh.000912,31651.8040,31896.4126,31230.2668,31248.4619,31784.1362,277147547,21476119966.0000,-1.685351,0.000000,0.000000,0.000000,0.000000
2447,2022-01-26,sh.000912,31252.3260,31698.5555,30954.7986,31512.7003,31248.4619,279530210,24893646494.0000,0.845604,0.000000,0.000000,0.000000,0.000000
2448,2022-01-27,sh.000912,31818.5916,32103.2330,31171.9349,31245.2900,31512.7003,291186934,26720452423.0000,-0.848579,0.000000,0.000000,0.000000,0.000000
2449,2022-01-28,sh.000912,31235.0635,31423.3037,30484.5434,30552.8506,31245.2900,362577963,29353982086.0000,-2.216140,0.000000,0.000000,0.000000,0.000000
2450,2022-02-07,sh.000912,30842.4169,31008.8278,30236.8248,30446.8057,30552.8506,376890639,30001875632.0000,-0.347087,0.000000,0.000000,0.000000,0.000000
2451,2022-02-08,sh.000912,30415.9201,30426.6458,29334.1817,29958.3471,30446.8057,305346270,28410344332.0000,-1.604302,0.000000,0.000000,0.000000,0.000000
2452,2022-02-09,sh.000912,29903.3994,31069.2720,29903.3994,30960.0955,29958.3471,588034244,33245876064.0000,3.343804,0.000000,0.000000,0.000000,0.000000
2453,2022-02-10,sh.000912,30969.6277,31054.8237,30689.3772,30918.7025,30960.0955,604825071,29169627877.0000,-0.133698,0.000000,0.000000,0.000000,0.000000
2454,2022-02-11,sh.000912,30787.0421,31346.3800,30647.9911,30729.9696,30918.7025,436597947,29454211622.0000,-0.610417,0.000000,0.000000,0.000000,0.000000
2455,2022-02-14,sh.000912,30555.1138,31132.8970,30545.6976,30990.8373,30729.9696,369063466,24151203106.0000,0.848903,0.000000,0.000000,0.000000,0.000000
2456,2022-02-15,sh.000912,31032.4218,31453.7887,30944.3784,31285.8710,30990.8373,306190666,22503853731.0000,0.952003,0.000000,0.000000,0.000000,0.000000
2457,2022-02-16,sh.000912,31372.2092,31426.6372,31165.1286,31294.0954,31285.8710,291954951,17948138076.0000,0.026288,0.000000,0.000000,0.000000,0.000000
2458,2022-02-17,sh.000912,31348.4579,31435.3550,31124.9853,31233.8961,31294.0954,309784905,18709298560.0000,-0.192366,0.000000,0.000000,0.000000,0.000000
2459,2022-02-18,sh.000912,31082.9991,31466.9716,30913.2596,31464.7361,31233.8961,261286648,16143180388.0000,0.739069,0.000000,0.000000,0.000000,0.000000
2460,2022-02-21,sh.000912,31392.9606,31680.0083,31105.6586,31257.5530,31464.7361,258835499,17351758111.0000,-0.658461,0.000000,0.000000,0.000000,0.000000
2461,2022-02-22,sh.000912,31030.7053,31030.7053,30235.6317,30441.2320,31257.5530,252335494,23873165135.0000,-2.611596,0.000000,0.000000,0.000000,0.000000
2462,2022-02-23,sh.000912,30526.8598,30617.4958,30240.4668,30549.8068,30441.2320,322323819,20451196539.0000,0.356670,0.000000,0.000000,0.000000,0.000000
2463,2022-02-24,sh.000912,30291.8945,30371.5688,29325.0240,29589.3334,30549.8068,424203832,33124096302.0000,-3.143959,0.000000,0.000000,0.000000,0.000000
2464,2022-02-25,sh.000912,29763.1376,30180.6425,29763.1376,29968.8650,29589.3334,264941614,20642501740.0000,1.282664,0.000000,0.000000,0.000000,0.000000
2465,2022-02-28,sh.000912,29853.2720,29955.5987,29518.6507,29952.6084,29968.8650,225874145,17477168774.0000,-0.054245,0.000000,0.000000,0.000000,0.000000
2466,2022-03-01,sh.000912,30102.9328,30896.7417,30102.9328,30876.2933,29952.6084,498122430,31308549526.0000,3.083821,0.000000,0.000000,0.000000,0.000000
2467,2022-03-02,sh.000912,30604.0921,30676.3999,30344.8173,30566.2185,30876.2933,386770234,19354597013.0000,-1.004249,0.000000,0.000000,0.000000,0.000000
2468,2022-03-03,sh.000912,30578.2760,30634.0628,29853.4930,29854.1185,30566.2185,312539563,24100425893.0000,-2.329696,0.000000,0.000000,0.000000,0.000000
2469,2022-03-04,sh.000912,29542.0572,29861.3573,29395.3921,29578.0417,29854.1185,325682595,22948839969.0000,-0.924753,0.000000,0.000000,0.000000,0.000000
2470,2022-03-07,sh.000912,29325.2457,29325.2457,28226.3652,28316.3712,29578.0417,438795139,33974502088.0000,-4.265565,0.000000,0.000000,0.000000,0.000000
2471,2022-03-08,sh.000912,28856.4889,29161.5642,28190.1606,28327.8648,28316.3712,411723612,32574508100.0000,0.040590,0.000000,0.000000,0.000000,0.000000
2472,2022-03-09,sh.000912,28420.3034,28906.5144,27384.6432,28380.4275,28327.8648,434384244,33604389136.0000,0.185551,0.000000,0.000000,0.000000,0.000000
2473,2022-03-10,sh.000912,29034.4206,29199.9128,28840.3007,28984.2486,28380.4275,338600901,28480858640.0000,2.127597,0.000000,0.000000,0.000000,0.000000
2474,2022-03-11,sh.000912,28583.5677,29003.6607,28144.0116,28916.9821,28984.2486,406014399,28546628519.0000,-0.232080,0.000000,0.000000,0.000000,0.000000
2475,2022-03-14,sh.000912,28395.4307,28395.4307,27674.3477,27674.3477,28916.9821,363213563,28175626170.0000,-4.297248,0.000000,0.000000,0.000000,0.000000
2476,2022-03-15,sh.000912,27077.6049,27431.9602,26211.4224,26211.4224,27674.3477,454971970,37119247983.0000,-5.286214,0.000000,0.000000,0.000000,0.000000
2477,2022-03-16,sh.000912,26683.7603,27288.9044,25825.1313,27189.6581,26211.4224,455910053,36276661343.0000,3.732097,0.000000,0.000000,0.000000,0.000000
2478,2022-03-17,sh.000912,27730.1317,28482.5595,27730.1317,28002.4060,27189.6581,419958510,35614590132.0000,2.989180,0.000000,0.000000,0.000000,0.000000
2479,2022-03-18,sh.000912,27887.8405,28299.9305,27637.0715,27998.2222,28002.4060,336464193,23536139879.0000,-0.014941,0.000000,0.000000,0.000000,0.000000
2480,2022-03-21,sh.000912,28196.8947,28198.6039,27720.7880,27901.7517,27998.2222,333185242,19561685055.0000,-0.344559,0.000000,0.000000,0.000000,0.000000
2481,2022-03-22,sh.000912,28037.4778,28080.1834,27734.2207,27834.6321,27901.7517,328980704,16233153189.0000,-0.240557,0.000000,0.000000,0.000000,0.000000
2482,2022-03-23,sh.000912,27939.3037,28479.1064,27790.6896,28273.7586,27834.6321,297515840,24203836736.0000,1.577626,0.000000,0.000000,0.000000,0.000000
2483,2022-03-24,sh.000912,28053.6254,28053.6254,27685.0047,27783.5110,28273.7586,276533692,18173219065.0000,-1.733931,0.000000,0.000000,0.000000,0.000000
2484,2022-03-25,sh.000912,27788.3149,27950.1182,27195.4226,27238.5759,27783.5110,383852415,22112262375.0000,-1.961362,0.000000,0.000000,0.000000,0.000000
2485,2022-03-28,sh.000912,26555.2119,26797.0013,26182.0959,26678.4021,27238.5759,414973515,29161166525.0000,-2.056546,0.000000,0.000000,0.000000,0.000000
2486,2022-03-29,sh.000912,26672.6001,27087.7654,26672.6001,26723.2813,26678.4021,483364334,22210260769.0000,0.168223,0.000000,0.000000,0.000000,0.000000
2487,2022-03-30,sh.000912,27054.7654,27701.8298,27008.0846,27701.8298,26723.2813,477036719,27536209228.0000,3.661783,0.000000,0.000000,0.000000,0.000000
2488,2022-03-31,sh.000912,27551.2621,27746.4765,27385.4667,27507.6047,27701.8298,336862060,17871020241.0000,-0.701127,0.000000,0.000000,0.000000,0.000000
2489,2022-04-01,sh.000912,27557.0634,28438.3746,27462.0298,28186.0523,27507.6047,360870249,25045836987.0000,2.466400,0.000000,0.000000,0.000000,0.000000
2490,2022-04-06,sh.000912,27848.3648,28291.4717,27731.2783,27898.7153,28186.0523,338987966,19203498352.0000,-1.019430,0.000000,0.000000,0.000000,0.000000
2491,2022-04-07,sh.000912,27742.2388,28135.2378,27601.1285,27730.9009,27898.7153,329024475,17139067659.0000,-0.601513,0.000000,0.000000,0.000000,0.000000
2492,2022-04-08,sh.000912,27776.2988,27903.5368,27648.7729,27774.3388,27730.9009,291004163,16746878268.0000,0.156641,0.000000,0.000000,0.000000,0.000000
2493,2022-04-11,sh.000912,27585.5847,27587.9961,26885.1880,27021.1400,27774.3388,394059602,25739005197.0000,-2.711851,0.000000,0.000000,0.000000,0.000000
2494,2022-04-12,sh.000912,27141.0499,28174.2791,27028.4019,28157.7689,27021.1400,358595696,28082122735.0000,4.206443,0.000000,0.000000,0.000000,0.000000
2495,2022-04-13,sh.000912,27922.2063,28303.7858,27777.9373,27929.6901,28157.7689,341953588,24094837049.0000,-0.810003,0.000000,0.000000,0.000000,0.000000
2496,2022-04-14,sh.000912,28172.5836,29182.6467,28054.6354,28886.1104,27929.6901,394435705,32364103701.0000,3.424386,0.000000,0.000000,0.000000,0.000000
2497,2022-04-15,sh.000912,28695.1180,28996.8504,28551.5935,28767.8156,28886.1104,350669450,22013339651.0000,-0.409521,0.000000,0.000000,0.000000,0.000000
2498,2022-04-18,sh.000912,28495.8732,28725.6656,28298.6096,28723.4500,28767.8156,424759043,20244927052.0000,-0.154220,0.000000,0.000000,0.000000,0.000000
2499,2022-04-19,sh.000912,28831.0832,29245.0812,28473.8922,28657.6274,28723.4500,481615058,22965311641.0000,-0.229160,0.000000,0.000000,0.000000,0.000000
2500,2022-04-20,sh.000912,28710.2269,29257.0229,28349.2732,28822.1391,28657.6274,447286656,25351220468.0000,0.574059,0.000000,0.000000,0.000000,0.000000
2501,2022-04-21,sh.000912,28649.3630,28978.9514,28275.1157,28402.5024,28822.1391,404674001,22812754051.0000,-1.455953,0.000000,0.000000,0.000000,0.000000
2502,2022-04-22,sh.000912,28199.4698,28621.4121,27955.0116,28395.5204,28402.5024,332057763,21034862080.0000,-0.024582,0.000000,0.000000,0.000000,0.000000
2503,2022-04-25,sh.000912,27970.8982,28420.5780,27261.2957,27303.4277,28395.5204,472978392,31361419145.0000,-3.846003,0.000000,0.000000,0.000000,0.000000
2504,2022-04-26,sh.000912,27314.1742,28095.4116,27297.2899,27673.4002,27303.4277,444018510,29958421618.0000,1.355040,0.000000,0.000000,0.000000,0.000000
2505,2022-04-27,sh.000912,27867.2094,28582.4394,27867.2094,28501.9812,27673.4002,460131928,32950877137.0000,2.994142,0.000000,0.000000,0.000000,0.000000
2506,2022-04-28,sh.000912,28423.8657,28946.6741,28363.1837,28867.8117,28501.9812,386735413,29374167975.0000,1.283527,0.000000,0.000000,0.000000,0.000000
2507,2022-04-29,sh.000912,28987.5396,29094.1676,28400.1993,28694.6861,28867.8117,568064675,37604978647.0000,-0.599718,0.000000,0.000000,0.000000,0.000000
2508,2022-05-05,sh.000912,28692.4607,29200.8016,28635.7671,28709.4437,28694.6861,454535010,30090343252.0000,0.051430,0.000000,0.000000,0.000000,0.000000
2509,2022-05-06,sh.000912,28284.9727,28287.6421,27778.3722,27928.4042,28709.4437,310948602,21533859978.0000,-2.720497,0.000000,0.000000,0.000000,0.000000
2510,2022-05-09,sh.000912,27678.1110,27793.6079,27228.7397,27509.8438,27928.4042,286353695,20298029109.0000,-1.498691,0.000000,0.000000,0.000000,0.000000
2511,2022-05-10,sh.000912,27063.1754,27968.0763,26896.0415,27830.1046,27509.8438,345849748,24266303920.0000,1.164168,0.000000,0.000000,0.000000,0.000000
2512,2022-05-11,sh.000912,27739.4734,28204.9505,27694.7863,27944.1919,27830.1046,414870754,25686227111.0000,0.409942,0.000000,0.000000,0.000000,0.000000
2513,2022-05-12,sh.000912,27763.7848,28207.4100,27690.4777,27953.9794,27944.1919,335351293,19127725357.0000,0.035025,0.000000,0.000000,0.000000,0.000000
2514,2022-05-13,sh.000912,28145.6434,28246.7609,27759.7867,27943.9351,27953.9794,324639413,17452573756.0000,-0.035932,0.000000,0.000000,0.000000,0.000000
2515,2022-05-16,sh.000912,28144.1310,28158.1915,27510.6466,27683.0100,27943.9351,444871499,21520162797.0000,-0.933745,0.000000,0.000000,0.000000,0.000000
2516,2022-05-17,sh.000912,27762.2063,27872.9235,27594.4997,27797.9187,27683.0100,327791536,16201533016.0000,0.415087,0.000000,0.000000,0.000000,0.000000
2517,2022-05-18,sh.000912,27829.1542,27833.7301,27324.4811,27651.2443,27797.9187,297970394,17961540383.0000,-0.527645,0.000000,0.000000,0.000000,0.000000
2518,2022-05-19,sh.000912,27302.1092,27420.6664,27238.3633,27401.3165,27651.2443,325235308,16982344615.0000,-0.903857,0.000000,0.000000,0.000000,0.000000
2519,2022-05-20,sh.000912,27488.3945,28239.4466,27459.0655,28224.0946,27401.3165,407622769,30994603975.0000,3.002696,0.000000,0.000000,0.000000,0.000000
2520,2022-05-23,sh.000912,28200.2093,28215.5578,27804.2312,27927.8555,28224.0946,395209515,21174137362.0000,-1.049596,0.000000,0.000000,0.000000,0.000000
2521,2022-05-24,sh.000912,27968.4905,27981.6745,27500.6190,27522.2532,27927.8555,340878056,19406285837.0000,-1.452322,0.000000,0.000000,0.000000,0.000000
2522,2022-05-25,sh.000912,27556.3892,27680.3810,27353.6572,27549.4739,27522.2532,311950637,19569721537.0000,0.098904,0.000000,0.000000,0.000000,0.000000
2523,2022-05-26,sh.000912,27578.1374,27696.7333,27198.9564,27438.0103,27549.4739,308176923,20701638305.0000,-0.404594,0.000000,0.000000,0.000000,0.000000
2524,2022-05-27,sh.000912,27672.9483,27986.5763,27479.8986,27539.9116,27438.0103,267754170,18674013293.0000,0.371387,0.000000,0.000000,0.000000,0.000000
2525,2022-05-30,sh.000912,27752.0039,28263.1173,27752.0039,28103.2352,27539.9116,372593181,31040086815.0000,2.045481,0.000000,0.000000,0.000000,0.000000
2526,2022-05-31,sh.000912,28067.8245,28852.9448,27943.1101,28747.3522,28103.2352,481073253,36009421436.0000,2.291967,0.000000,0.000000,0.000000,0.000000
2527,2022-06-01,sh.000912,28706.8578,28758.5589,28288.0987,28448.2089,28747.3522,361104359,21444511633.0000,-1.040594,0.000000,0.000000,0.000000,0.000000
2528,2022-06-02,sh.000912,28323.0158,28373.0019,28195.1583,28283.9302,28448.2089,276755661,15969735474.0000,-0.577466,0.000000,0.000000,0.000000,0.000000
2529,2022-06-06,sh.000912,28289.4931,28438.9313,27778.7823,28438.9313,28283.9302,402343889,27250252293.0000,0.548018,0.000000,0.000000,0.000000,0.000000
2530,2022-06-07,sh.000912,28382.3122,29075.3038,28253.2706,28910.4247,28438.9313,415399971,28027472936.0000,1.657915,0.000000,0.000000,0.000000,0.000000
2531,2022-06-08,sh.000912,28971.8645,29726.5586,28917.3438,29492.2959,28910.4247,456577628,32346929341.0000,2.012669,0.000000,0.000000,0.000000,0.000000
2532,2022-06-09,sh.000912,29526.5356,29734.6840,29166.6862,29215.3420,29492.2959,536984448,26002963026.0000,-0.939072,0.000000,0.000000,0.000000,0.000000
2533,2022-06-10,sh.000912,29068.7539,29743.3590,28937.1809,29675.5142,29215.3420,506287443,28827358892.0000,1.575105,0.000000,0.000000,0.000000,0.000000
2534,2022-06-13,sh.000912,29433.4674,29511.6466,29014.5947,29195.4841,29675.5142,398833913,29169161559.0000,-1.617597,0.000000,0.000000,0.000000,0.000000
2535,2022-06-14,sh.000912,28896.1234,29522.4882,28871.1045,29516.6753,29195.4841,387946944,24538854615.0000,1.100140,0.000000,0.000000,0.000000,0.000000
2536,2022-06-15,sh.000912,29509.6398,30134.8483,29377.2288,29734.3824,29516.6753,423105093,31143840634.0000,0.737573,0.000000,0.000000,0.000000,0.000000
2537,2022-06-16,sh.000912,29912.6102,30180.5433,29735.7145,29827.9719,29734.3824,396361060,25076483720.0000,0.314752,0.000000,0.000000,0.000000,0.000000
2538,2022-06-17,sh.000912,29711.2691,30556.5360,29711.2691,30539.7119,29827.9719,324257115,29823092543.0000,2.386149,0.000000,0.000000,0.000000,0.000000
2539,2022-06-20,sh.000912,30616.5304,31081.9350,30402.5223,30710.8507,30539.7119,372068746,30160538203.0000,0.560381,0.000000,0.000000,0.000000,0.000000
2540,2022-06-21,sh.000912,30707.4376,31026.2988,30454.8463,30679.7918,30710.8507,304782789,23279205216.0000,-0.101133,0.000000,0.000000,0.000000,0.000000
2541,2022-06-22,sh.000912,30767.5532,30796.0465,30463.0542,30513.3755,30679.7918,346049707,22119167619.0000,-0.542430,0.000000,0.000000,0.000000,0.000000
2542,2022-06-23,sh.000912,30589.7111,30859.0737,30440.0149,30788.8640,30513.3755,266617277,20903516451.0000,0.902845,0.000000,0.000000,0.000000,0.000000
2543,2022-06-24,sh.000912,30927.8919,31471.4996,30804.7844,31327.0880,30788.8640,328481848,29702582343.0000,1.748113,0.000000,0.000000,0.000000,0.000000
2544,2022-06-27,sh.000912,31523.0444,32290.0477,31523.0444,31989.4312,31327.0880,464041489,38232455270.0000,2.114283,0.000000,0.000000,0.000000,0.000000
2545,2022-06-28,sh.000912,32054.2682,32338.6773,31855.4427,32278.6108,31989.4312,379779883,28466346382.0000,0.903985,0.000000,0.000000,0.000000,0.000000
2546,2022-06-29,sh.000912,32120.7177,32237.4444,31605.6257,31779.5405,32278.6108,442803120,31181760657.0000,-1.546133,0.000000,0.000000,0.000000,0.000000
2547,2022-06-30,sh.000912,31635.3992,32838.4700,31635.3992,32439.6762,31779.5405,402088855,37823510774.0000,2.077235,0.000000,0.000000,0.000000,0.000000
2548,2022-07-01,sh.000912,32513.4828,32660.2701,31987.3727,32272.5959,32439.6762,303982030,24984470621.0000,-0.515049,0.000000,0.000000,0.000000,0.000000
2549,2022-07-04,sh.000912,32191.8683,32486.2623,31932.2601,32485.1607,32272.5959,598412611,34943713695.0000,0.658654,0.000000,0.000000,0.000000,0.000000
2550,2022-07-05,sh.000912,32598.3480,32862.2360,32071.6572,32505.2335,32485.1607,543776754,35217683642.0000,0.061791,0.000000,0.000000,0.000000,0.000000
2551,2022-07-06,sh.000912,32341.8204,32417.7213,31680.3006,31870.7998,32505.2335,404088044,31298713612.0000,-1.951789,0.000000,0.000000,0.000000,0.000000
2552,2022-07-07,sh.000912,31880.7869,32006.3178,31460.4876,31753.4777,31870.7998,404527804,27103477198.0000,-0.368118,0.000000,0.000000,0.000000,0.000000
2553,2022-07-08,sh.000912,31982.1329,32138.8747,31751.6011,31899.5372,31753.4777,346841727,22412706886.0000,0.459980,0.000000,0.000000,0.000000,0.000000
2554,2022-07-11,sh.000912,31676.4165,31733.0693,31189.6578,31493.7280,31899.5372,420558824,27081905896.0000,-1.272148,0.000000,0.000000,0.000000,0.000000
2555,2022-07-12,sh.000912,31473.2407,31681.0646,30987.2144,31239.5350,31493.7280,341797016,22334154780.0000,-0.807123,0.000000,0.000000,0.000000,0.000000
2556,2022-07-13,sh.000912,31238.3209,31594.2337,31128.6149,31401.4257,31239.5350,300568052,21324501091.0000,0.518224,0.000000,0.000000,0.000000,0.000000
2557,2022-07-14,sh.000912,31333.3372,31540.8034,31068.5016,31230.8438,31401.4257,259721312,19021425879.0000,-0.543230,0.000000,0.000000,0.000000,0.000000
2558,2022-07-15,sh.000912,31112.8835,31889.0703,31075.6938,31108.4167,31230.8438,314528926,26796271547.0000,-0.392007,0.000000,0.000000,0.000000,0.000000
2559,2022-07-18,sh.000912,31093.9567,31173.1655,30489.5805,31030.6744,31108.4167,301751421,23260384224.0000,-0.249908,0.000000,0.000000,0.000000,0.000000
2560,2022-07-19,sh.000912,30929.4549,31101.6716,30650.7517,30996.5619,31030.6744,253872735,18209597574.0000,-0.109932,0.000000,0.000000,0.000000,0.000000
2561,2022-07-20,sh.000912,31202.4647,31330.4354,30987.4251,31095.0814,30996.5619,291203717,20778676580.0000,0.317840,0.000000,0.000000,0.000000,0.000000
2562,2022-07-21,sh.000912,31000.1257,31158.0769,30840.5392,30875.9256,31095.0814,232604022,16463859600.0000,-0.704792,0.000000,0.000000,0.000000,0.000000
2563,2022-07-22,sh.000912,30960.6401,31164.4840,30646.7391,30836.8349,30875.9256,206076124,17471660525.0000,-0.126606,0.000000,0.000000,0.000000,0.000000
2564,2022-07-25,sh.000912,30850.2796,30982.5583,30555.2134,30917.5522,30836.8349,205425156,15476642409.0000,0.261756,0.000000,0.000000,0.000000,0.000000
2565,2022-07-26,sh.000912,31037.9651,31355.7745,31037.4888,31102.8756,30917.5522,210676013,17538237397.0000,0.599412,0.000000,0.000000,0.000000,0.000000
2566,2022-07-27,sh.000912,30976.9370,31044.5998,30649.1515,30699.1596,31102.8756,188055312,16646381764.0000,-1.298002,0.000000,0.000000,0.000000,0.000000
2567,2022-07-28,sh.000912,30780.7597,31024.1983,30474.4380,30517.6330,30699.1596,266374660,20275963888.0000,-0.591308,0.000000,0.000000,0.000000,0.000000
2568,2022-07-29,sh.000912,30433.1359,30667.5324,29957.4880,30157.6486,30517.6330,396301382,32113697836.0000,-1.179595,0.000000,0.000000,0.000000,0.000000
2569,2022-08-01,sh.000912,30106.7396,30412.4097,30000.9452,30181.8873,30157.6486,289575945,23180545445.0000,0.080373,0.000000,0.000000,0.000000,0.000000
2570,2022-08-02,sh.000912,29942.2820,30175.7930,29653.2590,29879.6511,30181.8873,300046441,25514609965.0000,-1.001383,0.000000,0.000000,0.000000,0.000000
2571,2022-08-03,sh.000912,29989.4964,30228.0393,29703.2496,29753.0873,29879.6511,229698064,19338827339.0000,-0.423579,0.000000,0.000000,0.000000,0.000000
2572,2022-08-04,sh.000912,29845.7259,30282.5365,29783.1882,30216.5347,29753.0873,184423442,18770352986.0000,1.557645,0.000000,0.000000,0.000000,0.000000
2573,2022-08-05,sh.000912,30379.5485,30461.9312,30101.3031,30418.4442,30216.5347,208762911,16506805898.0000,0.668209,0.000000,0.000000,0.000000,0.000000
2574,2022-08-08,sh.000912,30288.5686,30617.2647,30178.1318,30210.6059,30418.4442,212350645,16272244930.0000,-0.683264,0.000000,0.000000,0.000000,0.000000
2575,2022-08-09,sh.000912,30149.0683,30166.1770,29954.3486,30056.7636,30210.6059,247150267,15285896224.0000,-0.509233,0.000000,0.000000,0.000000,0.000000
2576,2022-08-10,sh.000912,30025.4188,30170.2649,29376.0039,29553.2650,30056.7636,206921321,19226204611.0000,-1.675159,0.000000,0.000000,0.000000,0.000000
2577,2022-08-11,sh.000912,29691.7623,30030.4832,29602.8820,30030.4832,29553.2650,197613628,18078114816.0000,1.614773,0.000000,0.000000,0.000000,0.000000
2578,2022-08-12,sh.000912,30031.5782,30342.0030,29903.9306,30288.3420,30030.4832,161705899,14830890184.0000,0.858657,0.000000,0.000000,0.000000,0.000000
2579,2022-08-15,sh.000912,30153.6754,30390.4443,29951.5578,30035.6614,30288.3420,217259302,17078997070.0000,-0.834250,0.000000,0.000000,0.000000,0.000000
2580,2022-08-16,sh.000912,30065.9075,30213.9923,29971.1125,30034.9061,30035.6614,237136193,16815228500.0000,-0.002515,0.000000,0.000000,0.000000,0.000000
2581,2022-08-17,sh.000912,30131.1080,30192.3023,29746.0386,30133.7755,30034.9061,217760883,17075254784.0000,0.329182,0.000000,0.000000,0.000000,0.000000
2582,2022-08-18,sh.000912,29973.2618,30023.8661,29537.1266,29677.9248,30133.7755,233535643,21346935072.0000,-1.512757,0.000000,0.000000,0.000000,0.000000
2583,2022-08-19,sh.000912,29608.1742,30081.3753,29565.2827,29848.4770,29677.9248,309544740,18398797996.0000,0.574677,0.000000,0.000000,0.000000,0.000000
2584,2022-08-22,sh.000912,29695.6201,30102.4731,29695.6201,29899.8092,29848.4770,241771182,16569883031.0000,0.171976,0.000000,0.000000,0.000000,0.000000
2585,2022-08-23,sh.000912,29917.3785,29961.5047,29512.3600,29551.9859,29899.8092,265401371,20408092691.0000,-1.163296,0.000000,0.000000,0.000000,0.000000
2586,2022-08-24,sh.000912,29536.8200,29685.1811,29329.3701,29357.6189,29551.9859,277057963,18777833131.0000,-0.657712,0.000000,0.000000,0.000000,0.000000
2587,2022-08-25,sh.000912,29444.8323,29884.9715,29415.5854,29874.0269,29357.6189,275431145,21152433454.0000,1.759025,0.000000,0.000000,0.000000,0.000000
2588,2022-08-26,sh.000912,30105.8884,30419.0622,30001.6301,30125.9652,29874.0269,281688878,27014360696.0000,0.843336,0.000000,0.000000,0.000000,0.000000
2589,2022-08-29,sh.000912,30007.9298,30291.3740,29710.1467,29779.7083,30125.9652,273187654,23766510377.0000,-1.149364,0.000000,0.000000,0.000000,0.000000
2590,2022-08-30,sh.000912,29771.9556,29776.2136,29382.2806,29704.8365,29779.7083,229929819,18670371417.0000,-0.251419,0.000000,0.000000,0.000000,0.000000
2591,2022-08-31,sh.000912,29538.4743,30339.9999,29536.2839,30206.6173,29704.8365,328372318,31072044260.0000,1.689223,0.000000,0.000000,0.000000,0.000000
2592,2022-09-01,sh.000912,30046.7605,30067.7950,29668.6927,29668.6927,30206.6173,270821532,21597729292.0000,-1.780817,0.000000,0.000000,0.000000,0.000000
2593,2022-09-02,sh.000912,29778.0268,29783.7513,29269.6378,29411.5424,29668.6927,237849376,18974409153.0000,-0.866740,0.000000,0.000000,0.000000,0.000000
2594,2022-09-05,sh.000912,29222.3443,29237.3372,28662.5017,28918.3982,29411.5424,268245714,24201423831.0000,-1.676703,0.000000,0.000000,0.000000,0.000000
2595,2022-09-06,sh.000912,28949.3795,29136.4402,28772.2100,29028.2567,28918.3982,206944678,17421091928.0000,0.379891,0.000000,0.000000,0.000000,0.000000
2596,2022-09-07,sh.000912,28881.2954,28881.2954,28544.8624,28622.6790,29028.2567,240230549,19671923874.0000,-1.397182,0.000000,0.000000,0.000000,0.000000
2597,2022-09-08,sh.000912,28676.0743,28917.1670,28590.5348,28599.6573,28622.6790,224890695,16613809821.0000,-0.080432,0.000000,0.000000,0.000000,0.000000
2598,2022-09-09,sh.000912,28716.7120,29058.0685,28575.9705,28993.5530,28599.6573,235422959,20554543768.0000,1.377274,0.000000,0.000000,0.000000,0.000000
2599,2022-09-13,sh.000912,29355.8914,29651.0526,29100.6595,29498.5119,28993.5530,285534535,23957931973.0000,1.741625,0.000000,0.000000,0.000000,0.000000
2600,2022-09-14,sh.000912,29207.4481,29411.2270,29173.4222,29305.2022,29498.5119,180561260,13996586007.0000,-0.655320,0.000000,0.000000,0.000000,0.000000
2601,2022-09-15,sh.000912,29300.8861,29644.3805,29235.5711,29391.3990,29305.2022,263658835,20981668269.0000,0.294135,0.000000,0.000000,0.000000,0.000000
2602,2022-09-16,sh.000912,29285.8106,29477.4546,28895.2362,28911.2920,29391.3990,243079996,18855730673.0000,-1.633495,0.000000,0.000000,0.000000,0.000000
2603,2022-09-19,sh.000912,28897.6888,29485.1369,28820.0842,29168.1401,28911.2920,242202672,19044695769.0000,0.888401,0.000000,0.000000,0.000000,0.000000
2604,2022-09-20,sh.000912,29225.8908,29404.8363,28960.4455,29286.9532,29168.1401,231911249,16778632790.0000,0.407339,0.000000,0.000000,0.000000,0.000000
2605,2022-09-21,sh.000912,29220.9561,29333.2675,28804.3106,28804.3106,29286.9532,245940922,17074256229.0000,-1.647978,0.000000,0.000000,0.000000,0.000000
2606,2022-09-22,sh.000912,28629.3203,28729.7820,28363.8557,28383.6417,28804.3106,193508555,15453095446.0000,-1.460437,0.000000,0.000000,0.000000,0.000000
2607,2022-09-23,sh.000912,28342.1980,28760.0914,28304.0171,28538.9836,28383.6417,266640507,18575850756.0000,0.547294,0.000000,0.000000,0.000000,0.000000
2608,2022-09-26,sh.000912,28338.0295,29196.7252,28328.6521,28849.8113,28538.9836,265622402,23372626036.0000,1.089134,0.000000,0.000000,0.000000,0.000000
2609,2022-09-27,sh.000912,28933.2927,29636.5925,28661.3196,29566.0121,28849.8113,290239803,26511207210.0000,2.482515,0.000000,0.000000,0.000000,0.000000
2610,2022-09-28,sh.000912,29468.3192,29846.7842,29427.2880,29499.6291,29566.0121,250138122,21526874800.0000,-0.224525,0.000000,0.000000,0.000000,0.000000
2611,2022-09-29,sh.000912,29770.2293,29872.9192,29306.1777,29463.8544,29499.6291,208351069,17949594740.0000,-0.121272,0.000000,0.000000,0.000000,0.000000
2612,2022-09-30,sh.000912,29674.1226,29795.1617,29296.3192,29391.1298,29463.8544,190561152,16361878051.0000,-0.246826,0.000000,0.000000,0.000000,0.000000
2613,2022-10-10,sh.000912,29504.1325,29539.9059,28213.4613,28272.1944,29391.1298,379140969,32425859743.0000,-3.807051,0.000000,0.000000,0.000000,0.000000
2614,2022-10-11,sh.000912,28300.2686,28476.0397,27846.6469,28254.2460,28272.1944,233868451,20195718583.0000,-0.063484,0.000000,0.000000,0.000000,0.000000
2615,2022-10-12,sh.000912,28210.1992,28210.1992,27330.9489,28080.0528,28254.2460,281217371,25550436692.0000,-0.616520,0.000000,0.000000,0.000000,0.000000
2616,2022-10-13,sh.000912,27734.4337,27871.0425,27448.4218,27596.8299,28080.0528,260391935,26661806101.0000,-1.720876,0.000000,0.000000,0.000000,0.000000
2617,2022-10-14,sh.000912,27736.5305,28237.4687,27646.7761,28051.7723,27596.8299,271908954,24778024411.0000,1.648531,0.000000,0.000000,0.000000,0.000000
2618,2022-10-17,sh.000912,27869.8849,27869.8849,27473.1897,27770.9026,28051.7723,226906126,20306966882.0000,-1.001255,0.000000,0.000000,0.000000,0.000000
2619,2022-10-18,sh.000912,27844.9052,28053.1277,27557.0625,27643.3270,27770.9026,226539150,18432362911.0000,-0.459386,0.000000,0.000000,0.000000,0.000000
2620,2022-10-19,sh.000912,27538.8547,27547.5683,26709.7924,26723.1843,27643.3270,273567898,28316525972.0000,-3.328625,0.000000,0.000000,0.000000,0.000000
2621,2022-10-20,sh.000912,26411.2201,27042.5258,26288.6751,26634.2977,26723.1843,288359723,23705840829.0000,-0.332620,0.000000,0.000000,0.000000,0.000000
2622,2022-10-21,sh.000912,26542.6247,26621.4723,26127.0315,26322.6470,26634.2977,219689375,19653586386.0000,-1.170110,0.000000,0.000000,0.000000,0.000000
2623,2022-10-24,sh.000912,25774.9367,25925.0692,24604.7645,24738.5001,26322.6470,353457970,43497224382.0000,-6.018190,0.000000,0.000000,0.000000,0.000000
2624,2022-10-25,sh.000912,24476.1141,25039.6134,24476.1141,24604.6091,24738.5001,307478408,30483311263.0000,-0.541225,0.000000,0.000000,0.000000,0.000000
2625,2022-10-26,sh.000912,24698.8547,25029.1703,24195.5869,24313.2215,24604.6091,447129651,33656671780.0000,-1.184281,0.000000,0.000000,0.000000,0.000000
2626,2022-10-27,sh.000912,24375.1415,24435.3174,23324.5730,23375.4917,24313.2215,413686978,41518790167.0000,-3.856872,0.000000,0.000000,0.000000,0.000000
2627,2022-10-28,sh.000912,23154.3888,23348.5122,22794.7015,22818.6255,23375.4917,448495111,35801939049.0000,-2.382265,0.000000,0.000000,0.000000,0.000000
2628,2022-10-31,sh.000912,22532.0326,22903.8448,22225.0857,22494.2406,22818.6255,372289211,27768254501.0000,-1.421579,0.000000,0.000000,0.000000,0.000000
2629,2022-11-01,sh.000912,22663.2199,24085.4874,22659.8627,24038.2702,22494.2406,428802226,43101229039.0000,6.864111,0.000000,0.000000,0.000000,0.000000
2630,2022-11-02,sh.000912,23960.0815,24741.0772,23756.8133,24347.4347,24038.2702,382343728,36605509117.0000,1.286135,0.000000,0.000000,0.000000,0.000000
2631,2022-11-03,sh.000912,23975.4368,24137.4096,23720.9895,23913.6438,24347.4347,250377275,20679536540.0000,-1.781670,0.000000,0.000000,0.000000,0.000000
2632,2022-11-04,sh.000912,23867.6850,25262.1344,23867.6850,25064.9897,23913.6438,389383929,38252388494.0000,4.814598,0.000000,0.000000,0.000000,0.000000
2633,2022-11-07,sh.000912,24788.0261,25271.9479,24689.1504,25116.2986,25064.9897,293437763,25211328965.0000,0.204703,0.000000,0.000000,0.000000,0.000000
2634,2022-11-08,sh.000912,25103.6587,25284.2775,24488.0212,24697.3151,25116.2986,255826930,21070658641.0000,-1.668174,0.000000,0.000000,0.000000,0.000000
2635,2022-11-09,sh.000912,24647.0734,24777.4063,24198.9334,24294.3310,24697.3151,201994150,17070394354.0000,-1.631692,0.000000,0.000000,0.000000,0.000000
2636,2022-11-10,sh.000912,24092.3348,24631.8306,24016.7674,24548.4416,24294.3310,215575043,18256873184.0000,1.045967,0.000000,0.000000,0.000000,0.000000
2637,2022-11-11,sh.000912,25357.6027,25464.0538,24823.9653,25280.0038,24548.4416,377324665,35584785873.0000,2.980076,0.000000,0.000000,0.000000,0.000000
2638,2022-11-14,sh.000912,25485.7447,25815.9447,25163.2107,25220.1286,25280.0038,346697155,29394167817.0000,-0.236848,0.000000,0.000000,0.000000,0.000000
2639,2022-11-15,sh.000912,25204.0443,26020.9736,25029.0037,25832.1888,25220.1286,307767633,27777779071.0000,2.426872,0.000000,0.000000,0.000000,0.000000
2640,2022-11-16,sh.000912,25740.4365,26095.4055,25621.2703,25823.6604,25832.1888,254007467,19364217279.0000,-0.033015,0.000000,0.000000,0.000000,0.000000
2641,2022-11-17,sh.000912,25802.8062,25945.6378,25388.5507,25600.8671,25823.6604,244684502,19139854034.0000,-0.862749,0.000000,0.000000,0.000000,0.000000
2642,2022-11-18,sh.000912,25688.6590,25825.8416,25461.7194,25567.4631,25600.8671,249677882,17898911470.0000,-0.130480,0.000000,0.000000,0.000000,0.000000
2643,2022-11-21,sh.000912,25187.8130,25187.8130,24703.5426,24963.2771,25567.4631,218062767,20006065010.0000,-2.363105,0.000000,0.000000,0.000000,0.000000
2644,2022-11-22,sh.000912,24955.2126,25447.7266,24898.2632,25081.3393,24963.2771,185341301,15698841094.0000,0.472944,0.000000,0.000000,0.000000,0.000000
2645,2022-11-23,sh.000912,24973.6582,25188.7809,24837.8160,25033.5301,25081.3393,188380136,13873794128.0000,-0.190617,0.000000,0.000000,0.000000,0.000000
2646,2022-11-24,sh.000912,25175.2400,25299.6543,24665.3636,24738.7283,25033.5301,158603026,14666362930.0000,-1.177628,0.000000,0.000000,0.000000,0.000000
2647,2022-11-25,sh.000912,24734.6768,24907.1822,24539.8716,24762.8252,24738.7283,164271981,11944361843.0000,0.097406,0.000000,0.000000,0.000000,0.000000
2648,2022-11-28,sh.000912,24222.5725,24706.9954,23802.2206,24653.3650,24762.8252,241682032,21512493645.0000,-0.442034,0.000000,0.000000,0.000000,0.000000
2649,2022-11-29,sh.000912,25222.3037,25765.6371,25088.1540,25747.0989,24653.3650,297731101,34503807257.0000,4.436449,0.000000,0.000000,0.000000,0.000000
2650,2022-11-30,sh.000912,25608.3657,25943.7529,25583.9417,25764.8452,25747.0989,285198759,21707308014.0000,0.068925,0.000000,0.000000,0.000000,0.000000
2651,2022-12-01,sh.000912,26648.1262,27069.4441,26465.1958,26471.0877,25764.8452,386032035,37064708928.0000,2.741109,0.000000,0.000000,0.000000,0.000000
2652,2022-12-02,sh.000912,26473.1869,26781.6821,26334.7634,26512.7529,26471.0877,314542071,21950035059.0000,0.157399,0.000000,0.000000,0.000000,0.000000
2653,2022-12-05,sh.000912,27060.4539,27170.6235,26828.4918,27014.8342,26512.7529,353586230,27758406433.0000,1.893735,0.000000,0.000000,0.000000,0.000000
2654,2022-12-06,sh.000912,26897.4234,28157.1855,26864.8673,27624.2851,27014.8342,366936844,36527750063.0000,2.255986,0.000000,0.000000,0.000000,0.000000
2655,2022-12-07,sh.000912,27542.5906,28135.4632,27391.0544,27631.0505,27624.2851,329123155,28585993214.0000,0.024491,0.000000,0.000000,0.000000,0.000000
2656,2022-12-08,sh.000912,27568.1015,27700.0375,27331.7006,27566.4959,27631.0505,275093688,19104417009.0000,-0.233631,0.000000,0.000000,0.000000,0.000000
2657,2022-12-09,sh.000912,27597.2353,28258.4856,27417.8878,28258.4856,27566.4959,384861222,33560594959.0000,2.510256,0.000000,0.000000,0.000000,0.000000
2658,2022-12-12,sh.000912,28046.1193,28499.7813,27976.0337,28024.2724,28258.4856,253066198,24339220263.0000,-0.828824,0.000000,0.000000,0.000000,0.000000
2659,2022-12-13,sh.000912,28018.0760,28425.1241,27879.8434,28274.7503,28024.2724,310241479,21079839588.0000,0.893789,0.000000,0.000000,0.000000,0.000000
2660,2022-12-14,sh.000912,28215.0399,28908.2248,28110.4896,28780.5592,28274.7503,284859681,26398450890.0000,1.788907,0.000000,0.000000,0.000000,0.000000
2661,2022-12-15,sh.000912,29041.9606,29209.5478,28581.1896,28685.4262,28780.5592,227940449,22052478979.0000,-0.330546,0.000000,0.000000,0.000000,0.000000
2662,2022-12-16,sh.000912,28502.7197,28789.4474,28274.7636,28771.5366,28685.4262,174304379,18412876656.0000,0.300189,0.000000,0.000000,0.000000,0.000000
2663,2022-12-19,sh.000912,28835.7723,28921.8367,28367.3596,28474.1972,28771.5366,231904733,18057484694.0000,-1.033450,0.000000,0.000000,0.000000,0.000000
2664,2022-12-20,sh.000912,28386.1075,28395.7926,27191.2176,27539.5574,28474.1972,264400977,27874555959.0000,-3.282410,0.000000,0.000000,0.000000,0.000000
2665,2022-12-21,sh.000912,27728.8557,27965.2113,27700.1364,27919.1892,27539.5574,224110919,16926062355.0000,1.378496,0.000000,0.000000,0.000000,0.000000
2666,2022-12-22,sh.000912,28166.0430,28707.6926,28051.2096,28410.9979,27919.1892,274316830,21491729588.0000,1.761544,0.000000,0.000000,0.000000,0.000000
2667,2022-12-23,sh.000912,28187.5614,28745.5542,28060.4447,28516.4956,28410.9979,180958058,16463480689.0000,0.371327,0.000000,0.000000,0.000000,0.000000
2668,2022-12-26,sh.000912,28556.7052,28593.6025,28111.8976,28189.1219,28516.4956,179167796,16124247166.0000,-1.148015,0.000000,0.000000,0.000000,0.000000
2669,2022-12-27,sh.000912,28278.9991,28574.1000,28170.5416,28407.8429,28189.1219,195636329,16942066401.0000,0.775906,0.000000,0.000000,0.000000,0.000000
2670,2022-12-28,sh.000912,28436.8561,28477.2441,28092.2523,28337.1618,28407.8429,178758397,16161149170.0000,-0.248808,0.000000,0.000000,0.000000,0.000000
2671,2022-12-29,sh.000912,28120.8983,28192.1735,27845.4256,28086.3875,28337.1618,164977458,16010692777.0000,-0.884966,0.000000,0.000000,0.000000,0.000000
2672,2022-12-30,sh.000912,28259.8525,28465.1626,28224.1232,28318.1267,28086.3875,188164813,17140826820.0000,0.825094,0.000000,0.000000,0.000000,0.000000
